url,page_type,family,chord_name,observation_status,best_observed_query,best_observed_query_volume,best_query_kd,intent_fit,piano_intent_status,serp_status,product_value,index_decision,query_row_count,positive_query_count,zero_query_count,empty_query_count,user_reported_count,notes
/chords/a-7,detail,Dominant 7,A Dominant Seventh,OBSERVED_100_PLUS,a7 chord,8100,28,UNCHECKED,SERP_UNCHECKED,UNCHECKED,NEEDS_REVIEW,NO_AUTOMATIC_CHANGE,1,1,0,0,0,Volume is max observed single-query estimate. Aliases are not summed. Intent is not VERIFIED_SEO.
/chords/a-add9,detail,Add9,A add9,OBSERVED_1_TO_99,aadd9 chord,90,14,UNCHECKED,SERP_UNCHECKED,UNCHECKED,NEEDS_REVIEW,NO_AUTOMATIC_CHANGE,1,1,0,0,0,Volume is max observed single-query estimate. Aliases are not summed. Intent is not VERIFIED_SEO.
/chords/a-augmented,detail,Augmented,A Augmented,OBSERVED_100_PLUS,a augmented chord,260,11,UNCHECKED,SERP_UNCHECKED,UNCHECKED,NEEDS_REVIEW,NO_AUTOMATIC_CHANGE,1,1,0,0,0,Volume is max observed single-query estimate. Aliases are not summed. Intent is not VERIFIED_SEO.
/chords/a-diminished,detail,Diminished,A Diminished,OBSERVED_100_PLUS,a diminished chord,880,25,UNCHECKED,SERP_UNCHECKED,UNCHECKED,NEEDS_REVIEW,NO_AUTOMATIC_CHANGE,1,1,0,0,0,Volume is max observed single-query estimate. Aliases are not summed. Intent is not VERIFIED_SEO.
/chords/a-flat-7,detail,Dominant 7,A♭ Dominant Seventh,OBSERVED_100_PLUS,ab7 chord,320,12,UNCHECKED,SERP_UNCHECKED,UNCHECKED,NEEDS_REVIEW,NO_AUTOMATIC_CHANGE,1,1,0,0,0,Volume is max observed single-query estimate. Aliases are not summed. Intent is not VERIFIED_SEO.
/chords/a-flat-add9,detail,Add9,A-flat add9,OBSERVED_1_TO_99,abadd9,20,,UNCHECKED,EXPLICIT_PIANO_QUERY_POSITIVE_SERP_UNCHECKED,UNCHECKED,NEEDS_REVIEW,NO_AUTOMATIC_CHANGE,4,2,1,1,0,Volume is max observed single-query estimate. Aliases are not summed. Intent is not VERIFIED_SEO.
/chords/a-flat-augmented,detail,Augmented,A♭ Augmented,OBSERVED_1_TO_99,a flat augmented chord,40,3,UNCHECKED,EXPLICIT_PIANO_QUERY_POSITIVE_SERP_UNCHECKED,UNCHECKED,NEEDS_REVIEW,NO_AUTOMATIC_CHANGE,3,2,1,0,0,Volume is max observed single-query estimate. Aliases are not summed. Intent is not VERIFIED_SEO.
/chords/a-flat-diminished,detail,Diminished,A♭ Diminished,OBSERVED_100_PLUS,a flat diminished chord,170,4,UNCHECKED,SERP_UNCHECKED,UNCHECKED,NEEDS_REVIEW,NO_AUTOMATIC_CHANGE,1,1,0,0,0,Volume is max observed single-query estimate. Aliases are not summed. Intent is not VERIFIED_SEO.
/chords/a-flat-m7,detail,Minor 7,A♭ Minor Seventh,OBSERVED_1_TO_99,abm7 chord,50,4,UNCHECKED,EXPLICIT_PIANO_QUERY_POSITIVE_SERP_UNCHECKED,UNCHECKED,NEEDS_REVIEW,NO_AUTOMATIC_CHANGE,3,3,0,0,0,Volume is max observed single-query estimate. Aliases are not summed. Intent is not VERIFIED_SEO.
/chords/a-flat-m7-flat5,detail,Half-diminished 7,A♭ Half-Diminished Seventh,OBSERVED_1_TO_99,abm7b5 chord,20,,UNCHECKED,SERP_UNCHECKED,UNCHECKED,NEEDS_REVIEW,NO_AUTOMATIC_CHANGE,3,1,1,0,0,Volume is max observed single-query estimate. Aliases are not summed. Intent is not VERIFIED_SEO.
/chords/a-flat-madd9,detail,Minor Add9,A-flat minor add9,NO_NUMERIC_DATA,,,,UNCHECKED,SERP_UNCHECKED,UNCHECKED,NEEDS_REVIEW,NO_AUTOMATIC_CHANGE,5,0,0,1,2,Volume is max observed single-query estimate. Aliases are not summed. Intent is not VERIFIED_SEO.
/chords/a-flat-maj7,detail,Major 7,A♭ Major Seventh,OBSERVED_100_PLUS,abmaj7 chord,140,6,UNCHECKED,SERP_UNCHECKED,UNCHECKED,NEEDS_REVIEW,NO_AUTOMATIC_CHANGE,1,1,0,0,0,Volume is max observed single-query estimate. Aliases are not summed. Intent is not VERIFIED_SEO.
/chords/a-flat-sus2,detail,Sus2,A♭ Suspended 2nd,OBSERVED_1_TO_99,absus2,20,,UNCHECKED,EXPLICIT_PIANO_QUERY_POSITIVE_SERP_UNCHECKED,UNCHECKED,NEEDS_REVIEW,NO_AUTOMATIC_CHANGE,4,3,0,1,0,Volume is max observed single-query estimate. Aliases are not summed. Intent is not VERIFIED_SEO.
/chords/a-flat-sus4,detail,Sus4,A♭ Suspended 4th,OBSERVED_1_TO_99,absus4,20,,UNCHECKED,EXPLICIT_PIANO_QUERY_POSITIVE_SERP_UNCHECKED,UNCHECKED,NEEDS_REVIEW,NO_AUTOMATIC_CHANGE,4,3,0,1,0,Volume is max observed single-query estimate. Aliases are not summed. Intent is not VERIFIED_SEO.
/chords/a-m7,detail,Minor 7,A Minor Seventh,OBSERVED_100_PLUS,am7 chord,3600,29,UNCHECKED,SERP_UNCHECKED,UNCHECKED,NEEDS_REVIEW,NO_AUTOMATIC_CHANGE,1,1,0,0,0,Volume is max observed single-query estimate. Aliases are not summed. Intent is not VERIFIED_SEO.
/chords/a-m7-flat5,detail,Half-diminished 7,A Half-Diminished Seventh,OBSERVED_1_TO_99,a half diminished chord,50,2,UNCHECKED,SERP_UNCHECKED,UNCHECKED,NEEDS_REVIEW,NO_AUTOMATIC_CHANGE,2,2,0,0,0,Volume is max observed single-query estimate. Aliases are not summed. Intent is not VERIFIED_SEO.
/chords/a-madd9,detail,Minor Add9,A minor add9,OBSERVED_1_TO_99,am(add9) piano,20,,UNCHECKED,EXPLICIT_PIANO_QUERY_POSITIVE_SERP_UNCHECKED,UNCHECKED,NEEDS_REVIEW,NO_AUTOMATIC_CHANGE,4,2,0,1,1,Volume is max observed single-query estimate. Aliases are not summed. Intent is not VERIFIED_SEO.
/chords/a-maj7,detail,Major 7,A Major Seventh,OBSERVED_100_PLUS,amaj7 chord,480,14,UNCHECKED,SERP_UNCHECKED,UNCHECKED,NEEDS_REVIEW,NO_AUTOMATIC_CHANGE,1,1,0,0,0,Volume is max observed single-query estimate. Aliases are not summed. Intent is not VERIFIED_SEO.
/chords/a-sus2,detail,Sus2,A Suspended 2nd,OBSERVED_100_PLUS,asus2 chord,720,19,UNCHECKED,EXPLICIT_PIANO_QUERY_POSITIVE_SERP_UNCHECKED,UNCHECKED,NEEDS_REVIEW,NO_AUTOMATIC_CHANGE,2,2,0,0,0,Volume is max observed single-query estimate. Aliases are not summed. Intent is not VERIFIED_SEO.
/chords/a-sus4,detail,Sus4,A Suspended 4th,OBSERVED_100_PLUS,asus4 chord,590,15,UNCHECKED,EXPLICIT_PIANO_QUERY_POSITIVE_SERP_UNCHECKED,UNCHECKED,NEEDS_REVIEW,NO_AUTOMATIC_CHANGE,2,2,0,0,0,Volume is max observed single-query estimate. Aliases are not summed. Intent is not VERIFIED_SEO.
/chords/b-7,detail,Dominant 7,B Dominant Seventh,OBSERVED_100_PLUS,b7 chord,9900,27,UNCHECKED,EXPLICIT_PIANO_QUERY_POSITIVE_SERP_UNCHECKED,UNCHECKED,NEEDS_REVIEW,NO_AUTOMATIC_CHANGE,2,2,0,0,0,Volume is max observed single-query estimate. Aliases are not summed. Intent is not VERIFIED_SEO.
/chords/b-add9,detail,Add9,B add9,OBSERVED_1_TO_99,b add9 chord,20,,UNCHECKED,EXPLICIT_PIANO_QUERY_POSITIVE_SERP_UNCHECKED,UNCHECKED,NEEDS_REVIEW,NO_AUTOMATIC_CHANGE,3,3,0,0,0,Volume is max observed single-query estimate. Aliases are not summed. Intent is not VERIFIED_SEO.
/chords/b-augmented,detail,Augmented,B Augmented,OBSERVED_100_PLUS,b augmented chord,210,14,UNCHECKED,SERP_UNCHECKED,UNCHECKED,NEEDS_REVIEW,NO_AUTOMATIC_CHANGE,1,1,0,0,0,Volume is max observed single-query estimate. Aliases are not summed. Intent is not VERIFIED_SEO.
/chords/b-diminished,detail,Diminished,B Diminished,OBSERVED_100_PLUS,b diminished chord,1900,6,UNCHECKED,EXPLICIT_PIANO_QUERY_POSITIVE_SERP_UNCHECKED,UNCHECKED,NEEDS_REVIEW,NO_AUTOMATIC_CHANGE,2,2,0,0,0,Volume is max observed single-query estimate. Aliases are not summed. Intent is not VERIFIED_SEO.
/chords/b-flat-7,detail,Dominant 7,B♭ Dominant Seventh,OBSERVED_100_PLUS,bb7 chord,590,19,UNCHECKED,SERP_UNCHECKED,UNCHECKED,NEEDS_REVIEW,NO_AUTOMATIC_CHANGE,1,1,0,0,0,Volume is max observed single-query estimate. Aliases are not summed. Intent is not VERIFIED_SEO.
/chords/b-flat-add9,detail,Add9,B-flat add9,OBSERVED_1_TO_99,bbadd9 chord,20,,UNCHECKED,EXPLICIT_PIANO_QUERY_POSITIVE_SERP_UNCHECKED,UNCHECKED,NEEDS_REVIEW,NO_AUTOMATIC_CHANGE,3,2,0,1,0,Volume is max observed single-query estimate. Aliases are not summed. Intent is not VERIFIED_SEO.
/chords/b-flat-augmented,detail,Augmented,B♭ Augmented,OBSERVED_1_TO_99,b flat augmented chord,90,9,UNCHECKED,EXPLICIT_PIANO_QUERY_POSITIVE_SERP_UNCHECKED,UNCHECKED,NEEDS_REVIEW,NO_AUTOMATIC_CHANGE,3,3,0,0,0,Volume is max observed single-query estimate. Aliases are not summed. Intent is not VERIFIED_SEO.
/chords/b-flat-diminished,detail,Diminished,B♭ Diminished,OBSERVED_100_PLUS,b flat diminished chord,480,7,UNCHECKED,SERP_UNCHECKED,UNCHECKED,NEEDS_REVIEW,NO_AUTOMATIC_CHANGE,1,1,0,0,0,Volume is max observed single-query estimate. Aliases are not summed. Intent is not VERIFIED_SEO.
/chords/b-flat-m7,detail,Minor 7,B♭ Minor Seventh,OBSERVED_100_PLUS,bbm7 chord,140,6,UNCHECKED,SERP_UNCHECKED,UNCHECKED,NEEDS_REVIEW,NO_AUTOMATIC_CHANGE,1,1,0,0,0,Volume is max observed single-query estimate. Aliases are not summed. Intent is not VERIFIED_SEO.
/chords/b-flat-m7-flat5,detail,Half-diminished 7,B♭ Half-Diminished Seventh,OBSERVED_1_TO_99,b flat half diminished chord,20,,UNCHECKED,SERP_UNCHECKED,UNCHECKED,NEEDS_REVIEW,NO_AUTOMATIC_CHANGE,4,3,0,0,0,Volume is max observed single-query estimate. Aliases are not summed. Intent is not VERIFIED_SEO.
/chords/b-flat-madd9,detail,Minor Add9,B-flat minor add9,NO_NUMERIC_DATA,,,,UNCHECKED,SERP_UNCHECKED,UNCHECKED,NEEDS_REVIEW,NO_AUTOMATIC_CHANGE,5,0,0,1,2,Volume is max observed single-query estimate. Aliases are not summed. Intent is not VERIFIED_SEO.
/chords/b-flat-maj7,detail,Major 7,B♭ Major Seventh,OBSERVED_100_PLUS,bbmaj7 chord,170,10,UNCHECKED,SERP_UNCHECKED,UNCHECKED,NEEDS_REVIEW,NO_AUTOMATIC_CHANGE,1,1,0,0,0,Volume is max observed single-query estimate. Aliases are not summed. Intent is not VERIFIED_SEO.
/chords/b-flat-major,detail,Major,B-flat Major,OBSERVED_100_PLUS,b flat major chord,1900,24,UNCHECKED,SERP_UNCHECKED,UNCHECKED,NEEDS_REVIEW,NO_AUTOMATIC_CHANGE,1,1,0,0,0,Volume is max observed single-query estimate. Aliases are not summed. Intent is not VERIFIED_SEO.
/chords/b-flat-minor,detail,Minor,B-flat Minor,OBSERVED_100_PLUS,b flat minor chord,1000,17,UNCHECKED,SERP_UNCHECKED,UNCHECKED,NEEDS_REVIEW,NO_AUTOMATIC_CHANGE,1,1,0,0,0,Volume is max observed single-query estimate. Aliases are not summed. Intent is not VERIFIED_SEO.
/chords/b-flat-sus2,detail,Sus2,B♭ Suspended 2nd,OBSERVED_1_TO_99,b flat sus2 chord,20,,UNCHECKED,EXPLICIT_PIANO_QUERY_POSITIVE_SERP_UNCHECKED,UNCHECKED,NEEDS_REVIEW,NO_AUTOMATIC_CHANGE,3,3,0,0,0,Volume is max observed single-query estimate. Aliases are not summed. Intent is not VERIFIED_SEO.
/chords/b-flat-sus4,detail,Sus4,B♭ Suspended 4th,OBSERVED_1_TO_99,bbsus4 chord,20,,UNCHECKED,EXPLICIT_PIANO_QUERY_POSITIVE_SERP_UNCHECKED,UNCHECKED,NEEDS_REVIEW,NO_AUTOMATIC_CHANGE,3,2,0,1,0,Volume is max observed single-query estimate. Aliases are not summed. Intent is not VERIFIED_SEO.
/chords/b-m7,detail,Minor 7,B Minor Seventh,OBSERVED_100_PLUS,bm7 chord,2400,16,UNCHECKED,SERP_UNCHECKED,UNCHECKED,NEEDS_REVIEW,NO_AUTOMATIC_CHANGE,1,1,0,0,0,Volume is max observed single-query estimate. Aliases are not summed. Intent is not VERIFIED_SEO.
/chords/b-m7-flat5,detail,Half-diminished 7,B Half-Diminished Seventh,OBSERVED_100_PLUS,b half diminished chord,110,6,UNCHECKED,SERP_UNCHECKED,UNCHECKED,NEEDS_REVIEW,NO_AUTOMATIC_CHANGE,2,2,0,0,0,Volume is max observed single-query estimate. Aliases are not summed. Intent is not VERIFIED_SEO.
/chords/b-madd9,detail,Minor Add9,B minor add9,OBSERVED_1_TO_99,bmadd9,30,,UNCHECKED,EXPLICIT_PIANO_QUERY_POSITIVE_SERP_UNCHECKED,UNCHECKED,NEEDS_REVIEW,NO_AUTOMATIC_CHANGE,5,2,1,1,1,Volume is max observed single-query estimate. Aliases are not summed. Intent is not VERIFIED_SEO.
/chords/b-maj7,detail,Major 7,B Major Seventh,OBSERVED_100_PLUS,bmaj7 chord,210,10,UNCHECKED,SERP_UNCHECKED,UNCHECKED,NEEDS_REVIEW,NO_AUTOMATIC_CHANGE,1,1,0,0,0,Volume is max observed single-query estimate. Aliases are not summed. Intent is not VERIFIED_SEO.
/chords/b-minor,detail,Minor,B Minor,OBSERVED_100_PLUS,b minor chord,18100,28,UNCHECKED,EXPLICIT_PIANO_QUERY_POSITIVE_SERP_UNCHECKED,UNCHECKED,NEEDS_REVIEW,NO_AUTOMATIC_CHANGE,2,2,0,0,0,Volume is max observed single-query estimate. Aliases are not summed. Intent is not VERIFIED_SEO.
/chords/b-sus2,detail,Sus2,B Suspended 2nd,OBSERVED_100_PLUS,bsus2 chord,110,10,UNCHECKED,SERP_UNCHECKED,UNCHECKED,NEEDS_REVIEW,NO_AUTOMATIC_CHANGE,1,1,0,0,0,Volume is max observed single-query estimate. Aliases are not summed. Intent is not VERIFIED_SEO.
/chords/b-sus4,detail,Sus4,B Suspended 4th,OBSERVED_100_PLUS,bsus4 chord,140,7,UNCHECKED,SERP_UNCHECKED,UNCHECKED,NEEDS_REVIEW,NO_AUTOMATIC_CHANGE,1,1,0,0,0,Volume is max observed single-query estimate. Aliases are not summed. Intent is not VERIFIED_SEO.
/chords/c-7,detail,Dominant 7,C Dominant Seventh,OBSERVED_100_PLUS,c7 chord,5400,18,UNCHECKED,EXPLICIT_PIANO_QUERY_POSITIVE_SERP_UNCHECKED,UNCHECKED,NEEDS_REVIEW,NO_AUTOMATIC_CHANGE,2,2,0,0,0,Volume is max observed single-query estimate. Aliases are not summed. Intent is not VERIFIED_SEO.
/chords/c-add9,detail,Add9,C add9,OBSERVED_100_PLUS,cadd9,4400,26,UNCHECKED,EXPLICIT_PIANO_QUERY_POSITIVE_SERP_UNCHECKED,UNCHECKED,NEEDS_REVIEW,NO_AUTOMATIC_CHANGE,3,3,0,0,0,Volume is max observed single-query estimate. Aliases are not summed. Intent is not VERIFIED_SEO.
/chords/c-augmented,detail,Augmented,C Augmented,OBSERVED_100_PLUS,c augmented chord,590,4,UNCHECKED,EXPLICIT_PIANO_QUERY_POSITIVE_SERP_UNCHECKED,UNCHECKED,NEEDS_REVIEW,NO_AUTOMATIC_CHANGE,2,2,0,0,0,Volume is max observed single-query estimate. Aliases are not summed. Intent is not VERIFIED_SEO.
/chords/c-diminished,detail,Diminished,C Diminished,OBSERVED_100_PLUS,c diminished chord,1600,8,UNCHECKED,EXPLICIT_PIANO_QUERY_POSITIVE_SERP_UNCHECKED,UNCHECKED,NEEDS_REVIEW,NO_AUTOMATIC_CHANGE,2,2,0,0,0,Volume is max observed single-query estimate. Aliases are not summed. Intent is not VERIFIED_SEO.
/chords/c-m7,detail,Minor 7,C Minor Seventh,OBSERVED_100_PLUS,cm7 chord,1000,21,UNCHECKED,EXPLICIT_PIANO_QUERY_POSITIVE_SERP_UNCHECKED,UNCHECKED,NEEDS_REVIEW,NO_AUTOMATIC_CHANGE,2,2,0,0,0,Volume is max observed single-query estimate. Aliases are not summed. Intent is not VERIFIED_SEO.
/chords/c-m7-flat5,detail,Half-diminished 7,C Half-Diminished Seventh,OBSERVED_1_TO_99,c half diminished chord,20,,UNCHECKED,EXPLICIT_PIANO_QUERY_POSITIVE_SERP_UNCHECKED,UNCHECKED,NEEDS_REVIEW,NO_AUTOMATIC_CHANGE,3,3,0,0,0,Volume is max observed single-query estimate. Aliases are not summed. Intent is not VERIFIED_SEO.
/chords/c-madd9,detail,Minor Add9,C minor add9,OBSERVED_1_TO_99,cmadd9,30,,UNCHECKED,EXPLICIT_PIANO_QUERY_POSITIVE_SERP_UNCHECKED,UNCHECKED,NEEDS_REVIEW,NO_AUTOMATIC_CHANGE,5,2,3,0,0,Volume is max observed single-query estimate. Aliases are not summed. Intent is not VERIFIED_SEO.
/chords/c-maj7,detail,Major 7,C Major Seventh,OBSERVED_100_PLUS,cmaj7 chord,2900,20,UNCHECKED,EXPLICIT_PIANO_QUERY_POSITIVE_SERP_UNCHECKED,UNCHECKED,NEEDS_REVIEW,NO_AUTOMATIC_CHANGE,2,2,0,0,0,Volume is max observed single-query estimate. Aliases are not summed. Intent is not VERIFIED_SEO.
/chords/c-sharp-minor,detail,Minor,C-sharp Minor,OBSERVED_100_PLUS,c sharp minor chord,1600,15,UNCHECKED,SERP_UNCHECKED,UNCHECKED,NEEDS_REVIEW,NO_AUTOMATIC_CHANGE,1,1,0,0,0,Volume is max observed single-query estimate. Aliases are not summed. Intent is not VERIFIED_SEO.
/chords/c-sus2,detail,Sus2,C Suspended 2nd,OBSERVED_100_PLUS,csus2 chord,260,7,UNCHECKED,SERP_UNCHECKED,UNCHECKED,NEEDS_REVIEW,NO_AUTOMATIC_CHANGE,1,1,0,0,0,Volume is max observed single-query estimate. Aliases are not summed. Intent is not VERIFIED_SEO.
/chords/c-sus4,detail,Sus4,C Suspended 4th,OBSERVED_100_PLUS,csus4 chord,210,10,UNCHECKED,SERP_UNCHECKED,UNCHECKED,NEEDS_REVIEW,NO_AUTOMATIC_CHANGE,1,1,0,0,0,Volume is max observed single-query estimate. Aliases are not summed. Intent is not VERIFIED_SEO.
/chords/d-7,detail,Dominant 7,D Dominant Seventh,OBSERVED_100_PLUS,d7 chord,6600,24,UNCHECKED,EXPLICIT_PIANO_QUERY_POSITIVE_SERP_UNCHECKED,UNCHECKED,NEEDS_REVIEW,NO_AUTOMATIC_CHANGE,2,2,0,0,0,Volume is max observed single-query estimate. Aliases are not summed. Intent is not VERIFIED_SEO.
/chords/d-add9,detail,Add9,D add9,OBSERVED_100_PLUS,dadd9 chord,140,6,UNCHECKED,SERP_UNCHECKED,UNCHECKED,NEEDS_REVIEW,NO_AUTOMATIC_CHANGE,1,1,0,0,0,Volume is max observed single-query estimate. Aliases are not summed. Intent is not VERIFIED_SEO.
/chords/d-augmented,detail,Augmented,D Augmented,OBSERVED_100_PLUS,d augmented chord,390,10,UNCHECKED,SERP_UNCHECKED,UNCHECKED,NEEDS_REVIEW,NO_AUTOMATIC_CHANGE,1,1,0,0,0,Volume is max observed single-query estimate. Aliases are not summed. Intent is not VERIFIED_SEO.
/chords/d-diminished,detail,Diminished,D Diminished,OBSERVED_100_PLUS,d diminished chord,880,8,UNCHECKED,SERP_UNCHECKED,UNCHECKED,NEEDS_REVIEW,NO_AUTOMATIC_CHANGE,1,1,0,0,0,Volume is max observed single-query estimate. Aliases are not summed. Intent is not VERIFIED_SEO.
/chords/d-flat-7,detail,Dominant 7,D♭ Dominant Seventh,OBSERVED_100_PLUS,db7 chord,260,7,UNCHECKED,SERP_UNCHECKED,UNCHECKED,NEEDS_REVIEW,NO_AUTOMATIC_CHANGE,1,1,0,0,0,Volume is max observed single-query estimate. Aliases are not summed. Intent is not VERIFIED_SEO.
/chords/d-flat-add9,detail,Add9,D-flat add9,OBSERVED_1_TO_99,dbadd9,20,,UNCHECKED,EXPLICIT_PIANO_QUERY_POSITIVE_SERP_UNCHECKED,UNCHECKED,NEEDS_REVIEW,NO_AUTOMATIC_CHANGE,4,2,0,1,1,Volume is max observed single-query estimate. Aliases are not summed. Intent is not VERIFIED_SEO.
/chords/d-flat-augmented,detail,Augmented,D♭ Augmented,OBSERVED_1_TO_99,d flat augmented chord,20,,UNCHECKED,EXPLICIT_PIANO_QUERY_POSITIVE_SERP_UNCHECKED,UNCHECKED,NEEDS_REVIEW,NO_AUTOMATIC_CHANGE,3,2,1,0,0,Volume is max observed single-query estimate. Aliases are not summed. Intent is not VERIFIED_SEO.
/chords/d-flat-diminished,detail,Diminished,D♭ Diminished,OBSERVED_1_TO_99,d flat diminished chord,90,4,UNCHECKED,EXPLICIT_PIANO_QUERY_POSITIVE_SERP_UNCHECKED,UNCHECKED,NEEDS_REVIEW,NO_AUTOMATIC_CHANGE,3,3,0,0,0,Volume is max observed single-query estimate. Aliases are not summed. Intent is not VERIFIED_SEO.
/chords/d-flat-m7,detail,Minor 7,D♭ Minor Seventh,OBSERVED_1_TO_99,d flat minor 7 chord,20,,UNCHECKED,EXPLICIT_PIANO_QUERY_POSITIVE_SERP_UNCHECKED,UNCHECKED,NEEDS_REVIEW,NO_AUTOMATIC_CHANGE,3,3,0,0,0,Volume is max observed single-query estimate. Aliases are not summed. Intent is not VERIFIED_SEO.
/chords/d-flat-m7-flat5,detail,Half-diminished 7,D♭ Half-Diminished Seventh,ZERO_OBSERVED_ONLY,dbm7b5 piano,0,,UNCHECKED,SERP_UNCHECKED,UNCHECKED,NEEDS_REVIEW,NO_AUTOMATIC_CHANGE,4,0,1,2,0,Volume is max observed single-query estimate. Aliases are not summed. Intent is not VERIFIED_SEO.
/chords/d-flat-madd9,detail,Minor Add9,D-flat minor add9,NO_NUMERIC_DATA,,,,UNCHECKED,SERP_UNCHECKED,UNCHECKED,NEEDS_REVIEW,NO_AUTOMATIC_CHANGE,5,0,0,1,2,Volume is max observed single-query estimate. Aliases are not summed. Intent is not VERIFIED_SEO.
/chords/d-flat-maj7,detail,Major 7,D♭ Major Seventh,OBSERVED_1_TO_99,dbmaj7 chord,40,5,UNCHECKED,SERP_UNCHECKED,UNCHECKED,NEEDS_REVIEW,NO_AUTOMATIC_CHANGE,1,1,0,0,0,Volume is max observed single-query estimate. Aliases are not summed. Intent is not VERIFIED_SEO.
/chords/d-flat-major,detail,Major,D-flat Major,OBSERVED_100_PLUS,d flat major chord,880,7,UNCHECKED,SERP_UNCHECKED,UNCHECKED,NEEDS_REVIEW,NO_AUTOMATIC_CHANGE,1,1,0,0,0,Volume is max observed single-query estimate. Aliases are not summed. Intent is not VERIFIED_SEO.
/chords/d-flat-sus2,detail,Sus2,D♭ Suspended 2nd,OBSERVED_1_TO_99,dbsus2,20,,UNCHECKED,SERP_UNCHECKED,UNCHECKED,NEEDS_REVIEW,NO_AUTOMATIC_CHANGE,4,1,0,1,1,Volume is max observed single-query estimate. Aliases are not summed. Intent is not VERIFIED_SEO.
/chords/d-flat-sus4,detail,Sus4,D♭ Suspended 4th,OBSERVED_1_TO_99,dbsus4,20,,UNCHECKED,EXPLICIT_PIANO_QUERY_POSITIVE_SERP_UNCHECKED,UNCHECKED,NEEDS_REVIEW,NO_AUTOMATIC_CHANGE,4,2,1,0,1,Volume is max observed single-query estimate. Aliases are not summed. Intent is not VERIFIED_SEO.
/chords/d-m7,detail,Minor 7,D Minor Seventh,OBSERVED_100_PLUS,dm7 chord,3600,17,UNCHECKED,SERP_UNCHECKED,UNCHECKED,NEEDS_REVIEW,NO_AUTOMATIC_CHANGE,1,1,0,0,0,Volume is max observed single-query estimate. Aliases are not summed. Intent is not VERIFIED_SEO.
/chords/d-m7-flat5,detail,Half-diminished 7,D Half-Diminished Seventh,OBSERVED_100_PLUS,d half diminished chord,110,8,UNCHECKED,SERP_UNCHECKED,UNCHECKED,NEEDS_REVIEW,NO_AUTOMATIC_CHANGE,2,2,0,0,0,Volume is max observed single-query estimate. Aliases are not summed. Intent is not VERIFIED_SEO.
/chords/d-madd9,detail,Minor Add9,D minor add9,OBSERVED_1_TO_99,dm(add9) piano,20,,UNCHECKED,EXPLICIT_PIANO_QUERY_POSITIVE_SERP_UNCHECKED,UNCHECKED,NEEDS_REVIEW,NO_AUTOMATIC_CHANGE,4,2,0,1,1,Volume is max observed single-query estimate. Aliases are not summed. Intent is not VERIFIED_SEO.
/chords/d-maj7,detail,Major 7,D Major Seventh,OBSERVED_100_PLUS,dmaj7 chord,720,12,UNCHECKED,SERP_UNCHECKED,UNCHECKED,NEEDS_REVIEW,NO_AUTOMATIC_CHANGE,1,1,0,0,0,Volume is max observed single-query estimate. Aliases are not summed. Intent is not VERIFIED_SEO.
/chords/d-major,detail,Major,D Major,OBSERVED_100_PLUS,d major chord,4400,25,UNCHECKED,SERP_UNCHECKED,UNCHECKED,NEEDS_REVIEW,NO_AUTOMATIC_CHANGE,1,1,0,0,0,Volume is max observed single-query estimate. Aliases are not summed. Intent is not VERIFIED_SEO.
/chords/d-minor,detail,Minor,D Minor,OBSERVED_100_PLUS,d minor chord,12100,15,UNCHECKED,EXPLICIT_PIANO_QUERY_POSITIVE_SERP_UNCHECKED,UNCHECKED,NEEDS_REVIEW,NO_AUTOMATIC_CHANGE,2,2,0,0,0,Volume is max observed single-query estimate. Aliases are not summed. Intent is not VERIFIED_SEO.
/chords/d-sus2,detail,Sus2,D Suspended 2nd,OBSERVED_100_PLUS,dsus2 chord,390,7,UNCHECKED,SERP_UNCHECKED,UNCHECKED,NEEDS_REVIEW,NO_AUTOMATIC_CHANGE,1,1,0,0,0,Volume is max observed single-query estimate. Aliases are not summed. Intent is not VERIFIED_SEO.
/chords/d-sus4,detail,Sus4,D Suspended 4th,OBSERVED_100_PLUS,dsus4 chord,390,8,UNCHECKED,SERP_UNCHECKED,UNCHECKED,NEEDS_REVIEW,NO_AUTOMATIC_CHANGE,1,1,0,0,0,Volume is max observed single-query estimate. Aliases are not summed. Intent is not VERIFIED_SEO.
/chords/e-7,detail,Dominant 7,E Dominant Seventh,OBSERVED_100_PLUS,e7 chord,6600,22,UNCHECKED,SERP_UNCHECKED,UNCHECKED,NEEDS_REVIEW,NO_AUTOMATIC_CHANGE,1,1,0,0,0,Volume is max observed single-query estimate. Aliases are not summed. Intent is not VERIFIED_SEO.
/chords/e-add9,detail,Add9,E add9,OBSERVED_1_TO_99,eadd9 chord,30,,UNCHECKED,SERP_UNCHECKED,UNCHECKED,NEEDS_REVIEW,NO_AUTOMATIC_CHANGE,1,1,0,0,0,Volume is max observed single-query estimate. Aliases are not summed. Intent is not VERIFIED_SEO.
/chords/e-augmented,detail,Augmented,E Augmented,OBSERVED_100_PLUS,e augmented chord,320,6,UNCHECKED,SERP_UNCHECKED,UNCHECKED,NEEDS_REVIEW,NO_AUTOMATIC_CHANGE,1,1,0,0,0,Volume is max observed single-query estimate. Aliases are not summed. Intent is not VERIFIED_SEO.
/chords/e-diminished,detail,Diminished,E Diminished,OBSERVED_100_PLUS,e diminished chord,1300,8,UNCHECKED,SERP_UNCHECKED,UNCHECKED,NEEDS_REVIEW,NO_AUTOMATIC_CHANGE,1,1,0,0,0,Volume is max observed single-query estimate. Aliases are not summed. Intent is not VERIFIED_SEO.
/chords/e-flat-7,detail,Dominant 7,E♭ Dominant Seventh,OBSERVED_100_PLUS,eb7 chord,390,7,UNCHECKED,SERP_UNCHECKED,UNCHECKED,NEEDS_REVIEW,NO_AUTOMATIC_CHANGE,1,1,0,0,0,Volume is max observed single-query estimate. Aliases are not summed. Intent is not VERIFIED_SEO.
/chords/e-flat-add9,detail,Add9,E-flat add9,OBSERVED_1_TO_99,ebadd9 chord,20,,UNCHECKED,EXPLICIT_PIANO_QUERY_POSITIVE_SERP_UNCHECKED,UNCHECKED,NEEDS_REVIEW,NO_AUTOMATIC_CHANGE,3,2,0,1,0,Volume is max observed single-query estimate. Aliases are not summed. Intent is not VERIFIED_SEO.
/chords/e-flat-augmented,detail,Augmented,E♭ Augmented,OBSERVED_1_TO_99,e flat augmented chord,70,2,UNCHECKED,EXPLICIT_PIANO_QUERY_POSITIVE_SERP_UNCHECKED,UNCHECKED,NEEDS_REVIEW,NO_AUTOMATIC_CHANGE,3,3,0,0,0,Volume is max observed single-query estimate. Aliases are not summed. Intent is not VERIFIED_SEO.
/chords/e-flat-diminished,detail,Diminished,E♭ Diminished,OBSERVED_100_PLUS,e flat diminished chord,390,6,UNCHECKED,SERP_UNCHECKED,UNCHECKED,NEEDS_REVIEW,NO_AUTOMATIC_CHANGE,1,1,0,0,0,Volume is max observed single-query estimate. Aliases are not summed. Intent is not VERIFIED_SEO.
/chords/e-flat-m7,detail,Minor 7,E♭ Minor Seventh,OBSERVED_100_PLUS,ebm7 chord,140,5,UNCHECKED,SERP_UNCHECKED,UNCHECKED,NEEDS_REVIEW,NO_AUTOMATIC_CHANGE,1,1,0,0,0,Volume is max observed single-query estimate. Aliases are not summed. Intent is not VERIFIED_SEO.
/chords/e-flat-m7-flat5,detail,Half-diminished 7,E♭ Half-Diminished Seventh,OBSERVED_1_TO_99,ebm7b5,20,,UNCHECKED,SERP_UNCHECKED,UNCHECKED,NEEDS_REVIEW,NO_AUTOMATIC_CHANGE,4,2,2,0,0,Volume is max observed single-query estimate. Aliases are not summed. Intent is not VERIFIED_SEO.
/chords/e-flat-madd9,detail,Minor Add9,E-flat minor add9,OBSERVED_1_TO_99,ebmadd9,20,,UNCHECKED,SERP_UNCHECKED,UNCHECKED,NEEDS_REVIEW,NO_AUTOMATIC_CHANGE,5,1,0,1,2,Volume is max observed single-query estimate. Aliases are not summed. Intent is not VERIFIED_SEO.
/chords/e-flat-maj7,detail,Major 7,E♭ Major Seventh,OBSERVED_100_PLUS,ebmaj7 chord,170,13,UNCHECKED,SERP_UNCHECKED,UNCHECKED,NEEDS_REVIEW,NO_AUTOMATIC_CHANGE,1,1,0,0,0,Volume is max observed single-query estimate. Aliases are not summed. Intent is not VERIFIED_SEO.
/chords/e-flat-major,detail,Major,E-flat Major,OBSERVED_100_PLUS,e flat major chord,1900,20,UNCHECKED,SERP_UNCHECKED,UNCHECKED,NEEDS_REVIEW,NO_AUTOMATIC_CHANGE,1,1,0,0,0,Volume is max observed single-query estimate. Aliases are not summed. Intent is not VERIFIED_SEO.
/chords/e-flat-minor,detail,Minor,E-flat Minor,OBSERVED_100_PLUS,e flat minor chord,590,13,UNCHECKED,SERP_UNCHECKED,UNCHECKED,NEEDS_REVIEW,NO_AUTOMATIC_CHANGE,1,1,0,0,0,Volume is max observed single-query estimate. Aliases are not summed. Intent is not VERIFIED_SEO.
/chords/e-flat-sus2,detail,Sus2,E♭ Suspended 2nd,OBSERVED_1_TO_99,ebsus2,20,,UNCHECKED,EXPLICIT_PIANO_QUERY_POSITIVE_SERP_UNCHECKED,UNCHECKED,NEEDS_REVIEW,NO_AUTOMATIC_CHANGE,4,3,1,0,0,Volume is max observed single-query estimate. Aliases are not summed. Intent is not VERIFIED_SEO.
/chords/e-flat-sus4,detail,Sus4,E♭ Suspended 4th,OBSERVED_1_TO_99,ebsus4,20,,UNCHECKED,EXPLICIT_PIANO_QUERY_POSITIVE_SERP_UNCHECKED,UNCHECKED,NEEDS_REVIEW,NO_AUTOMATIC_CHANGE,4,3,0,1,0,Volume is max observed single-query estimate. Aliases are not summed. Intent is not VERIFIED_SEO.
/chords/e-m7,detail,Minor 7,E Minor Seventh,OBSERVED_100_PLUS,em7 chord,3600,12,UNCHECKED,SERP_UNCHECKED,UNCHECKED,NEEDS_REVIEW,NO_AUTOMATIC_CHANGE,1,1,0,0,0,Volume is max observed single-query estimate. Aliases are not summed. Intent is not VERIFIED_SEO.
/chords/e-m7-flat5,detail,Half-diminished 7,E Half-Diminished Seventh,OBSERVED_1_TO_99,e half diminished chord,20,,UNCHECKED,EXPLICIT_PIANO_QUERY_POSITIVE_SERP_UNCHECKED,UNCHECKED,NEEDS_REVIEW,NO_AUTOMATIC_CHANGE,3,3,0,0,0,Volume is max observed single-query estimate. Aliases are not summed. Intent is not VERIFIED_SEO.
/chords/e-madd9,detail,Minor Add9,E minor add9,OBSERVED_1_TO_99,emadd9 chord,20,,UNCHECKED,SERP_UNCHECKED,UNCHECKED,NEEDS_REVIEW,NO_AUTOMATIC_CHANGE,3,1,0,1,1,Volume is max observed single-query estimate. Aliases are not summed. Intent is not VERIFIED_SEO.
/chords/e-maj7,detail,Major 7,E Major Seventh,OBSERVED_100_PLUS,emaj7 chord,320,10,UNCHECKED,SERP_UNCHECKED,UNCHECKED,NEEDS_REVIEW,NO_AUTOMATIC_CHANGE,1,1,0,0,0,Volume is max observed single-query estimate. Aliases are not summed. Intent is not VERIFIED_SEO.
/chords/e-minor,detail,Minor,E Minor,OBSERVED_100_PLUS,e minor chord,12100,22,UNCHECKED,SERP_UNCHECKED,UNCHECKED,NEEDS_REVIEW,NO_AUTOMATIC_CHANGE,1,1,0,0,0,Volume is max observed single-query estimate. Aliases are not summed. Intent is not VERIFIED_SEO.
/chords/e-sus2,detail,Sus2,E Suspended 2nd,OBSERVED_1_TO_99,esus2 chord,90,5,UNCHECKED,SERP_UNCHECKED,UNCHECKED,NEEDS_REVIEW,NO_AUTOMATIC_CHANGE,1,1,0,0,0,Volume is max observed single-query estimate. Aliases are not summed. Intent is not VERIFIED_SEO.
/chords/e-sus4,detail,Sus4,E Suspended 4th,OBSERVED_100_PLUS,esus4 chord,210,11,UNCHECKED,SERP_UNCHECKED,UNCHECKED,NEEDS_REVIEW,NO_AUTOMATIC_CHANGE,1,1,0,0,0,Volume is max observed single-query estimate. Aliases are not summed. Intent is not VERIFIED_SEO.
/chords/f-7,detail,Dominant 7,F Dominant Seventh,OBSERVED_100_PLUS,f7 chord,2400,13,UNCHECKED,SERP_UNCHECKED,UNCHECKED,NEEDS_REVIEW,NO_AUTOMATIC_CHANGE,1,1,0,0,0,Volume is max observed single-query estimate. Aliases are not summed. Intent is not VERIFIED_SEO.
/chords/f-add9,detail,Add9,F add9,OBSERVED_100_PLUS,fadd9 chord,320,10,UNCHECKED,EXPLICIT_PIANO_QUERY_POSITIVE_SERP_UNCHECKED,UNCHECKED,NEEDS_REVIEW,NO_AUTOMATIC_CHANGE,2,2,0,0,0,Volume is max observed single-query estimate. Aliases are not summed. Intent is not VERIFIED_SEO.
/chords/f-augmented,detail,Augmented,F Augmented,OBSERVED_100_PLUS,f augmented chord,260,6,UNCHECKED,SERP_UNCHECKED,UNCHECKED,NEEDS_REVIEW,NO_AUTOMATIC_CHANGE,1,1,0,0,0,Volume is max observed single-query estimate. Aliases are not summed. Intent is not VERIFIED_SEO.
/chords/f-diminished,detail,Diminished,F Diminished,OBSERVED_100_PLUS,f diminished chord,590,7,UNCHECKED,SERP_UNCHECKED,UNCHECKED,NEEDS_REVIEW,NO_AUTOMATIC_CHANGE,1,1,0,0,0,Volume is max observed single-query estimate. Aliases are not summed. Intent is not VERIFIED_SEO.
/chords/f-m7,detail,Minor 7,F Minor Seventh,OBSERVED_100_PLUS,fm7 chord,880,15,UNCHECKED,SERP_UNCHECKED,UNCHECKED,NEEDS_REVIEW,NO_AUTOMATIC_CHANGE,1,1,0,0,0,Volume is max observed single-query estimate. Aliases are not summed. Intent is not VERIFIED_SEO.
/chords/f-m7-flat5,detail,Half-diminished 7,F Half-Diminished Seventh,OBSERVED_1_TO_99,f half diminished chord,20,,UNCHECKED,SERP_UNCHECKED,UNCHECKED,NEEDS_REVIEW,NO_AUTOMATIC_CHANGE,3,2,1,0,0,Volume is max observed single-query estimate. Aliases are not summed. Intent is not VERIFIED_SEO.
/chords/f-madd9,detail,Minor Add9,F minor add9,OBSERVED_1_TO_99,fm(add9) piano,20,,UNCHECKED,EXPLICIT_PIANO_QUERY_POSITIVE_SERP_UNCHECKED,UNCHECKED,NEEDS_REVIEW,NO_AUTOMATIC_CHANGE,5,3,0,1,1,Volume is max observed single-query estimate. Aliases are not summed. Intent is not VERIFIED_SEO.
/chords/f-maj7,detail,Major 7,F Major Seventh,OBSERVED_100_PLUS,fmaj7 chord,1000,17,UNCHECKED,SERP_UNCHECKED,UNCHECKED,NEEDS_REVIEW,NO_AUTOMATIC_CHANGE,1,1,0,0,0,Volume is max observed single-query estimate. Aliases are not summed. Intent is not VERIFIED_SEO.
/chords/f-major,detail,Major,F Major,OBSERVED_100_PLUS,f major chord,4400,25,UNCHECKED,SERP_UNCHECKED,UNCHECKED,NEEDS_REVIEW,NO_AUTOMATIC_CHANGE,1,1,0,0,0,Volume is max observed single-query estimate. Aliases are not summed. Intent is not VERIFIED_SEO.
/chords/f-minor,detail,Minor,F Minor,OBSERVED_100_PLUS,f minor chord,6600,17,UNCHECKED,SERP_UNCHECKED,UNCHECKED,NEEDS_REVIEW,NO_AUTOMATIC_CHANGE,1,1,0,0,0,Volume is max observed single-query estimate. Aliases are not summed. Intent is not VERIFIED_SEO.
/chords/f-sharp-7,detail,Dominant 7,F♯ Dominant Seventh,OBSERVED_100_PLUS,f#7 chord,590,8,UNCHECKED,SERP_UNCHECKED,UNCHECKED,NEEDS_REVIEW,NO_AUTOMATIC_CHANGE,1,1,0,0,0,Volume is max observed single-query estimate. Aliases are not summed. Intent is not VERIFIED_SEO.
/chords/f-sharp-add9,detail,Add9,F-sharp add9,OBSERVED_1_TO_99,f#add9 piano,40,,UNCHECKED,EXPLICIT_PIANO_QUERY_POSITIVE_SERP_UNCHECKED,UNCHECKED,NEEDS_REVIEW,NO_AUTOMATIC_CHANGE,4,1,2,0,1,Volume is max observed single-query estimate. Aliases are not summed. Intent is not VERIFIED_SEO.
/chords/f-sharp-augmented,detail,Augmented,F♯ Augmented,OBSERVED_1_TO_99,f sharp augmented chord,20,,UNCHECKED,SERP_UNCHECKED,UNCHECKED,NEEDS_REVIEW,NO_AUTOMATIC_CHANGE,2,2,0,0,0,Volume is max observed single-query estimate. Aliases are not summed. Intent is not VERIFIED_SEO.
/chords/f-sharp-diminished,detail,Diminished,F♯ Diminished,OBSERVED_100_PLUS,f sharp diminished chord,590,6,UNCHECKED,SERP_UNCHECKED,UNCHECKED,NEEDS_REVIEW,NO_AUTOMATIC_CHANGE,1,1,0,0,0,Volume is max observed single-query estimate. Aliases are not summed. Intent is not VERIFIED_SEO.
/chords/f-sharp-m7,detail,Minor 7,F♯ Minor Seventh,OBSERVED_100_PLUS,f#m7 chord,260,7,UNCHECKED,SERP_UNCHECKED,UNCHECKED,NEEDS_REVIEW,NO_AUTOMATIC_CHANGE,1,1,0,0,0,Volume is max observed single-query estimate. Aliases are not summed. Intent is not VERIFIED_SEO.
/chords/f-sharp-m7-flat5,detail,Half-diminished 7,F♯ Half-Diminished Seventh,OBSERVED_1_TO_99,f sharp half diminished chord,20,,UNCHECKED,EXPLICIT_PIANO_QUERY_POSITIVE_SERP_UNCHECKED,UNCHECKED,NEEDS_REVIEW,NO_AUTOMATIC_CHANGE,3,3,0,0,0,Volume is max observed single-query estimate. Aliases are not summed. Intent is not VERIFIED_SEO.
/chords/f-sharp-madd9,detail,Minor Add9,F-sharp minor add9,ZERO_OBSERVED_ONLY,f sharp minor add9 chord,0,,UNCHECKED,SERP_UNCHECKED,UNCHECKED,NEEDS_REVIEW,NO_AUTOMATIC_CHANGE,5,0,4,0,1,Volume is max observed single-query estimate. Aliases are not summed. Intent is not VERIFIED_SEO.
/chords/f-sharp-maj7,detail,Major 7,F♯ Major Seventh,OBSERVED_1_TO_99,f sharp major 7 chord,90,5,UNCHECKED,SERP_UNCHECKED,UNCHECKED,NEEDS_REVIEW,NO_AUTOMATIC_CHANGE,4,2,2,0,0,Volume is max observed single-query estimate. Aliases are not summed. Intent is not VERIFIED_SEO.
/chords/f-sharp-major,detail,Major,F-sharp Major,OBSERVED_100_PLUS,f sharp major chord,880,15,UNCHECKED,SERP_UNCHECKED,UNCHECKED,NEEDS_REVIEW,NO_AUTOMATIC_CHANGE,1,1,0,0,0,Volume is max observed single-query estimate. Aliases are not summed. Intent is not VERIFIED_SEO.
/chords/f-sharp-minor,detail,Minor,F-sharp Minor,OBSERVED_100_PLUS,f sharp minor chord,3600,14,UNCHECKED,SERP_UNCHECKED,UNCHECKED,NEEDS_REVIEW,NO_AUTOMATIC_CHANGE,1,1,0,0,0,Volume is max observed single-query estimate. Aliases are not summed. Intent is not VERIFIED_SEO.
/chords/f-sharp-sus2,detail,Sus2,F♯ Suspended 2nd,OBSERVED_1_TO_99,f#sus2,10,,UNCHECKED,SERP_UNCHECKED,UNCHECKED,NEEDS_REVIEW,NO_AUTOMATIC_CHANGE,3,1,1,0,1,Volume is max observed single-query estimate. Aliases are not summed. Intent is not VERIFIED_SEO.
/chords/f-sharp-sus4,detail,Sus4,F♯ Suspended 4th,OBSERVED_1_TO_99,f#sus4 chord,10,,UNCHECKED,EXPLICIT_PIANO_QUERY_POSITIVE_SERP_UNCHECKED,UNCHECKED,NEEDS_REVIEW,NO_AUTOMATIC_CHANGE,3,2,0,1,0,Volume is max observed single-query estimate. Aliases are not summed. Intent is not VERIFIED_SEO.
/chords/f-sus2,detail,Sus2,F Suspended 2nd,OBSERVED_100_PLUS,fsus2 chord,170,6,UNCHECKED,SERP_UNCHECKED,UNCHECKED,NEEDS_REVIEW,NO_AUTOMATIC_CHANGE,1,1,0,0,0,Volume is max observed single-query estimate. Aliases are not summed. Intent is not VERIFIED_SEO.
/chords/f-sus4,detail,Sus4,F Suspended 4th,OBSERVED_1_TO_99,fsus4 chord,20,,UNCHECKED,SERP_UNCHECKED,UNCHECKED,NEEDS_REVIEW,NO_AUTOMATIC_CHANGE,2,2,0,0,0,Volume is max observed single-query estimate. Aliases are not summed. Intent is not VERIFIED_SEO.
/chords/g-7,detail,Dominant 7,G Dominant Seventh,OBSERVED_100_PLUS,g7 chord,8100,22,UNCHECKED,SERP_UNCHECKED,UNCHECKED,NEEDS_REVIEW,NO_AUTOMATIC_CHANGE,1,1,0,0,0,Volume is max observed single-query estimate. Aliases are not summed. Intent is not VERIFIED_SEO.
/chords/g-add9,detail,Add9,G add9,OBSERVED_100_PLUS,gadd9 chord,170,6,UNCHECKED,SERP_UNCHECKED,UNCHECKED,NEEDS_REVIEW,NO_AUTOMATIC_CHANGE,1,1,0,0,0,Volume is max observed single-query estimate. Aliases are not summed. Intent is not VERIFIED_SEO.
/chords/g-augmented,detail,Augmented,G Augmented,OBSERVED_100_PLUS,g augmented chord,390,6,UNCHECKED,SERP_UNCHECKED,UNCHECKED,NEEDS_REVIEW,NO_AUTOMATIC_CHANGE,1,1,0,0,0,Volume is max observed single-query estimate. Aliases are not summed. Intent is not VERIFIED_SEO.
/chords/g-diminished,detail,Diminished,G Diminished,OBSERVED_100_PLUS,g diminished chord,720,7,UNCHECKED,SERP_UNCHECKED,UNCHECKED,NEEDS_REVIEW,NO_AUTOMATIC_CHANGE,1,1,0,0,0,Volume is max observed single-query estimate. Aliases are not summed. Intent is not VERIFIED_SEO.
/chords/g-m7,detail,Minor 7,G Minor Seventh,OBSERVED_100_PLUS,gm7 chord,1300,16,UNCHECKED,SERP_UNCHECKED,UNCHECKED,NEEDS_REVIEW,NO_AUTOMATIC_CHANGE,1,1,0,0,0,Volume is max observed single-query estimate. Aliases are not summed. Intent is not VERIFIED_SEO.
/chords/g-m7-flat5,detail,Half-diminished 7,G Half-Diminished Seventh,OBSERVED_1_TO_99,g half diminished chord,20,,UNCHECKED,EXPLICIT_PIANO_QUERY_POSITIVE_SERP_UNCHECKED,UNCHECKED,NEEDS_REVIEW,NO_AUTOMATIC_CHANGE,3,3,0,0,0,Volume is max observed single-query estimate. Aliases are not summed. Intent is not VERIFIED_SEO.
/chords/g-madd9,detail,Minor Add9,G minor add9,OBSERVED_1_TO_99,gm(add9) piano,20,,UNCHECKED,EXPLICIT_PIANO_QUERY_POSITIVE_SERP_UNCHECKED,UNCHECKED,NEEDS_REVIEW,NO_AUTOMATIC_CHANGE,5,3,0,1,1,Volume is max observed single-query estimate. Aliases are not summed. Intent is not VERIFIED_SEO.
/chords/g-maj7,detail,Major 7,G Major Seventh,OBSERVED_100_PLUS,gmaj7 chord,1000,13,UNCHECKED,SERP_UNCHECKED,UNCHECKED,NEEDS_REVIEW,NO_AUTOMATIC_CHANGE,1,1,0,0,0,Volume is max observed single-query estimate. Aliases are not summed. Intent is not VERIFIED_SEO.
/chords/g-major,detail,Major,G Major,OBSERVED_100_PLUS,g major chord,5400,28,UNCHECKED,SERP_UNCHECKED,UNCHECKED,NEEDS_REVIEW,NO_AUTOMATIC_CHANGE,1,1,0,0,0,Volume is max observed single-query estimate. Aliases are not summed. Intent is not VERIFIED_SEO.
/chords/g-minor,detail,Minor,G Minor,OBSERVED_100_PLUS,g minor chord,12100,19,UNCHECKED,SERP_UNCHECKED,UNCHECKED,NEEDS_REVIEW,NO_AUTOMATIC_CHANGE,1,1,0,0,0,Volume is max observed single-query estimate. Aliases are not summed. Intent is not VERIFIED_SEO.
/chords/g-sharp-minor,detail,Minor,G-sharp Minor,OBSERVED_100_PLUS,g sharp minor chord,590,15,UNCHECKED,SERP_UNCHECKED,UNCHECKED,NEEDS_REVIEW,NO_AUTOMATIC_CHANGE,1,1,0,0,0,Volume is max observed single-query estimate. Aliases are not summed. Intent is not VERIFIED_SEO.
/chords/g-sus2,detail,Sus2,G Suspended 2nd,OBSERVED_100_PLUS,gsus2 chord,170,10,UNCHECKED,SERP_UNCHECKED,UNCHECKED,NEEDS_REVIEW,NO_AUTOMATIC_CHANGE,1,1,0,0,0,Volume is max observed single-query estimate. Aliases are not summed. Intent is not VERIFIED_SEO.
/chords/g-sus4,detail,Sus4,G Suspended 4th,OBSERVED_100_PLUS,gsus4 chord,590,16,UNCHECKED,SERP_UNCHECKED,UNCHECKED,NEEDS_REVIEW,NO_AUTOMATIC_CHANGE,1,1,0,0,0,Volume is max observed single-query estimate. Aliases are not summed. Intent is not VERIFIED_SEO.
/chords/seventh,family,Seventh,Seventh Piano Chords,OBSERVED_100_PLUS,7th chords,1900,37,UNCHECKED,EXPLICIT_PIANO_QUERY_POSITIVE_SERP_UNCHECKED,UNCHECKED,NEEDS_REVIEW,NO_AUTOMATIC_CHANGE,2,2,0,0,0,Volume is max observed single-query estimate. Aliases are not summed. Intent is not VERIFIED_SEO.
