url,query,market,observation_date,volume,volume_state,kd,kd_state,intent,serp,source,evidence,batch,notes,screenshot_state,source_priority,recorded_at
,E-flat Minor Chordth chords,US (user batch setting),2026-09-17,,QUARANTINED_INPUT,,EMPTY,,,152af2d2-6f29-410b-9bac-d8b817dff5e7.png,SCREENSHOT_DIRECT,R1_A,Malformed input; do not attach to a URL or use as demand evidence.,,EXISTING_QUERY_EVIDENCE_2026-09-18,2026-09-18T14:13:08.487Z
/chords/a-7,a7 chord,US (user batch setting),2026-09-17,8100,NUMBER_POSITIVE,28,NUMBER,,,c45756ea-7b7c-4586-a97c-6d2dc1340942.png,SCREENSHOT_DIRECT,R1_A,,,EXISTING_QUERY_EVIDENCE_2026-09-18,2026-09-18T14:13:08.487Z
/chords/a-add9,aadd9 chord,US (user batch setting),2026-09-17,90,NUMBER_POSITIVE,14,NUMBER,,,9647961e-4ab8-4675-bb14-e10b51c8982c.png,SCREENSHOT_DIRECT,R1_B,,,EXISTING_QUERY_EVIDENCE_2026-09-18,2026-09-18T14:13:08.487Z
/chords/a-augmented,a augmented chord,US (user batch setting),2026-09-17,260,NUMBER_POSITIVE,11,NUMBER,,,a60b623a-fe4d-4ce9-b831-ad52fbc1aa2e.png,SCREENSHOT_DIRECT,R1_B,,,EXISTING_QUERY_EVIDENCE_2026-09-18,2026-09-18T14:13:08.487Z
/chords/a-diminished,a diminished chord,US (user batch setting),2026-09-17,880,NUMBER_POSITIVE,25,NUMBER,,,0d26efa8-bf8c-4209-bd71-cad9933ce78c.png,SCREENSHOT_DIRECT,R1_B,,,EXISTING_QUERY_EVIDENCE_2026-09-18,2026-09-18T14:13:08.487Z
/chords/a-flat-7,ab7 chord,US (user batch setting),2026-09-17,320,NUMBER_POSITIVE,12,NUMBER,,,b52715f1-e57e-416e-be83-077fcec17be6.png,SCREENSHOT_DIRECT,R1_A,,,EXISTING_QUERY_EVIDENCE_2026-09-18,2026-09-18T14:13:08.487Z
/chords/a-flat-add9,a flat add9 chord,US (user batch setting),2026-09-17,,EMPTY_VOLUME,,EMPTY,,,7dfad5a6-183f-471c-8402-b0b4cef71285.png,SCREENSHOT_DIRECT,R2_A,,,EXISTING_QUERY_EVIDENCE_2026-09-18,2026-09-18T14:13:08.487Z
/chords/a-flat-add9,abadd9,US (user-selected context; not visible in every crop),2026-09-18,20,NUMBER_POSITIVE,,EMPTY,,,c558ba69-a4e7-4194-9d7a-dbaf06ecc1e8.png,SCREENSHOT_DIRECT,B_ZERO_OR_MISSING,Volume transcribed directly; blank KD/intent does not cancel a numeric volume. Not actual page traffic.,,INCREMENTAL_QUERY_EVIDENCE_ALL_2026-09-18,2026-09-18T14:13:08.487Z
/chords/a-flat-add9,abadd9 chord,US (user batch setting),2026-09-17,0,NUMBER_ZERO,,EMPTY,,,9c649d69-d442-4a26-87af-677957efa057.png,SCREENSHOT_DIRECT,R1_B,,,EXISTING_QUERY_EVIDENCE_2026-09-18,2026-09-18T14:13:08.487Z
/chords/a-flat-add9,abadd9 piano,US (user-selected context; not visible in every crop),2026-09-18,20,NUMBER_POSITIVE,,EMPTY,,,c558ba69-a4e7-4194-9d7a-dbaf06ecc1e8.png,SCREENSHOT_DIRECT,B_ZERO_OR_MISSING,Volume transcribed directly; blank KD/intent does not cancel a numeric volume. Not actual page traffic.,,INCREMENTAL_QUERY_EVIDENCE_ALL_2026-09-18,2026-09-18T14:13:08.487Z
/chords/a-flat-augmented,a flat augmented chord,US (user batch setting),2026-09-17,40,NUMBER_POSITIVE,3,NUMBER,,,9647961e-4ab8-4675-bb14-e10b51c8982c.png,SCREENSHOT_DIRECT,R1_B,,,EXISTING_QUERY_EVIDENCE_2026-09-18,2026-09-18T14:13:08.487Z
/chords/a-flat-augmented,abaug chord,US (user-selected context; not visible in every crop),2026-09-18,0,NUMBER_ZERO,,EMPTY,,,abf5f6e3-2c5d-45d0-80d4-a49374d1728e.png,SCREENSHOT_DIRECT,C_LOW_VOLUME_OPTIONAL,Volume transcribed directly; blank KD/intent does not cancel a numeric volume. Not actual page traffic.,,INCREMENTAL_QUERY_EVIDENCE_ALL_2026-09-18,2026-09-18T14:13:08.487Z
/chords/a-flat-augmented,abaug piano,US (user-selected context; not visible in every crop),2026-09-18,20,NUMBER_POSITIVE,,EMPTY,,,422be5a4-6957-47d4-866f-6dd91e0635f9.png,SCREENSHOT_DIRECT,C_LOW_VOLUME_OPTIONAL,Volume transcribed directly; blank KD/intent does not cancel a numeric volume. Not actual page traffic.,,INCREMENTAL_QUERY_EVIDENCE_ALL_2026-09-18,2026-09-18T14:13:08.487Z
/chords/a-flat-diminished,a flat diminished chord,US (user batch setting),2026-09-17,170,NUMBER_POSITIVE,4,NUMBER,,,a60b623a-fe4d-4ce9-b831-ad52fbc1aa2e.png,SCREENSHOT_DIRECT,R1_B,,,EXISTING_QUERY_EVIDENCE_2026-09-18,2026-09-18T14:13:08.487Z
/chords/a-flat-m7,a flat minor 7 chord,US (user batch setting),2026-09-17,20,NUMBER_POSITIVE,,EMPTY,,,83ae1cc2-860b-4772-b640-4d2f8caab6c8.png,SCREENSHOT_DIRECT,R2_B,,,EXISTING_QUERY_EVIDENCE_2026-09-18,2026-09-18T14:13:08.487Z
/chords/a-flat-m7,abm7 chord,US (user batch setting),2026-09-17,50,NUMBER_POSITIVE,4,NUMBER,,,6799485e-be24-41c3-98ca-f6ca2f2975a6.png,SCREENSHOT_DIRECT,R1_A,,,EXISTING_QUERY_EVIDENCE_2026-09-18,2026-09-18T14:13:08.487Z
/chords/a-flat-m7,abm7 piano,US (user-selected context; not visible in every crop),2026-09-18,20,NUMBER_POSITIVE,,EMPTY,,,422be5a4-6957-47d4-866f-6dd91e0635f9.png,SCREENSHOT_DIRECT,C_LOW_VOLUME_OPTIONAL,Volume transcribed directly; blank KD/intent does not cancel a numeric volume. Not actual page traffic.,,INCREMENTAL_QUERY_EVIDENCE_ALL_2026-09-18,2026-09-18T14:13:08.487Z
/chords/a-flat-m7-flat5,a flat half diminished chord,US (user batch setting),2026-09-17,0,NUMBER_ZERO,,EMPTY,,,f6d95cec-4a92-44fa-9873-395b9b216073.png,SCREENSHOT_DIRECT,R2_B,,,EXISTING_QUERY_EVIDENCE_2026-09-18,2026-09-18T14:13:08.487Z
/chords/a-flat-m7-flat5,a flat minor 7 flat 5 piano,US (user-selected context; not visible in every crop),2026-09-18,,NO_NUMERIC_DATA,,EMPTY,,,abf5f6e3-2c5d-45d0-80d4-a49374d1728e.png,SCREENSHOT_DIRECT,C_LOW_VOLUME_OPTIONAL,Volume transcribed directly; blank KD/intent does not cancel a numeric volume. Not actual page traffic.,,INCREMENTAL_QUERY_EVIDENCE_ALL_2026-09-18,2026-09-18T14:13:08.487Z
/chords/a-flat-m7-flat5,abm7b5 chord,US (user batch setting),2026-09-17,20,NUMBER_POSITIVE,,EMPTY,,,6799485e-be24-41c3-98ca-f6ca2f2975a6.png,SCREENSHOT_DIRECT,R1_A,,,EXISTING_QUERY_EVIDENCE_2026-09-18,2026-09-18T14:13:08.487Z
/chords/a-flat-madd9,a flat minor add9 chord,US (user batch setting),2026-09-17,,EMPTY_VOLUME,,EMPTY,,,1e533955-41ab-4a73-81e9-3aa11e6dc982.png,SCREENSHOT_DIRECT,R1_B,,,EXISTING_QUERY_EVIDENCE_2026-09-18,2026-09-18T14:13:08.487Z
/chords/a-flat-madd9,a flat minor add9 chord,US (user batch setting),2026-09-17,,USER_REPORTED_NO_DATA,,EMPTY,,,User message 2026-09-17T14:36:09Z: 后面的都没数据，不截图了,USER_REPORTED_REMAINDER,R2_A,Row not shown; user reports remaining rows have no data. Not a numeric zero.,,EXISTING_QUERY_EVIDENCE_2026-09-18,2026-09-18T14:13:08.487Z
/chords/a-flat-madd9,abm(add9) piano,US (user-selected context; not visible in every crop),2026-09-18,,NO_NUMERIC_DATA,,EMPTY,,,c558ba69-a4e7-4194-9d7a-dbaf06ecc1e8.png,SCREENSHOT_DIRECT,B_ZERO_OR_MISSING,Volume transcribed directly; blank KD/intent does not cancel a numeric volume. Not actual page traffic.,,INCREMENTAL_QUERY_EVIDENCE_ALL_2026-09-18,2026-09-18T14:13:08.487Z
/chords/a-flat-madd9,abmadd9,US (user-selected context; not visible in every crop),2026-09-18,,NO_NUMERIC_DATA,,EMPTY,,,c558ba69-a4e7-4194-9d7a-dbaf06ecc1e8.png,SCREENSHOT_DIRECT,B_ZERO_OR_MISSING,Volume transcribed directly; blank KD/intent does not cancel a numeric volume. Not actual page traffic.,,INCREMENTAL_QUERY_EVIDENCE_ALL_2026-09-18,2026-09-18T14:13:08.487Z
/chords/a-flat-madd9,abmadd9 chord,US (user batch setting),2026-09-17,,USER_REPORTED_NO_DATA,,EMPTY,,,User message 2026-09-17T14:36:09Z: 后面的都没数据，不截图了,USER_REPORTED_REMAINDER,R2_A,Row not shown; user reports remaining rows have no data. Not a numeric zero.,,EXISTING_QUERY_EVIDENCE_2026-09-18,2026-09-18T14:13:08.487Z
/chords/a-flat-maj7,abmaj7 chord,US (user batch setting),2026-09-17,140,NUMBER_POSITIVE,6,NUMBER,,,6799485e-be24-41c3-98ca-f6ca2f2975a6.png,SCREENSHOT_DIRECT,R1_A,,,EXISTING_QUERY_EVIDENCE_2026-09-18,2026-09-18T14:13:08.487Z
/chords/a-flat-sus2,a flat sus2 chord,US (user batch setting),2026-09-17,,EMPTY_VOLUME,,EMPTY,,,f6d95cec-4a92-44fa-9873-395b9b216073.png,SCREENSHOT_DIRECT,R2_B,,,EXISTING_QUERY_EVIDENCE_2026-09-18,2026-09-18T14:13:08.487Z
/chords/a-flat-sus2,absus2,US (user-selected context; not visible in every crop),2026-09-18,20,NUMBER_POSITIVE,,EMPTY,,,422be5a4-6957-47d4-866f-6dd91e0635f9.png,SCREENSHOT_DIRECT,C_LOW_VOLUME_OPTIONAL,Volume transcribed directly; blank KD/intent does not cancel a numeric volume. Not actual page traffic.,,INCREMENTAL_QUERY_EVIDENCE_ALL_2026-09-18,2026-09-18T14:13:08.487Z
/chords/a-flat-sus2,absus2 chord,US (user batch setting),2026-09-17,20,NUMBER_POSITIVE,,EMPTY,,,c884c0fa-0b7d-448d-8b50-40f1d4bcb882.png,SCREENSHOT_DIRECT,R1_B,,,EXISTING_QUERY_EVIDENCE_2026-09-18,2026-09-18T14:13:08.487Z
/chords/a-flat-sus2,absus2 piano,US (user-selected context; not visible in every crop),2026-09-18,20,NUMBER_POSITIVE,,EMPTY,,,422be5a4-6957-47d4-866f-6dd91e0635f9.png,SCREENSHOT_DIRECT,C_LOW_VOLUME_OPTIONAL,Volume transcribed directly; blank KD/intent does not cancel a numeric volume. Not actual page traffic.,,INCREMENTAL_QUERY_EVIDENCE_ALL_2026-09-18,2026-09-18T14:13:08.487Z
/chords/a-flat-sus4,a flat sus4 chord,US (user batch setting),2026-09-17,,EMPTY_VOLUME,,EMPTY,,,f6d95cec-4a92-44fa-9873-395b9b216073.png,SCREENSHOT_DIRECT,R2_B,,,EXISTING_QUERY_EVIDENCE_2026-09-18,2026-09-18T14:13:08.487Z
/chords/a-flat-sus4,absus4,US (user-selected context; not visible in every crop),2026-09-18,20,NUMBER_POSITIVE,,EMPTY,,,422be5a4-6957-47d4-866f-6dd91e0635f9.png,SCREENSHOT_DIRECT,C_LOW_VOLUME_OPTIONAL,Volume transcribed directly; blank KD/intent does not cancel a numeric volume. Not actual page traffic.,,INCREMENTAL_QUERY_EVIDENCE_ALL_2026-09-18,2026-09-18T14:13:08.487Z
/chords/a-flat-sus4,absus4 chord,US (user batch setting),2026-09-17,20,NUMBER_POSITIVE,,EMPTY,,,c884c0fa-0b7d-448d-8b50-40f1d4bcb882.png,SCREENSHOT_DIRECT,R1_B,,,EXISTING_QUERY_EVIDENCE_2026-09-18,2026-09-18T14:13:08.487Z
/chords/a-flat-sus4,absus4 piano,US (user-selected context; not visible in every crop),2026-09-18,20,NUMBER_POSITIVE,,EMPTY,,,422be5a4-6957-47d4-866f-6dd91e0635f9.png,SCREENSHOT_DIRECT,C_LOW_VOLUME_OPTIONAL,Volume transcribed directly; blank KD/intent does not cancel a numeric volume. Not actual page traffic.,,INCREMENTAL_QUERY_EVIDENCE_ALL_2026-09-18,2026-09-18T14:13:08.487Z
/chords/a-m7,am7 chord,US (user batch setting),2026-09-17,3600,NUMBER_POSITIVE,29,NUMBER,,,01c176a1-3f22-4499-84e8-03abc737972e.png,SCREENSHOT_DIRECT,R1_A,,,EXISTING_QUERY_EVIDENCE_2026-09-18,2026-09-18T14:13:08.487Z
/chords/a-m7-flat5,a half diminished chord,US (user batch setting),2026-09-17,50,NUMBER_POSITIVE,2,NUMBER,,,83ae1cc2-860b-4772-b640-4d2f8caab6c8.png,SCREENSHOT_DIRECT,R2_B,,,EXISTING_QUERY_EVIDENCE_2026-09-18,2026-09-18T14:13:08.487Z
/chords/a-m7-flat5,am7b5 chord,US (user batch setting),2026-09-17,20,NUMBER_POSITIVE,,EMPTY,,,219d5b00-45d1-49ef-80d0-34073438f5af.png,SCREENSHOT_DIRECT,R1_A,,,EXISTING_QUERY_EVIDENCE_2026-09-18,2026-09-18T14:13:08.487Z
/chords/a-madd9,a minor add9 chord,US (user batch setting),2026-09-17,,EMPTY_VOLUME,,EMPTY,,,1e533955-41ab-4a73-81e9-3aa11e6dc982.png,SCREENSHOT_DIRECT,R1_B,,,EXISTING_QUERY_EVIDENCE_2026-09-18,2026-09-18T14:13:08.487Z
/chords/a-madd9,a minor add9 chord,US (user batch setting),2026-09-17,,USER_REPORTED_NO_DATA,,EMPTY,,,User message 2026-09-17T14:36:09Z: 后面的都没数据，不截图了,USER_REPORTED_REMAINDER,R2_A,Row not shown; user reports remaining rows have no data. Not a numeric zero.,,EXISTING_QUERY_EVIDENCE_2026-09-18,2026-09-18T14:13:08.487Z
/chords/a-madd9,am(add9) piano,US (user-selected context; not visible in every crop),2026-09-18,20,NUMBER_POSITIVE,,EMPTY,,,422be5a4-6957-47d4-866f-6dd91e0635f9.png,SCREENSHOT_DIRECT,C_LOW_VOLUME_OPTIONAL,Volume transcribed directly; blank KD/intent does not cancel a numeric volume. Not actual page traffic.,,INCREMENTAL_QUERY_EVIDENCE_ALL_2026-09-18,2026-09-18T14:13:08.487Z
/chords/a-madd9,amadd9 chord,US (user batch setting),2026-09-17,10,NUMBER_POSITIVE,,EMPTY,,,7dfad5a6-183f-471c-8402-b0b4cef71285.png,SCREENSHOT_DIRECT,R2_A,,,EXISTING_QUERY_EVIDENCE_2026-09-18,2026-09-18T14:13:08.487Z
/chords/a-maj7,amaj7 chord,US (user batch setting),2026-09-17,480,NUMBER_POSITIVE,14,NUMBER,,,b52715f1-e57e-416e-be83-077fcec17be6.png,SCREENSHOT_DIRECT,R1_A,,,EXISTING_QUERY_EVIDENCE_2026-09-18,2026-09-18T14:13:08.487Z
/chords/a-sus2,asus2 chord,US (user batch setting),2026-09-17,720,NUMBER_POSITIVE,19,NUMBER,,,0d26efa8-bf8c-4209-bd71-cad9933ce78c.png,SCREENSHOT_DIRECT,R1_B,,,EXISTING_QUERY_EVIDENCE_2026-09-18,2026-09-18T14:13:08.487Z
/chords/a-sus2,asus2 piano,US (user-selected context; not visible in every crop),2026-09-18,320,NUMBER_POSITIVE,22,NUMBER,,,84b938e9-649a-4ad3-91b1-cb2c43d8cb25.png,SCREENSHOT_DIRECT,A_GAPS_AND_PIANO,Volume transcribed directly; blank KD/intent does not cancel a numeric volume. Not actual page traffic.,,INCREMENTAL_QUERY_EVIDENCE_ALL_2026-09-18,2026-09-18T14:13:08.487Z
/chords/a-sus4,asus4 chord,US (user batch setting),2026-09-17,590,NUMBER_POSITIVE,15,NUMBER,,,0d26efa8-bf8c-4209-bd71-cad9933ce78c.png,SCREENSHOT_DIRECT,R1_B,,,EXISTING_QUERY_EVIDENCE_2026-09-18,2026-09-18T14:13:08.487Z
/chords/a-sus4,asus4 piano,US (user-selected context; not visible in every crop),2026-09-18,260,NUMBER_POSITIVE,15,NUMBER,,,84b938e9-649a-4ad3-91b1-cb2c43d8cb25.png,SCREENSHOT_DIRECT,A_GAPS_AND_PIANO,Volume transcribed directly; blank KD/intent does not cancel a numeric volume. Not actual page traffic.,,INCREMENTAL_QUERY_EVIDENCE_ALL_2026-09-18,2026-09-18T14:13:08.487Z
/chords/b-7,b7 chord,US (user batch setting),2026-09-17,9900,NUMBER_POSITIVE,27,NUMBER,,,c45756ea-7b7c-4586-a97c-6d2dc1340942.png,SCREENSHOT_DIRECT,R1_A,,,EXISTING_QUERY_EVIDENCE_2026-09-18,2026-09-18T14:13:08.487Z
/chords/b-7,b7 piano,US (user-selected context; not visible in every crop),2026-09-18,590,NUMBER_POSITIVE,31,NUMBER,,,84b938e9-649a-4ad3-91b1-cb2c43d8cb25.png,SCREENSHOT_DIRECT,A_GAPS_AND_PIANO,Volume transcribed directly; blank KD/intent does not cancel a numeric volume. Not actual page traffic.,,INCREMENTAL_QUERY_EVIDENCE_ALL_2026-09-18,2026-09-18T14:13:08.487Z
/chords/b-add9,b add9 chord,US (user batch setting),2026-09-17,20,NUMBER_POSITIVE,,EMPTY,,,83ae1cc2-860b-4772-b640-4d2f8caab6c8.png,SCREENSHOT_DIRECT,R2_B,,,EXISTING_QUERY_EVIDENCE_2026-09-18,2026-09-18T14:13:08.487Z
/chords/b-add9,badd9 chord,US (user batch setting),2026-09-17,20,NUMBER_POSITIVE,,EMPTY,,,c884c0fa-0b7d-448d-8b50-40f1d4bcb882.png,SCREENSHOT_DIRECT,R1_B,,,EXISTING_QUERY_EVIDENCE_2026-09-18,2026-09-18T14:13:08.487Z
/chords/b-add9,badd9 piano,US (user-selected context; not visible in every crop),2026-09-18,20,NUMBER_POSITIVE,,EMPTY,,,422be5a4-6957-47d4-866f-6dd91e0635f9.png,SCREENSHOT_DIRECT,C_LOW_VOLUME_OPTIONAL,Volume transcribed directly; blank KD/intent does not cancel a numeric volume. Not actual page traffic.,,INCREMENTAL_QUERY_EVIDENCE_ALL_2026-09-18,2026-09-18T14:13:08.487Z
/chords/b-augmented,b augmented chord,US (user batch setting),2026-09-17,210,NUMBER_POSITIVE,14,NUMBER,,,a60b623a-fe4d-4ce9-b831-ad52fbc1aa2e.png,SCREENSHOT_DIRECT,R1_B,,,EXISTING_QUERY_EVIDENCE_2026-09-18,2026-09-18T14:13:08.487Z
/chords/b-diminished,b diminished chord,US (user-selected context; not visible in every crop),2026-09-18,1900,NUMBER_POSITIVE,6,NUMBER,,,84b938e9-649a-4ad3-91b1-cb2c43d8cb25.png,SCREENSHOT_DIRECT,A_GAPS_AND_PIANO,Volume transcribed directly; blank KD/intent does not cancel a numeric volume. Not actual page traffic.,,INCREMENTAL_QUERY_EVIDENCE_ALL_2026-09-18,2026-09-18T14:13:08.487Z
/chords/b-diminished,bdim piano,US (user-selected context; not visible in every crop),2026-09-18,110,NUMBER_POSITIVE,9,NUMBER,,,84b938e9-649a-4ad3-91b1-cb2c43d8cb25.png,SCREENSHOT_DIRECT,A_GAPS_AND_PIANO,Volume transcribed directly; blank KD/intent does not cancel a numeric volume. Not actual page traffic.,,INCREMENTAL_QUERY_EVIDENCE_ALL_2026-09-18,2026-09-18T14:13:08.487Z
/chords/b-flat-7,bb7 chord,US (user batch setting),2026-09-17,590,NUMBER_POSITIVE,19,NUMBER,,,b52715f1-e57e-416e-be83-077fcec17be6.png,SCREENSHOT_DIRECT,R1_A,,,EXISTING_QUERY_EVIDENCE_2026-09-18,2026-09-18T14:13:08.487Z
/chords/b-flat-add9,b flat add9 chord,US (user batch setting),2026-09-17,,EMPTY_VOLUME,,EMPTY,,,f6d95cec-4a92-44fa-9873-395b9b216073.png,SCREENSHOT_DIRECT,R2_B,,,EXISTING_QUERY_EVIDENCE_2026-09-18,2026-09-18T14:13:08.487Z
/chords/b-flat-add9,bbadd9 chord,US (user batch setting),2026-09-17,20,NUMBER_POSITIVE,,EMPTY,,,c884c0fa-0b7d-448d-8b50-40f1d4bcb882.png,SCREENSHOT_DIRECT,R1_B,,,EXISTING_QUERY_EVIDENCE_2026-09-18,2026-09-18T14:13:08.487Z
/chords/b-flat-add9,bbadd9 piano,US (user-selected context; not visible in every crop),2026-09-18,20,NUMBER_POSITIVE,,EMPTY,,,422be5a4-6957-47d4-866f-6dd91e0635f9.png,SCREENSHOT_DIRECT,C_LOW_VOLUME_OPTIONAL,Volume transcribed directly; blank KD/intent does not cancel a numeric volume. Not actual page traffic.,,INCREMENTAL_QUERY_EVIDENCE_ALL_2026-09-18,2026-09-18T14:13:08.487Z
/chords/b-flat-augmented,b flat augmented chord,US (user batch setting),2026-09-17,90,NUMBER_POSITIVE,9,NUMBER,,,9647961e-4ab8-4675-bb14-e10b51c8982c.png,SCREENSHOT_DIRECT,R1_B,,,EXISTING_QUERY_EVIDENCE_2026-09-18,2026-09-18T14:13:08.487Z
/chords/b-flat-augmented,bbaug chord,US (user-selected context; not visible in every crop),2026-09-18,20,NUMBER_POSITIVE,,EMPTY,,,422be5a4-6957-47d4-866f-6dd91e0635f9.png,SCREENSHOT_DIRECT,C_LOW_VOLUME_OPTIONAL,Volume transcribed directly; blank KD/intent does not cancel a numeric volume. Not actual page traffic.,,INCREMENTAL_QUERY_EVIDENCE_ALL_2026-09-18,2026-09-18T14:13:08.487Z
/chords/b-flat-augmented,bbaug piano,US (user-selected context; not visible in every crop),2026-09-18,20,NUMBER_POSITIVE,,EMPTY,,,422be5a4-6957-47d4-866f-6dd91e0635f9.png,SCREENSHOT_DIRECT,C_LOW_VOLUME_OPTIONAL,Volume transcribed directly; blank KD/intent does not cancel a numeric volume. Not actual page traffic.,,INCREMENTAL_QUERY_EVIDENCE_ALL_2026-09-18,2026-09-18T14:13:08.487Z
/chords/b-flat-diminished,b flat diminished chord,US (user batch setting),2026-09-17,480,NUMBER_POSITIVE,7,NUMBER,,,0d26efa8-bf8c-4209-bd71-cad9933ce78c.png,SCREENSHOT_DIRECT,R1_B,,,EXISTING_QUERY_EVIDENCE_2026-09-18,2026-09-18T14:13:08.487Z
/chords/b-flat-m7,bbm7 chord,US (user batch setting),2026-09-17,140,NUMBER_POSITIVE,6,NUMBER,,,6799485e-be24-41c3-98ca-f6ca2f2975a6.png,SCREENSHOT_DIRECT,R1_A,,,EXISTING_QUERY_EVIDENCE_2026-09-18,2026-09-18T14:13:08.487Z
/chords/b-flat-m7-flat5,b flat half diminished chord,US (user batch setting),2026-09-17,20,NUMBER_POSITIVE,,EMPTY,,,83ae1cc2-860b-4772-b640-4d2f8caab6c8.png,SCREENSHOT_DIRECT,R2_B,,,EXISTING_QUERY_EVIDENCE_2026-09-18,2026-09-18T14:13:08.487Z
/chords/b-flat-m7-flat5,b flat minor 7 flat 5 piano,US (user-selected context; not visible in every crop),2026-09-18,,NO_NUMERIC_DATA,,EMPTY,,,abf5f6e3-2c5d-45d0-80d4-a49374d1728e.png,SCREENSHOT_DIRECT,C_LOW_VOLUME_OPTIONAL,Volume transcribed directly; blank KD/intent does not cancel a numeric volume. Not actual page traffic.,,INCREMENTAL_QUERY_EVIDENCE_ALL_2026-09-18,2026-09-18T14:13:08.487Z
/chords/b-flat-m7-flat5,bbm7b5,US (user-selected context; not visible in every crop),2026-09-18,20,NUMBER_POSITIVE,,EMPTY,,,422be5a4-6957-47d4-866f-6dd91e0635f9.png,SCREENSHOT_DIRECT,C_LOW_VOLUME_OPTIONAL,Volume transcribed directly; blank KD/intent does not cancel a numeric volume. Not actual page traffic.,,INCREMENTAL_QUERY_EVIDENCE_ALL_2026-09-18,2026-09-18T14:13:08.487Z
/chords/b-flat-m7-flat5,bbm7b5 chord,US (user batch setting),2026-09-17,20,NUMBER_POSITIVE,,EMPTY,,,219d5b00-45d1-49ef-80d0-34073438f5af.png,SCREENSHOT_DIRECT,R1_A,,,EXISTING_QUERY_EVIDENCE_2026-09-18,2026-09-18T14:13:08.487Z
/chords/b-flat-madd9,b flat minor add9 chord,US (user batch setting),2026-09-17,,EMPTY_VOLUME,,EMPTY,,,1e533955-41ab-4a73-81e9-3aa11e6dc982.png,SCREENSHOT_DIRECT,R1_B,,,EXISTING_QUERY_EVIDENCE_2026-09-18,2026-09-18T14:13:08.487Z
/chords/b-flat-madd9,b flat minor add9 chord,US (user batch setting),2026-09-17,,USER_REPORTED_NO_DATA,,EMPTY,,,User message 2026-09-17T14:36:09Z: 后面的都没数据，不截图了,USER_REPORTED_REMAINDER,R2_A,Row not shown; user reports remaining rows have no data. Not a numeric zero.,,EXISTING_QUERY_EVIDENCE_2026-09-18,2026-09-18T14:13:08.487Z
/chords/b-flat-madd9,bbm(add9) piano,US (user-selected context; not visible in every crop),2026-09-18,,NO_NUMERIC_DATA,,EMPTY,,,c558ba69-a4e7-4194-9d7a-dbaf06ecc1e8.png,SCREENSHOT_DIRECT,B_ZERO_OR_MISSING,Volume transcribed directly; blank KD/intent does not cancel a numeric volume. Not actual page traffic.,,INCREMENTAL_QUERY_EVIDENCE_ALL_2026-09-18,2026-09-18T14:13:08.487Z
/chords/b-flat-madd9,bbmadd9,US (user-selected context; not visible in every crop),2026-09-18,,NO_NUMERIC_DATA,,EMPTY,,,c558ba69-a4e7-4194-9d7a-dbaf06ecc1e8.png,SCREENSHOT_DIRECT,B_ZERO_OR_MISSING,Volume transcribed directly; blank KD/intent does not cancel a numeric volume. Not actual page traffic.,,INCREMENTAL_QUERY_EVIDENCE_ALL_2026-09-18,2026-09-18T14:13:08.487Z
/chords/b-flat-madd9,bbmadd9 chord,US (user batch setting),2026-09-17,,USER_REPORTED_NO_DATA,,EMPTY,,,User message 2026-09-17T14:36:09Z: 后面的都没数据，不截图了,USER_REPORTED_REMAINDER,R2_A,Row not shown; user reports remaining rows have no data. Not a numeric zero.,,EXISTING_QUERY_EVIDENCE_2026-09-18,2026-09-18T14:13:08.487Z
/chords/b-flat-maj7,bbmaj7 chord,US (user batch setting),2026-09-17,170,NUMBER_POSITIVE,10,NUMBER,,,6799485e-be24-41c3-98ca-f6ca2f2975a6.png,SCREENSHOT_DIRECT,R1_A,,,EXISTING_QUERY_EVIDENCE_2026-09-18,2026-09-18T14:13:08.487Z
/chords/b-flat-major,b flat major chord,US (user batch setting),2026-09-17,1900,NUMBER_POSITIVE,24,NUMBER,,,01c176a1-3f22-4499-84e8-03abc737972e.png,SCREENSHOT_DIRECT,R1_A,,,EXISTING_QUERY_EVIDENCE_2026-09-18,2026-09-18T14:13:08.487Z
/chords/b-flat-minor,b flat minor chord,US (user batch setting),2026-09-17,1000,NUMBER_POSITIVE,17,NUMBER,,,01c176a1-3f22-4499-84e8-03abc737972e.png,SCREENSHOT_DIRECT,R1_A,,,EXISTING_QUERY_EVIDENCE_2026-09-18,2026-09-18T14:13:08.487Z
/chords/b-flat-sus2,b flat sus2 chord,US (user batch setting),2026-09-17,20,NUMBER_POSITIVE,,EMPTY,,,83ae1cc2-860b-4772-b640-4d2f8caab6c8.png,SCREENSHOT_DIRECT,R2_B,,,EXISTING_QUERY_EVIDENCE_2026-09-18,2026-09-18T14:13:08.487Z
/chords/b-flat-sus2,bbsus2 chord,US (user batch setting),2026-09-17,20,NUMBER_POSITIVE,,EMPTY,,,c884c0fa-0b7d-448d-8b50-40f1d4bcb882.png,SCREENSHOT_DIRECT,R1_B,,,EXISTING_QUERY_EVIDENCE_2026-09-18,2026-09-18T14:13:08.487Z
/chords/b-flat-sus2,bbsus2 piano,US (user-selected context; not visible in every crop),2026-09-18,20,NUMBER_POSITIVE,,EMPTY,,,422be5a4-6957-47d4-866f-6dd91e0635f9.png,SCREENSHOT_DIRECT,C_LOW_VOLUME_OPTIONAL,Volume transcribed directly; blank KD/intent does not cancel a numeric volume. Not actual page traffic.,,INCREMENTAL_QUERY_EVIDENCE_ALL_2026-09-18,2026-09-18T14:13:08.487Z
/chords/b-flat-sus4,b flat sus4 chord,US (user batch setting),2026-09-17,,EMPTY_VOLUME,,EMPTY,,,f6d95cec-4a92-44fa-9873-395b9b216073.png,SCREENSHOT_DIRECT,R2_B,,,EXISTING_QUERY_EVIDENCE_2026-09-18,2026-09-18T14:13:08.487Z
/chords/b-flat-sus4,bbsus4 chord,US (user batch setting),2026-09-17,20,NUMBER_POSITIVE,,EMPTY,,,c884c0fa-0b7d-448d-8b50-40f1d4bcb882.png,SCREENSHOT_DIRECT,R1_B,,,EXISTING_QUERY_EVIDENCE_2026-09-18,2026-09-18T14:13:08.487Z
/chords/b-flat-sus4,bbsus4 piano,US (user-selected context; not visible in every crop),2026-09-18,20,NUMBER_POSITIVE,,EMPTY,,,422be5a4-6957-47d4-866f-6dd91e0635f9.png,SCREENSHOT_DIRECT,C_LOW_VOLUME_OPTIONAL,Volume transcribed directly; blank KD/intent does not cancel a numeric volume. Not actual page traffic.,,INCREMENTAL_QUERY_EVIDENCE_ALL_2026-09-18,2026-09-18T14:13:08.487Z
/chords/b-m7,bm7 chord,US (user batch setting),2026-09-17,2400,NUMBER_POSITIVE,16,NUMBER,,,01c176a1-3f22-4499-84e8-03abc737972e.png,SCREENSHOT_DIRECT,R1_A,,,EXISTING_QUERY_EVIDENCE_2026-09-18,2026-09-18T14:13:08.487Z
/chords/b-m7-flat5,b half diminished chord,US (user batch setting),2026-09-17,110,NUMBER_POSITIVE,6,NUMBER,,,83ae1cc2-860b-4772-b640-4d2f8caab6c8.png,SCREENSHOT_DIRECT,R2_B,,,EXISTING_QUERY_EVIDENCE_2026-09-18,2026-09-18T14:13:08.487Z
/chords/b-m7-flat5,bm7b5 chord,US (user batch setting),2026-09-17,40,NUMBER_POSITIVE,8,NUMBER,,,6799485e-be24-41c3-98ca-f6ca2f2975a6.png,SCREENSHOT_DIRECT,R1_A,,,EXISTING_QUERY_EVIDENCE_2026-09-18,2026-09-18T14:13:08.487Z
/chords/b-madd9,b minor add9 chord,US (user batch setting),2026-09-17,,EMPTY_VOLUME,,EMPTY,,,1e533955-41ab-4a73-81e9-3aa11e6dc982.png,SCREENSHOT_DIRECT,R1_B,,,EXISTING_QUERY_EVIDENCE_2026-09-18,2026-09-18T14:13:08.487Z
/chords/b-madd9,b minor add9 chord,US (user batch setting),2026-09-17,,USER_REPORTED_NO_DATA,,EMPTY,,,User message 2026-09-17T14:36:09Z: 后面的都没数据，不截图了,USER_REPORTED_REMAINDER,R2_A,Row not shown; user reports remaining rows have no data. Not a numeric zero.,,EXISTING_QUERY_EVIDENCE_2026-09-18,2026-09-18T14:13:08.487Z
/chords/b-madd9,bm(add9) piano,US (user-selected context; not visible in every crop),2026-09-18,20,NUMBER_POSITIVE,,EMPTY,,,c558ba69-a4e7-4194-9d7a-dbaf06ecc1e8.png,SCREENSHOT_DIRECT,B_ZERO_OR_MISSING,Volume transcribed directly; blank KD/intent does not cancel a numeric volume. Not actual page traffic.,,INCREMENTAL_QUERY_EVIDENCE_ALL_2026-09-18,2026-09-18T14:13:08.487Z
/chords/b-madd9,bmadd9,US (user-selected context; not visible in every crop),2026-09-18,30,NUMBER_POSITIVE,,EMPTY,,,c558ba69-a4e7-4194-9d7a-dbaf06ecc1e8.png,SCREENSHOT_DIRECT,B_ZERO_OR_MISSING,Volume transcribed directly; blank KD/intent does not cancel a numeric volume. Not actual page traffic.,,INCREMENTAL_QUERY_EVIDENCE_ALL_2026-09-18,2026-09-18T14:13:08.487Z
/chords/b-madd9,bmadd9 chord,US (user batch setting),2026-09-17,0,NUMBER_ZERO,,EMPTY,,,7dfad5a6-183f-471c-8402-b0b4cef71285.png,SCREENSHOT_DIRECT,R2_A,,,EXISTING_QUERY_EVIDENCE_2026-09-18,2026-09-18T14:13:08.487Z
/chords/b-maj7,bmaj7 chord,US (user batch setting),2026-09-17,210,NUMBER_POSITIVE,10,NUMBER,,,6799485e-be24-41c3-98ca-f6ca2f2975a6.png,SCREENSHOT_DIRECT,R1_A,,,EXISTING_QUERY_EVIDENCE_2026-09-18,2026-09-18T14:13:08.487Z
/chords/b-minor,b minor chord,US (user batch setting),2026-09-17,18100,NUMBER_POSITIVE,28,NUMBER,,,c45756ea-7b7c-4586-a97c-6d2dc1340942.png,SCREENSHOT_DIRECT,R1_A,,,EXISTING_QUERY_EVIDENCE_2026-09-18,2026-09-18T14:13:08.487Z
/chords/b-minor,b minor chord piano,US (user-selected context; not visible in every crop),2026-09-18,4400,NUMBER_POSITIVE,20,NUMBER,,,84b938e9-649a-4ad3-91b1-cb2c43d8cb25.png,SCREENSHOT_DIRECT,A_GAPS_AND_PIANO,Volume transcribed directly; blank KD/intent does not cancel a numeric volume. Not actual page traffic.,,INCREMENTAL_QUERY_EVIDENCE_ALL_2026-09-18,2026-09-18T14:13:08.487Z
/chords/b-sus2,bsus2 chord,US (user batch setting),2026-09-17,110,NUMBER_POSITIVE,10,NUMBER,,,9647961e-4ab8-4675-bb14-e10b51c8982c.png,SCREENSHOT_DIRECT,R1_B,,,EXISTING_QUERY_EVIDENCE_2026-09-18,2026-09-18T14:13:08.487Z
/chords/b-sus4,bsus4 chord,US (user batch setting),2026-09-17,140,NUMBER_POSITIVE,7,NUMBER,,,9647961e-4ab8-4675-bb14-e10b51c8982c.png,SCREENSHOT_DIRECT,R1_B,,,EXISTING_QUERY_EVIDENCE_2026-09-18,2026-09-18T14:13:08.487Z
/chords/c-7,c7 chord,US (user batch setting),2026-09-17,5400,NUMBER_POSITIVE,18,NUMBER,,,c45756ea-7b7c-4586-a97c-6d2dc1340942.png,SCREENSHOT_DIRECT,R1_A,,,EXISTING_QUERY_EVIDENCE_2026-09-18,2026-09-18T14:13:08.487Z
/chords/c-7,c7 piano,US (user-selected context; not visible in every crop),2026-09-18,720,NUMBER_POSITIVE,11,NUMBER,,,84b938e9-649a-4ad3-91b1-cb2c43d8cb25.png,SCREENSHOT_DIRECT,A_GAPS_AND_PIANO,Volume transcribed directly; blank KD/intent does not cancel a numeric volume. Not actual page traffic.,,INCREMENTAL_QUERY_EVIDENCE_ALL_2026-09-18,2026-09-18T14:13:08.487Z
/chords/c-add9,cadd9,US (user-selected context; not visible in every crop),2026-09-18,4400,NUMBER_POSITIVE,26,NUMBER,,,84b938e9-649a-4ad3-91b1-cb2c43d8cb25.png,SCREENSHOT_DIRECT,A_GAPS_AND_PIANO,Volume transcribed directly; blank KD/intent does not cancel a numeric volume. Not actual page traffic.,,INCREMENTAL_QUERY_EVIDENCE_ALL_2026-09-18,2026-09-18T14:13:08.487Z
/chords/c-add9,cadd9 chord,US (user-selected context; not visible in every crop),2026-09-18,2400,NUMBER_POSITIVE,25,NUMBER,,,84b938e9-649a-4ad3-91b1-cb2c43d8cb25.png,SCREENSHOT_DIRECT,A_GAPS_AND_PIANO,Volume transcribed directly; blank KD/intent does not cancel a numeric volume. Not actual page traffic.,,INCREMENTAL_QUERY_EVIDENCE_ALL_2026-09-18,2026-09-18T14:13:08.487Z
/chords/c-add9,cadd9 piano,US (user-selected context; not visible in every crop),2026-09-18,590,NUMBER_POSITIVE,11,NUMBER,,,84b938e9-649a-4ad3-91b1-cb2c43d8cb25.png,SCREENSHOT_DIRECT,A_GAPS_AND_PIANO,Volume transcribed directly; blank KD/intent does not cancel a numeric volume. Not actual page traffic.,,INCREMENTAL_QUERY_EVIDENCE_ALL_2026-09-18,2026-09-18T14:13:08.487Z
/chords/c-augmented,c augmented chord,US (user batch setting),2026-09-17,590,NUMBER_POSITIVE,4,NUMBER,,,0d26efa8-bf8c-4209-bd71-cad9933ce78c.png,SCREENSHOT_DIRECT,R1_B,,,EXISTING_QUERY_EVIDENCE_2026-09-18,2026-09-18T14:13:08.487Z
/chords/c-augmented,c augmented chord piano,US (user-selected context; not visible in every crop),2026-09-18,70,NUMBER_POSITIVE,6,NUMBER,,,84b938e9-649a-4ad3-91b1-cb2c43d8cb25.png,SCREENSHOT_DIRECT,A_GAPS_AND_PIANO,Volume transcribed directly; blank KD/intent does not cancel a numeric volume. Not actual page traffic.,,INCREMENTAL_QUERY_EVIDENCE_ALL_2026-09-18,2026-09-18T14:13:08.487Z
/chords/c-diminished,c diminished chord,US (user batch setting),2026-09-17,1600,NUMBER_POSITIVE,8,NUMBER,,,0d26efa8-bf8c-4209-bd71-cad9933ce78c.png,SCREENSHOT_DIRECT,R1_B,,,EXISTING_QUERY_EVIDENCE_2026-09-18,2026-09-18T14:13:08.487Z
/chords/c-diminished,c diminished chord piano,US (user-selected context; not visible in every crop),2026-09-18,480,NUMBER_POSITIVE,13,NUMBER,,,84b938e9-649a-4ad3-91b1-cb2c43d8cb25.png,SCREENSHOT_DIRECT,A_GAPS_AND_PIANO,Volume transcribed directly; blank KD/intent does not cancel a numeric volume. Not actual page traffic.,,INCREMENTAL_QUERY_EVIDENCE_ALL_2026-09-18,2026-09-18T14:13:08.487Z
/chords/c-m7,cm7 chord,US (user batch setting),2026-09-17,1000,NUMBER_POSITIVE,21,NUMBER,,,b52715f1-e57e-416e-be83-077fcec17be6.png,SCREENSHOT_DIRECT,R1_A,,,EXISTING_QUERY_EVIDENCE_2026-09-18,2026-09-18T14:13:08.487Z
/chords/c-m7,cm7 piano,US (user-selected context; not visible in every crop),2026-09-18,590,NUMBER_POSITIVE,19,NUMBER,,,84b938e9-649a-4ad3-91b1-cb2c43d8cb25.png,SCREENSHOT_DIRECT,A_GAPS_AND_PIANO,Volume transcribed directly; blank KD/intent does not cancel a numeric volume. Not actual page traffic.,,INCREMENTAL_QUERY_EVIDENCE_ALL_2026-09-18,2026-09-18T14:13:08.487Z
/chords/c-m7-flat5,c half diminished chord,US (user batch setting),2026-09-17,20,NUMBER_POSITIVE,,EMPTY,,,83ae1cc2-860b-4772-b640-4d2f8caab6c8.png,SCREENSHOT_DIRECT,R2_B,,,EXISTING_QUERY_EVIDENCE_2026-09-18,2026-09-18T14:13:08.487Z
/chords/c-m7-flat5,c minor 7 flat 5 piano,US (user-selected context; not visible in every crop),2026-09-18,20,NUMBER_POSITIVE,,EMPTY,,,422be5a4-6957-47d4-866f-6dd91e0635f9.png,SCREENSHOT_DIRECT,C_LOW_VOLUME_OPTIONAL,Volume transcribed directly; blank KD/intent does not cancel a numeric volume. Not actual page traffic.,,INCREMENTAL_QUERY_EVIDENCE_ALL_2026-09-18,2026-09-18T14:13:08.487Z
/chords/c-m7-flat5,cm7b5 chord,US (user batch setting),2026-09-17,20,NUMBER_POSITIVE,,EMPTY,,,219d5b00-45d1-49ef-80d0-34073438f5af.png,SCREENSHOT_DIRECT,R1_A,,,EXISTING_QUERY_EVIDENCE_2026-09-18,2026-09-18T14:13:08.487Z
/chords/c-madd9,c minor add9 chord,US (user batch setting),2026-09-17,0,NUMBER_ZERO,,EMPTY,,,9c649d69-d442-4a26-87af-677957efa057.png,SCREENSHOT_DIRECT,R1_B,,,EXISTING_QUERY_EVIDENCE_2026-09-18,2026-09-18T14:13:08.487Z
/chords/c-madd9,c minor add9 chord,US (user batch setting),2026-09-17,0,NUMBER_ZERO,,EMPTY,,,7dfad5a6-183f-471c-8402-b0b4cef71285.png,SCREENSHOT_DIRECT,R2_A,,,EXISTING_QUERY_EVIDENCE_2026-09-18,2026-09-18T14:13:08.487Z
/chords/c-madd9,cm(add9) piano,US (user-selected context; not visible in every crop),2026-09-18,20,NUMBER_POSITIVE,,EMPTY,,,c558ba69-a4e7-4194-9d7a-dbaf06ecc1e8.png,SCREENSHOT_DIRECT,B_ZERO_OR_MISSING,Volume transcribed directly; blank KD/intent does not cancel a numeric volume. Not actual page traffic.,,INCREMENTAL_QUERY_EVIDENCE_ALL_2026-09-18,2026-09-18T14:13:08.487Z
/chords/c-madd9,cmadd9,US (user-selected context; not visible in every crop),2026-09-18,30,NUMBER_POSITIVE,,EMPTY,,,c558ba69-a4e7-4194-9d7a-dbaf06ecc1e8.png,SCREENSHOT_DIRECT,B_ZERO_OR_MISSING,Volume transcribed directly; blank KD/intent does not cancel a numeric volume. Not actual page traffic.,,INCREMENTAL_QUERY_EVIDENCE_ALL_2026-09-18,2026-09-18T14:13:08.487Z
/chords/c-madd9,cmadd9 chord,US (user batch setting),2026-09-17,0,NUMBER_ZERO,,EMPTY,,,7dfad5a6-183f-471c-8402-b0b4cef71285.png,SCREENSHOT_DIRECT,R2_A,,,EXISTING_QUERY_EVIDENCE_2026-09-18,2026-09-18T14:13:08.487Z
/chords/c-maj7,cmaj7 chord,US (user batch setting),2026-09-17,2900,NUMBER_POSITIVE,20,NUMBER,,,01c176a1-3f22-4499-84e8-03abc737972e.png,SCREENSHOT_DIRECT,R1_A,,,EXISTING_QUERY_EVIDENCE_2026-09-18,2026-09-18T14:13:08.487Z
/chords/c-maj7,cmaj7 piano,US (user-selected context; not visible in every crop),2026-09-18,1300,NUMBER_POSITIVE,18,NUMBER,,,84b938e9-649a-4ad3-91b1-cb2c43d8cb25.png,SCREENSHOT_DIRECT,A_GAPS_AND_PIANO,Volume transcribed directly; blank KD/intent does not cancel a numeric volume. Not actual page traffic.,,INCREMENTAL_QUERY_EVIDENCE_ALL_2026-09-18,2026-09-18T14:13:08.487Z
/chords/c-sharp-minor,c sharp minor chord,US (user batch setting),2026-09-17,1600,NUMBER_POSITIVE,15,NUMBER,,,01c176a1-3f22-4499-84e8-03abc737972e.png,SCREENSHOT_DIRECT,R1_A,,,EXISTING_QUERY_EVIDENCE_2026-09-18,2026-09-18T14:13:08.487Z
/chords/c-sus2,csus2 chord,US (user batch setting),2026-09-17,260,NUMBER_POSITIVE,7,NUMBER,,,a60b623a-fe4d-4ce9-b831-ad52fbc1aa2e.png,SCREENSHOT_DIRECT,R1_B,,,EXISTING_QUERY_EVIDENCE_2026-09-18,2026-09-18T14:13:08.487Z
/chords/c-sus4,csus4 chord,US (user batch setting),2026-09-17,210,NUMBER_POSITIVE,10,NUMBER,,,a60b623a-fe4d-4ce9-b831-ad52fbc1aa2e.png,SCREENSHOT_DIRECT,R1_B,,,EXISTING_QUERY_EVIDENCE_2026-09-18,2026-09-18T14:13:08.487Z
/chords/d-7,d 7th chord piano,US (user batch setting),2026-09-17,1300,NUMBER_POSITIVE,17,NUMBER,,,5cd98ea6-9ae0-49c9-94c7-8994b2e3a530.png,SCREENSHOT_DIRECT,EARLIER_SINGLE,Earlier standalone keyword overview; explicitly piano-qualified.,,EXISTING_QUERY_EVIDENCE_2026-09-18,2026-09-18T14:13:08.487Z
/chords/d-7,d7 chord,US (user batch setting),2026-09-17,6600,NUMBER_POSITIVE,24,NUMBER,,,c45756ea-7b7c-4586-a97c-6d2dc1340942.png,SCREENSHOT_DIRECT,R1_A,,,EXISTING_QUERY_EVIDENCE_2026-09-18,2026-09-18T14:13:08.487Z
/chords/d-add9,dadd9 chord,US (user batch setting),2026-09-17,140,NUMBER_POSITIVE,6,NUMBER,,,9647961e-4ab8-4675-bb14-e10b51c8982c.png,SCREENSHOT_DIRECT,R1_B,,,EXISTING_QUERY_EVIDENCE_2026-09-18,2026-09-18T14:13:08.487Z
/chords/d-augmented,d augmented chord,US (user batch setting),2026-09-17,390,NUMBER_POSITIVE,10,NUMBER,,,0d26efa8-bf8c-4209-bd71-cad9933ce78c.png,SCREENSHOT_DIRECT,R1_B,,,EXISTING_QUERY_EVIDENCE_2026-09-18,2026-09-18T14:13:08.487Z
/chords/d-diminished,d diminished chord,US (user batch setting),2026-09-17,880,NUMBER_POSITIVE,8,NUMBER,,,0d26efa8-bf8c-4209-bd71-cad9933ce78c.png,SCREENSHOT_DIRECT,R1_B,,,EXISTING_QUERY_EVIDENCE_2026-09-18,2026-09-18T14:13:08.487Z
/chords/d-flat-7,db7 chord,US (user batch setting),2026-09-17,260,NUMBER_POSITIVE,7,NUMBER,,,6799485e-be24-41c3-98ca-f6ca2f2975a6.png,SCREENSHOT_DIRECT,R1_A,,,EXISTING_QUERY_EVIDENCE_2026-09-18,2026-09-18T14:13:08.487Z
/chords/d-flat-add9,d flat add9 chord,US (user batch setting),2026-09-17,,USER_REPORTED_NO_DATA,,EMPTY,,,User message 2026-09-17T14:36:09Z: 后面的都没数据，不截图了,USER_REPORTED_REMAINDER,R2_A,Row not shown; user reports remaining rows have no data. Not a numeric zero.,,EXISTING_QUERY_EVIDENCE_2026-09-18,2026-09-18T14:13:08.487Z
/chords/d-flat-add9,dbadd9,US (user-selected context; not visible in every crop),2026-09-18,20,NUMBER_POSITIVE,,EMPTY,,,c558ba69-a4e7-4194-9d7a-dbaf06ecc1e8.png,SCREENSHOT_DIRECT,B_ZERO_OR_MISSING,Volume transcribed directly; blank KD/intent does not cancel a numeric volume. Not actual page traffic.,,INCREMENTAL_QUERY_EVIDENCE_ALL_2026-09-18,2026-09-18T14:13:08.487Z
/chords/d-flat-add9,dbadd9 chord,US (user batch setting),2026-09-17,,EMPTY_VOLUME,,EMPTY,,,9c649d69-d442-4a26-87af-677957efa057.png,SCREENSHOT_DIRECT,R1_B,,,EXISTING_QUERY_EVIDENCE_2026-09-18,2026-09-18T14:13:08.487Z
/chords/d-flat-add9,dbadd9 piano,US (user-selected context; not visible in every crop),2026-09-18,20,NUMBER_POSITIVE,,EMPTY,,,c558ba69-a4e7-4194-9d7a-dbaf06ecc1e8.png,SCREENSHOT_DIRECT,B_ZERO_OR_MISSING,Volume transcribed directly; blank KD/intent does not cancel a numeric volume. Not actual page traffic.,,INCREMENTAL_QUERY_EVIDENCE_ALL_2026-09-18,2026-09-18T14:13:08.487Z
/chords/d-flat-augmented,d flat augmented chord,US (user batch setting),2026-09-17,20,NUMBER_POSITIVE,,EMPTY,,,c884c0fa-0b7d-448d-8b50-40f1d4bcb882.png,SCREENSHOT_DIRECT,R1_B,,,EXISTING_QUERY_EVIDENCE_2026-09-18,2026-09-18T14:13:08.487Z
/chords/d-flat-augmented,dbaug chord,US (user-selected context; not visible in every crop),2026-09-18,0,NUMBER_ZERO,,EMPTY,,,abf5f6e3-2c5d-45d0-80d4-a49374d1728e.png,SCREENSHOT_DIRECT,C_LOW_VOLUME_OPTIONAL,Volume transcribed directly; blank KD/intent does not cancel a numeric volume. Not actual page traffic.,,INCREMENTAL_QUERY_EVIDENCE_ALL_2026-09-18,2026-09-18T14:13:08.487Z
/chords/d-flat-augmented,dbaug piano,US (user-selected context; not visible in every crop),2026-09-18,20,NUMBER_POSITIVE,,EMPTY,,,422be5a4-6957-47d4-866f-6dd91e0635f9.png,SCREENSHOT_DIRECT,C_LOW_VOLUME_OPTIONAL,Volume transcribed directly; blank KD/intent does not cancel a numeric volume. Not actual page traffic.,,INCREMENTAL_QUERY_EVIDENCE_ALL_2026-09-18,2026-09-18T14:13:08.487Z
/chords/d-flat-diminished,d flat diminished chord,US (user batch setting),2026-09-17,90,NUMBER_POSITIVE,4,NUMBER,,,9647961e-4ab8-4675-bb14-e10b51c8982c.png,SCREENSHOT_DIRECT,R1_B,,,EXISTING_QUERY_EVIDENCE_2026-09-18,2026-09-18T14:13:08.487Z
/chords/d-flat-diminished,dbdim chord,US (user-selected context; not visible in every crop),2026-09-18,20,NUMBER_POSITIVE,,EMPTY,,,422be5a4-6957-47d4-866f-6dd91e0635f9.png,SCREENSHOT_DIRECT,C_LOW_VOLUME_OPTIONAL,Volume transcribed directly; blank KD/intent does not cancel a numeric volume. Not actual page traffic.,,INCREMENTAL_QUERY_EVIDENCE_ALL_2026-09-18,2026-09-18T14:13:08.487Z
/chords/d-flat-diminished,dbdim piano,US (user-selected context; not visible in every crop),2026-09-18,20,NUMBER_POSITIVE,,EMPTY,,,422be5a4-6957-47d4-866f-6dd91e0635f9.png;abf5f6e3-2c5d-45d0-80d4-a49374d1728e.png,SCREENSHOT_DIRECT,C_LOW_VOLUME_OPTIONAL,Volume transcribed directly; blank KD/intent does not cancel a numeric volume. Not actual page traffic.,,INCREMENTAL_QUERY_EVIDENCE_ALL_2026-09-18,2026-09-18T14:13:08.487Z
/chords/d-flat-m7,d flat minor 7 chord,US (user batch setting),2026-09-17,20,NUMBER_POSITIVE,,EMPTY,,,83ae1cc2-860b-4772-b640-4d2f8caab6c8.png,SCREENSHOT_DIRECT,R2_B,,,EXISTING_QUERY_EVIDENCE_2026-09-18,2026-09-18T14:13:08.487Z
/chords/d-flat-m7,dbm7 chord,US (user batch setting),2026-09-17,20,NUMBER_POSITIVE,,EMPTY,,,219d5b00-45d1-49ef-80d0-34073438f5af.png,SCREENSHOT_DIRECT,R1_A,,,EXISTING_QUERY_EVIDENCE_2026-09-18,2026-09-18T14:13:08.487Z
/chords/d-flat-m7,dbm7 piano,US (user-selected context; not visible in every crop),2026-09-18,20,NUMBER_POSITIVE,,EMPTY,,,422be5a4-6957-47d4-866f-6dd91e0635f9.png;abf5f6e3-2c5d-45d0-80d4-a49374d1728e.png,SCREENSHOT_DIRECT,C_LOW_VOLUME_OPTIONAL,Volume transcribed directly; blank KD/intent does not cancel a numeric volume. Not actual page traffic.,,INCREMENTAL_QUERY_EVIDENCE_ALL_2026-09-18,2026-09-18T14:13:08.487Z
/chords/d-flat-m7-flat5,d flat half diminished chord,US (user batch setting),2026-09-17,,EMPTY_VOLUME,,EMPTY,,,7dfad5a6-183f-471c-8402-b0b4cef71285.png,SCREENSHOT_DIRECT,R2_A,,,EXISTING_QUERY_EVIDENCE_2026-09-18,2026-09-18T14:13:08.487Z
/chords/d-flat-m7-flat5,d flat minor 7 flat 5 chord,US (user-selected context; not visible in every crop),2026-09-18,,NO_NUMERIC_DATA,,EMPTY,,,c558ba69-a4e7-4194-9d7a-dbaf06ecc1e8.png,SCREENSHOT_DIRECT,B_ZERO_OR_MISSING,Volume transcribed directly; blank KD/intent does not cancel a numeric volume. Not actual page traffic.,,INCREMENTAL_QUERY_EVIDENCE_ALL_2026-09-18,2026-09-18T14:13:08.487Z
/chords/d-flat-m7-flat5,dbm7b5 chord,US (user batch setting),2026-09-17,,EMPTY_VOLUME,,EMPTY,,,152af2d2-6f29-410b-9bac-d8b817dff5e7.png,SCREENSHOT_DIRECT,R1_A,,,EXISTING_QUERY_EVIDENCE_2026-09-18,2026-09-18T14:13:08.487Z
/chords/d-flat-m7-flat5,dbm7b5 piano,US (user-selected context; not visible in every crop),2026-09-18,0,NUMBER_ZERO,,EMPTY,,,c558ba69-a4e7-4194-9d7a-dbaf06ecc1e8.png,SCREENSHOT_DIRECT,B_ZERO_OR_MISSING,Volume transcribed directly; blank KD/intent does not cancel a numeric volume. Not actual page traffic.,,INCREMENTAL_QUERY_EVIDENCE_ALL_2026-09-18,2026-09-18T14:13:08.487Z
/chords/d-flat-madd9,d flat minor add9 chord,US (user batch setting),2026-09-17,,EMPTY_VOLUME,,EMPTY,,,1e533955-41ab-4a73-81e9-3aa11e6dc982.png,SCREENSHOT_DIRECT,R1_B,,,EXISTING_QUERY_EVIDENCE_2026-09-18,2026-09-18T14:13:08.487Z
/chords/d-flat-madd9,d flat minor add9 chord,US (user batch setting),2026-09-17,,USER_REPORTED_NO_DATA,,EMPTY,,,User message 2026-09-17T14:36:09Z: 后面的都没数据，不截图了,USER_REPORTED_REMAINDER,R2_A,Row not shown; user reports remaining rows have no data. Not a numeric zero.,,EXISTING_QUERY_EVIDENCE_2026-09-18,2026-09-18T14:13:08.487Z
/chords/d-flat-madd9,dbm(add9) piano,US (user-selected context; not visible in every crop),2026-09-18,,NO_NUMERIC_DATA,,EMPTY,,,c558ba69-a4e7-4194-9d7a-dbaf06ecc1e8.png,SCREENSHOT_DIRECT,B_ZERO_OR_MISSING,Volume transcribed directly; blank KD/intent does not cancel a numeric volume. Not actual page traffic.,,INCREMENTAL_QUERY_EVIDENCE_ALL_2026-09-18,2026-09-18T14:13:08.487Z
/chords/d-flat-madd9,dbmadd9,US (user-selected context; not visible in every crop),2026-09-18,,NO_NUMERIC_DATA,,EMPTY,,,c558ba69-a4e7-4194-9d7a-dbaf06ecc1e8.png,SCREENSHOT_DIRECT,B_ZERO_OR_MISSING,Volume transcribed directly; blank KD/intent does not cancel a numeric volume. Not actual page traffic.,,INCREMENTAL_QUERY_EVIDENCE_ALL_2026-09-18,2026-09-18T14:13:08.487Z
/chords/d-flat-madd9,dbmadd9 chord,US (user batch setting),2026-09-17,,USER_REPORTED_NO_DATA,,EMPTY,,,User message 2026-09-17T14:36:09Z: 后面的都没数据，不截图了,USER_REPORTED_REMAINDER,R2_A,Row not shown; user reports remaining rows have no data. Not a numeric zero.,,EXISTING_QUERY_EVIDENCE_2026-09-18,2026-09-18T14:13:08.487Z
/chords/d-flat-maj7,dbmaj7 chord,US (user batch setting),2026-09-17,40,NUMBER_POSITIVE,5,NUMBER,,,6799485e-be24-41c3-98ca-f6ca2f2975a6.png,SCREENSHOT_DIRECT,R1_A,,,EXISTING_QUERY_EVIDENCE_2026-09-18,2026-09-18T14:13:08.487Z
/chords/d-flat-major,d flat major chord,US (user batch setting),2026-09-17,880,NUMBER_POSITIVE,7,NUMBER,,,b52715f1-e57e-416e-be83-077fcec17be6.png,SCREENSHOT_DIRECT,R1_A,,,EXISTING_QUERY_EVIDENCE_2026-09-18,2026-09-18T14:13:08.487Z
/chords/d-flat-sus2,d flat sus2 chord,US (user batch setting),2026-09-17,,USER_REPORTED_NO_DATA,,EMPTY,,,User message 2026-09-17T14:36:09Z: 后面的都没数据，不截图了,USER_REPORTED_REMAINDER,R2_A,Row not shown; user reports remaining rows have no data. Not a numeric zero.,,EXISTING_QUERY_EVIDENCE_2026-09-18,2026-09-18T14:13:08.487Z
/chords/d-flat-sus2,dbsus2,US (user-selected context; not visible in every crop),2026-09-18,20,NUMBER_POSITIVE,,EMPTY,,,c558ba69-a4e7-4194-9d7a-dbaf06ecc1e8.png,SCREENSHOT_DIRECT,B_ZERO_OR_MISSING,Volume transcribed directly; blank KD/intent does not cancel a numeric volume. Not actual page traffic.,,INCREMENTAL_QUERY_EVIDENCE_ALL_2026-09-18,2026-09-18T14:13:08.487Z
/chords/d-flat-sus2,dbsus2 chord,US (user batch setting),2026-09-17,,EMPTY_VOLUME,,EMPTY,,,9c649d69-d442-4a26-87af-677957efa057.png,SCREENSHOT_DIRECT,R1_B,,,EXISTING_QUERY_EVIDENCE_2026-09-18,2026-09-18T14:13:08.487Z
/chords/d-flat-sus2,dbsus2 piano,US (user-selected context; not visible in every crop),2026-09-18,,NO_NUMERIC_DATA,,EMPTY,,,c558ba69-a4e7-4194-9d7a-dbaf06ecc1e8.png,SCREENSHOT_DIRECT,B_ZERO_OR_MISSING,Volume transcribed directly; blank KD/intent does not cancel a numeric volume. Not actual page traffic.,,INCREMENTAL_QUERY_EVIDENCE_ALL_2026-09-18,2026-09-18T14:13:08.487Z
/chords/d-flat-sus4,d flat sus4 chord,US (user batch setting),2026-09-17,,USER_REPORTED_NO_DATA,,EMPTY,,,User message 2026-09-17T14:36:09Z: 后面的都没数据，不截图了,USER_REPORTED_REMAINDER,R2_A,Row not shown; user reports remaining rows have no data. Not a numeric zero.,,EXISTING_QUERY_EVIDENCE_2026-09-18,2026-09-18T14:13:08.487Z
/chords/d-flat-sus4,dbsus4,US (user-selected context; not visible in every crop),2026-09-18,20,NUMBER_POSITIVE,,EMPTY,,,c558ba69-a4e7-4194-9d7a-dbaf06ecc1e8.png,SCREENSHOT_DIRECT,B_ZERO_OR_MISSING,Volume transcribed directly; blank KD/intent does not cancel a numeric volume. Not actual page traffic.,,INCREMENTAL_QUERY_EVIDENCE_ALL_2026-09-18,2026-09-18T14:13:08.487Z
/chords/d-flat-sus4,dbsus4 chord,US (user batch setting),2026-09-17,0,NUMBER_ZERO,,EMPTY,,,9c649d69-d442-4a26-87af-677957efa057.png,SCREENSHOT_DIRECT,R1_B,,,EXISTING_QUERY_EVIDENCE_2026-09-18,2026-09-18T14:13:08.487Z
/chords/d-flat-sus4,dbsus4 piano,US (user-selected context; not visible in every crop),2026-09-18,20,NUMBER_POSITIVE,,EMPTY,,,c558ba69-a4e7-4194-9d7a-dbaf06ecc1e8.png,SCREENSHOT_DIRECT,B_ZERO_OR_MISSING,Volume transcribed directly; blank KD/intent does not cancel a numeric volume. Not actual page traffic.,,INCREMENTAL_QUERY_EVIDENCE_ALL_2026-09-18,2026-09-18T14:13:08.487Z
/chords/d-m7,dm7 chord,US (user batch setting),2026-09-17,3600,NUMBER_POSITIVE,17,NUMBER,,,01c176a1-3f22-4499-84e8-03abc737972e.png,SCREENSHOT_DIRECT,R1_A,,,EXISTING_QUERY_EVIDENCE_2026-09-18,2026-09-18T14:13:08.487Z
/chords/d-m7-flat5,d half diminished chord,US (user batch setting),2026-09-17,110,NUMBER_POSITIVE,8,NUMBER,,,83ae1cc2-860b-4772-b640-4d2f8caab6c8.png,SCREENSHOT_DIRECT,R2_B,,,EXISTING_QUERY_EVIDENCE_2026-09-18,2026-09-18T14:13:08.487Z
/chords/d-m7-flat5,dm7b5 chord,US (user batch setting),2026-09-17,20,NUMBER_POSITIVE,,EMPTY,,,219d5b00-45d1-49ef-80d0-34073438f5af.png,SCREENSHOT_DIRECT,R1_A,,,EXISTING_QUERY_EVIDENCE_2026-09-18,2026-09-18T14:13:08.487Z
/chords/d-madd9,d minor add9 chord,US (user batch setting),2026-09-17,,EMPTY_VOLUME,,EMPTY,,,1e533955-41ab-4a73-81e9-3aa11e6dc982.png,SCREENSHOT_DIRECT,R1_B,,,EXISTING_QUERY_EVIDENCE_2026-09-18,2026-09-18T14:13:08.487Z
/chords/d-madd9,d minor add9 chord,US (user batch setting),2026-09-17,,USER_REPORTED_NO_DATA,,EMPTY,,,User message 2026-09-17T14:36:09Z: 后面的都没数据，不截图了,USER_REPORTED_REMAINDER,R2_A,Row not shown; user reports remaining rows have no data. Not a numeric zero.,,EXISTING_QUERY_EVIDENCE_2026-09-18,2026-09-18T14:13:08.487Z
/chords/d-madd9,dm(add9) piano,US (user-selected context; not visible in every crop),2026-09-18,20,NUMBER_POSITIVE,,EMPTY,,,422be5a4-6957-47d4-866f-6dd91e0635f9.png;abf5f6e3-2c5d-45d0-80d4-a49374d1728e.png,SCREENSHOT_DIRECT,C_LOW_VOLUME_OPTIONAL,Volume transcribed directly; blank KD/intent does not cancel a numeric volume. Not actual page traffic.,,INCREMENTAL_QUERY_EVIDENCE_ALL_2026-09-18,2026-09-18T14:13:08.487Z
/chords/d-madd9,dmadd9 chord,US (user batch setting),2026-09-17,20,NUMBER_POSITIVE,,EMPTY,,,7dfad5a6-183f-471c-8402-b0b4cef71285.png,SCREENSHOT_DIRECT,R2_A,,,EXISTING_QUERY_EVIDENCE_2026-09-18,2026-09-18T14:13:08.487Z
/chords/d-maj7,dmaj7 chord,US (user batch setting),2026-09-17,720,NUMBER_POSITIVE,12,NUMBER,,,b52715f1-e57e-416e-be83-077fcec17be6.png,SCREENSHOT_DIRECT,R1_A,,,EXISTING_QUERY_EVIDENCE_2026-09-18,2026-09-18T14:13:08.487Z
/chords/d-major,d major chord,US (user batch setting),2026-09-17,4400,NUMBER_POSITIVE,25,NUMBER,,,01c176a1-3f22-4499-84e8-03abc737972e.png,SCREENSHOT_DIRECT,R1_A,,,EXISTING_QUERY_EVIDENCE_2026-09-18,2026-09-18T14:13:08.487Z
/chords/d-minor,d minor chord,US (user batch setting),2026-09-17,12100,NUMBER_POSITIVE,15,NUMBER,,,c45756ea-7b7c-4586-a97c-6d2dc1340942.png,SCREENSHOT_DIRECT,R1_A,,,EXISTING_QUERY_EVIDENCE_2026-09-18,2026-09-18T14:13:08.487Z
/chords/d-minor,d minor chord piano,US (user-selected context; not visible in every crop),2026-09-18,4400,NUMBER_POSITIVE,12,NUMBER,,,84b938e9-649a-4ad3-91b1-cb2c43d8cb25.png,SCREENSHOT_DIRECT,A_GAPS_AND_PIANO,Volume transcribed directly; blank KD/intent does not cancel a numeric volume. Not actual page traffic.,,INCREMENTAL_QUERY_EVIDENCE_ALL_2026-09-18,2026-09-18T14:13:08.487Z
/chords/d-sus2,dsus2 chord,US (user batch setting),2026-09-17,390,NUMBER_POSITIVE,7,NUMBER,,,a60b623a-fe4d-4ce9-b831-ad52fbc1aa2e.png,SCREENSHOT_DIRECT,R1_B,,,EXISTING_QUERY_EVIDENCE_2026-09-18,2026-09-18T14:13:08.487Z
/chords/d-sus4,dsus4 chord,US (user batch setting),2026-09-17,390,NUMBER_POSITIVE,8,NUMBER,,,a60b623a-fe4d-4ce9-b831-ad52fbc1aa2e.png,SCREENSHOT_DIRECT,R1_B,,,EXISTING_QUERY_EVIDENCE_2026-09-18,2026-09-18T14:13:08.487Z
/chords/e-7,e7 chord,US (user batch setting),2026-09-17,6600,NUMBER_POSITIVE,22,NUMBER,,,c45756ea-7b7c-4586-a97c-6d2dc1340942.png,SCREENSHOT_DIRECT,R1_A,,,EXISTING_QUERY_EVIDENCE_2026-09-18,2026-09-18T14:13:08.487Z
/chords/e-add9,eadd9 chord,US (user batch setting),2026-09-17,30,NUMBER_POSITIVE,,EMPTY,,,9647961e-4ab8-4675-bb14-e10b51c8982c.png,SCREENSHOT_DIRECT,R1_B,,,EXISTING_QUERY_EVIDENCE_2026-09-18,2026-09-18T14:13:08.487Z
/chords/e-augmented,e augmented chord,US (user batch setting),2026-09-17,320,NUMBER_POSITIVE,6,NUMBER,,,a60b623a-fe4d-4ce9-b831-ad52fbc1aa2e.png,SCREENSHOT_DIRECT,R1_B,,,EXISTING_QUERY_EVIDENCE_2026-09-18,2026-09-18T14:13:08.487Z
/chords/e-diminished,e diminished chord,US (user batch setting),2026-09-17,1300,NUMBER_POSITIVE,8,NUMBER,,,0d26efa8-bf8c-4209-bd71-cad9933ce78c.png,SCREENSHOT_DIRECT,R1_B,,,EXISTING_QUERY_EVIDENCE_2026-09-18,2026-09-18T14:13:08.487Z
/chords/e-flat-7,eb7 chord,US (user batch setting),2026-09-17,390,NUMBER_POSITIVE,7,NUMBER,,,b52715f1-e57e-416e-be83-077fcec17be6.png,SCREENSHOT_DIRECT,R1_A,,,EXISTING_QUERY_EVIDENCE_2026-09-18,2026-09-18T14:13:08.487Z
/chords/e-flat-add9,e flat add9 chord,US (user batch setting),2026-09-17,,EMPTY_VOLUME,,EMPTY,,,f6d95cec-4a92-44fa-9873-395b9b216073.png,SCREENSHOT_DIRECT,R2_B,,,EXISTING_QUERY_EVIDENCE_2026-09-18,2026-09-18T14:13:08.487Z
/chords/e-flat-add9,ebadd9 chord,US (user batch setting),2026-09-17,20,NUMBER_POSITIVE,,EMPTY,,,c884c0fa-0b7d-448d-8b50-40f1d4bcb882.png,SCREENSHOT_DIRECT,R1_B,,,EXISTING_QUERY_EVIDENCE_2026-09-18,2026-09-18T14:13:08.487Z
/chords/e-flat-add9,ebadd9 piano,US (user-selected context; not visible in every crop),2026-09-18,20,NUMBER_POSITIVE,,EMPTY,,,422be5a4-6957-47d4-866f-6dd91e0635f9.png;abf5f6e3-2c5d-45d0-80d4-a49374d1728e.png,SCREENSHOT_DIRECT,C_LOW_VOLUME_OPTIONAL,Volume transcribed directly; blank KD/intent does not cancel a numeric volume. Not actual page traffic.,,INCREMENTAL_QUERY_EVIDENCE_ALL_2026-09-18,2026-09-18T14:13:08.487Z
/chords/e-flat-augmented,e flat augmented chord,US (user batch setting),2026-09-17,70,NUMBER_POSITIVE,2,NUMBER,,,9647961e-4ab8-4675-bb14-e10b51c8982c.png,SCREENSHOT_DIRECT,R1_B,,,EXISTING_QUERY_EVIDENCE_2026-09-18,2026-09-18T14:13:08.487Z
/chords/e-flat-augmented,ebaug chord,US (user-selected context; not visible in every crop),2026-09-18,20,NUMBER_POSITIVE,,EMPTY,,,422be5a4-6957-47d4-866f-6dd91e0635f9.png;abf5f6e3-2c5d-45d0-80d4-a49374d1728e.png,SCREENSHOT_DIRECT,C_LOW_VOLUME_OPTIONAL,Volume transcribed directly; blank KD/intent does not cancel a numeric volume. Not actual page traffic.,,INCREMENTAL_QUERY_EVIDENCE_ALL_2026-09-18,2026-09-18T14:13:08.487Z
/chords/e-flat-augmented,ebaug piano,US (user-selected context; not visible in every crop),2026-09-18,20,NUMBER_POSITIVE,,EMPTY,,,422be5a4-6957-47d4-866f-6dd91e0635f9.png;abf5f6e3-2c5d-45d0-80d4-a49374d1728e.png,SCREENSHOT_DIRECT,C_LOW_VOLUME_OPTIONAL,Volume transcribed directly; blank KD/intent does not cancel a numeric volume. Not actual page traffic.,,INCREMENTAL_QUERY_EVIDENCE_ALL_2026-09-18,2026-09-18T14:13:08.487Z
/chords/e-flat-diminished,e flat diminished chord,US (user batch setting),2026-09-17,390,NUMBER_POSITIVE,6,NUMBER,,,a60b623a-fe4d-4ce9-b831-ad52fbc1aa2e.png,SCREENSHOT_DIRECT,R1_B,,,EXISTING_QUERY_EVIDENCE_2026-09-18,2026-09-18T14:13:08.487Z
/chords/e-flat-m7,ebm7 chord,US (user batch setting),2026-09-17,140,NUMBER_POSITIVE,5,NUMBER,,,6799485e-be24-41c3-98ca-f6ca2f2975a6.png,SCREENSHOT_DIRECT,R1_A,,,EXISTING_QUERY_EVIDENCE_2026-09-18,2026-09-18T14:13:08.487Z
/chords/e-flat-m7-flat5,e flat half diminished chord,US (user batch setting),2026-09-17,0,NUMBER_ZERO,,EMPTY,,,f6d95cec-4a92-44fa-9873-395b9b216073.png,SCREENSHOT_DIRECT,R2_B,,,EXISTING_QUERY_EVIDENCE_2026-09-18,2026-09-18T14:13:08.487Z
/chords/e-flat-m7-flat5,e flat minor 7 flat 5 piano,US (user-selected context; not visible in every crop),2026-09-18,0,NUMBER_ZERO,,EMPTY,,,abf5f6e3-2c5d-45d0-80d4-a49374d1728e.png,SCREENSHOT_DIRECT,C_LOW_VOLUME_OPTIONAL,Volume transcribed directly; blank KD/intent does not cancel a numeric volume. Not actual page traffic.,,INCREMENTAL_QUERY_EVIDENCE_ALL_2026-09-18,2026-09-18T14:13:08.487Z
/chords/e-flat-m7-flat5,ebm7b5,US (user-selected context; not visible in every crop),2026-09-18,20,NUMBER_POSITIVE,,EMPTY,,,422be5a4-6957-47d4-866f-6dd91e0635f9.png;abf5f6e3-2c5d-45d0-80d4-a49374d1728e.png,SCREENSHOT_DIRECT,C_LOW_VOLUME_OPTIONAL,Volume transcribed directly; blank KD/intent does not cancel a numeric volume. Not actual page traffic.,,INCREMENTAL_QUERY_EVIDENCE_ALL_2026-09-18,2026-09-18T14:13:08.487Z
/chords/e-flat-m7-flat5,ebm7b5 chord,US (user batch setting),2026-09-17,20,NUMBER_POSITIVE,,EMPTY,,,219d5b00-45d1-49ef-80d0-34073438f5af.png,SCREENSHOT_DIRECT,R1_A,,,EXISTING_QUERY_EVIDENCE_2026-09-18,2026-09-18T14:13:08.487Z
/chords/e-flat-madd9,e flat minor add9 chord,US (user batch setting),2026-09-17,,EMPTY_VOLUME,,EMPTY,,,1e533955-41ab-4a73-81e9-3aa11e6dc982.png,SCREENSHOT_DIRECT,R1_B,,,EXISTING_QUERY_EVIDENCE_2026-09-18,2026-09-18T14:13:08.487Z
/chords/e-flat-madd9,e flat minor add9 chord,US (user batch setting),2026-09-17,,USER_REPORTED_NO_DATA,,EMPTY,,,User message 2026-09-17T14:36:09Z: 后面的都没数据，不截图了,USER_REPORTED_REMAINDER,R2_A,Row not shown; user reports remaining rows have no data. Not a numeric zero.,,EXISTING_QUERY_EVIDENCE_2026-09-18,2026-09-18T14:13:08.487Z
/chords/e-flat-madd9,ebm(add9) piano,US (user-selected context; not visible in every crop),2026-09-18,,NO_NUMERIC_DATA,,EMPTY,,,c558ba69-a4e7-4194-9d7a-dbaf06ecc1e8.png,SCREENSHOT_DIRECT,B_ZERO_OR_MISSING,Volume transcribed directly; blank KD/intent does not cancel a numeric volume. Not actual page traffic.,,INCREMENTAL_QUERY_EVIDENCE_ALL_2026-09-18,2026-09-18T14:13:08.487Z
/chords/e-flat-madd9,ebmadd9,US (user-selected context; not visible in every crop),2026-09-18,20,NUMBER_POSITIVE,,EMPTY,,,c558ba69-a4e7-4194-9d7a-dbaf06ecc1e8.png,SCREENSHOT_DIRECT,B_ZERO_OR_MISSING,Volume transcribed directly; blank KD/intent does not cancel a numeric volume. Not actual page traffic.,,INCREMENTAL_QUERY_EVIDENCE_ALL_2026-09-18,2026-09-18T14:13:08.487Z
/chords/e-flat-madd9,ebmadd9 chord,US (user batch setting),2026-09-17,,USER_REPORTED_NO_DATA,,EMPTY,,,User message 2026-09-17T14:36:09Z: 后面的都没数据，不截图了,USER_REPORTED_REMAINDER,R2_A,Row not shown; user reports remaining rows have no data. Not a numeric zero.,,EXISTING_QUERY_EVIDENCE_2026-09-18,2026-09-18T14:13:08.487Z
/chords/e-flat-maj7,ebmaj7 chord,US (user batch setting),2026-09-17,170,NUMBER_POSITIVE,13,NUMBER,,,6799485e-be24-41c3-98ca-f6ca2f2975a6.png,SCREENSHOT_DIRECT,R1_A,,,EXISTING_QUERY_EVIDENCE_2026-09-18,2026-09-18T14:13:08.487Z
/chords/e-flat-major,e flat major chord,US (user batch setting),2026-09-17,1900,NUMBER_POSITIVE,20,NUMBER,,,01c176a1-3f22-4499-84e8-03abc737972e.png,SCREENSHOT_DIRECT,R1_A,,,EXISTING_QUERY_EVIDENCE_2026-09-18,2026-09-18T14:13:08.487Z
/chords/e-flat-minor,e flat minor chord,US (user batch setting),2026-09-17,590,NUMBER_POSITIVE,13,NUMBER,,,b52715f1-e57e-416e-be83-077fcec17be6.png,SCREENSHOT_DIRECT,R1_A,,,EXISTING_QUERY_EVIDENCE_2026-09-18,2026-09-18T14:13:08.487Z
/chords/e-flat-sus2,e flat sus2 chord,US (user batch setting),2026-09-17,0,NUMBER_ZERO,,EMPTY,,,f6d95cec-4a92-44fa-9873-395b9b216073.png,SCREENSHOT_DIRECT,R2_B,,,EXISTING_QUERY_EVIDENCE_2026-09-18,2026-09-18T14:13:08.487Z
/chords/e-flat-sus2,ebsus2,US (user-selected context; not visible in every crop),2026-09-18,20,NUMBER_POSITIVE,,EMPTY,,,422be5a4-6957-47d4-866f-6dd91e0635f9.png;abf5f6e3-2c5d-45d0-80d4-a49374d1728e.png,SCREENSHOT_DIRECT,C_LOW_VOLUME_OPTIONAL,Volume transcribed directly; blank KD/intent does not cancel a numeric volume. Not actual page traffic.,,INCREMENTAL_QUERY_EVIDENCE_ALL_2026-09-18,2026-09-18T14:13:08.487Z
/chords/e-flat-sus2,ebsus2 chord,US (user batch setting),2026-09-17,20,NUMBER_POSITIVE,,EMPTY,,,c884c0fa-0b7d-448d-8b50-40f1d4bcb882.png,SCREENSHOT_DIRECT,R1_B,,,EXISTING_QUERY_EVIDENCE_2026-09-18,2026-09-18T14:13:08.487Z
/chords/e-flat-sus2,ebsus2 piano,US (user-selected context; not visible in every crop),2026-09-18,20,NUMBER_POSITIVE,,EMPTY,,,422be5a4-6957-47d4-866f-6dd91e0635f9.png;abf5f6e3-2c5d-45d0-80d4-a49374d1728e.png,SCREENSHOT_DIRECT,C_LOW_VOLUME_OPTIONAL,Volume transcribed directly; blank KD/intent does not cancel a numeric volume. Not actual page traffic.,,INCREMENTAL_QUERY_EVIDENCE_ALL_2026-09-18,2026-09-18T14:13:08.487Z
/chords/e-flat-sus4,e flat sus4 chord,US (user batch setting),2026-09-17,,EMPTY_VOLUME,,EMPTY,,,f6d95cec-4a92-44fa-9873-395b9b216073.png,SCREENSHOT_DIRECT,R2_B,,,EXISTING_QUERY_EVIDENCE_2026-09-18,2026-09-18T14:13:08.487Z
/chords/e-flat-sus4,ebsus4,US (user-selected context; not visible in every crop),2026-09-18,20,NUMBER_POSITIVE,,EMPTY,,,422be5a4-6957-47d4-866f-6dd91e0635f9.png;abf5f6e3-2c5d-45d0-80d4-a49374d1728e.png,SCREENSHOT_DIRECT,C_LOW_VOLUME_OPTIONAL,Volume transcribed directly; blank KD/intent does not cancel a numeric volume. Not actual page traffic.,,INCREMENTAL_QUERY_EVIDENCE_ALL_2026-09-18,2026-09-18T14:13:08.487Z
/chords/e-flat-sus4,ebsus4 chord,US (user batch setting),2026-09-17,20,NUMBER_POSITIVE,,EMPTY,,,c884c0fa-0b7d-448d-8b50-40f1d4bcb882.png,SCREENSHOT_DIRECT,R1_B,,,EXISTING_QUERY_EVIDENCE_2026-09-18,2026-09-18T14:13:08.487Z
/chords/e-flat-sus4,ebsus4 piano,US (user-selected context; not visible in every crop),2026-09-18,20,NUMBER_POSITIVE,,EMPTY,,,abf5f6e3-2c5d-45d0-80d4-a49374d1728e.png,SCREENSHOT_DIRECT,C_LOW_VOLUME_OPTIONAL,Volume transcribed directly; blank KD/intent does not cancel a numeric volume. Not actual page traffic.,,INCREMENTAL_QUERY_EVIDENCE_ALL_2026-09-18,2026-09-18T14:13:08.487Z
/chords/e-m7,em7 chord,US (user batch setting),2026-09-17,3600,NUMBER_POSITIVE,12,NUMBER,,,01c176a1-3f22-4499-84e8-03abc737972e.png,SCREENSHOT_DIRECT,R1_A,,,EXISTING_QUERY_EVIDENCE_2026-09-18,2026-09-18T14:13:08.487Z
/chords/e-m7-flat5,e half diminished chord,US (user batch setting),2026-09-17,20,NUMBER_POSITIVE,,EMPTY,,,83ae1cc2-860b-4772-b640-4d2f8caab6c8.png,SCREENSHOT_DIRECT,R2_B,,,EXISTING_QUERY_EVIDENCE_2026-09-18,2026-09-18T14:13:08.487Z
/chords/e-m7-flat5,e minor 7 flat 5 piano,US (user-selected context; not visible in every crop),2026-09-18,20,NUMBER_POSITIVE,,EMPTY,,,422be5a4-6957-47d4-866f-6dd91e0635f9.png;abf5f6e3-2c5d-45d0-80d4-a49374d1728e.png,SCREENSHOT_DIRECT,C_LOW_VOLUME_OPTIONAL,Volume transcribed directly; blank KD/intent does not cancel a numeric volume. Not actual page traffic.,,INCREMENTAL_QUERY_EVIDENCE_ALL_2026-09-18,2026-09-18T14:13:08.487Z
/chords/e-m7-flat5,em7b5 chord,US (user batch setting),2026-09-17,20,NUMBER_POSITIVE,,EMPTY,,,219d5b00-45d1-49ef-80d0-34073438f5af.png,SCREENSHOT_DIRECT,R1_A,,,EXISTING_QUERY_EVIDENCE_2026-09-18,2026-09-18T14:13:08.487Z
/chords/e-madd9,e minor add9 chord,US (user batch setting),2026-09-17,,EMPTY_VOLUME,,EMPTY,,,1e533955-41ab-4a73-81e9-3aa11e6dc982.png,SCREENSHOT_DIRECT,R1_B,,,EXISTING_QUERY_EVIDENCE_2026-09-18,2026-09-18T14:13:08.487Z
/chords/e-madd9,e minor add9 chord,US (user batch setting),2026-09-17,,USER_REPORTED_NO_DATA,,EMPTY,,,User message 2026-09-17T14:36:09Z: 后面的都没数据，不截图了,USER_REPORTED_REMAINDER,R2_A,Row not shown; user reports remaining rows have no data. Not a numeric zero.,,EXISTING_QUERY_EVIDENCE_2026-09-18,2026-09-18T14:13:08.487Z
/chords/e-madd9,emadd9 chord,US (user batch setting),2026-09-17,20,NUMBER_POSITIVE,,EMPTY,,,7dfad5a6-183f-471c-8402-b0b4cef71285.png,SCREENSHOT_DIRECT,R2_A,,,EXISTING_QUERY_EVIDENCE_2026-09-18,2026-09-18T14:13:08.487Z
/chords/e-maj7,emaj7 chord,US (user batch setting),2026-09-17,320,NUMBER_POSITIVE,10,NUMBER,,,6799485e-be24-41c3-98ca-f6ca2f2975a6.png,SCREENSHOT_DIRECT,R1_A,,,EXISTING_QUERY_EVIDENCE_2026-09-18,2026-09-18T14:13:08.487Z
/chords/e-minor,e minor chord,US (user batch setting),2026-09-17,12100,NUMBER_POSITIVE,22,NUMBER,,,c45756ea-7b7c-4586-a97c-6d2dc1340942.png,SCREENSHOT_DIRECT,R1_A,,,EXISTING_QUERY_EVIDENCE_2026-09-18,2026-09-18T14:13:08.487Z
/chords/e-sus2,esus2 chord,US (user batch setting),2026-09-17,90,NUMBER_POSITIVE,5,NUMBER,,,9647961e-4ab8-4675-bb14-e10b51c8982c.png,SCREENSHOT_DIRECT,R1_B,,,EXISTING_QUERY_EVIDENCE_2026-09-18,2026-09-18T14:13:08.487Z
/chords/e-sus4,esus4 chord,US (user batch setting),2026-09-17,210,NUMBER_POSITIVE,11,NUMBER,,,a60b623a-fe4d-4ce9-b831-ad52fbc1aa2e.png,SCREENSHOT_DIRECT,R1_B,,,EXISTING_QUERY_EVIDENCE_2026-09-18,2026-09-18T14:13:08.487Z
/chords/f-7,f7 chord,US (user batch setting),2026-09-17,2400,NUMBER_POSITIVE,13,NUMBER,,,01c176a1-3f22-4499-84e8-03abc737972e.png,SCREENSHOT_DIRECT,R1_A,,,EXISTING_QUERY_EVIDENCE_2026-09-18,2026-09-18T14:13:08.487Z
/chords/f-add9,fadd9 chord,US (user batch setting),2026-09-17,320,NUMBER_POSITIVE,10,NUMBER,,,a60b623a-fe4d-4ce9-b831-ad52fbc1aa2e.png,SCREENSHOT_DIRECT,R1_B,,,EXISTING_QUERY_EVIDENCE_2026-09-18,2026-09-18T14:13:08.487Z
/chords/f-add9,fadd9 piano,US (user-selected context; not visible in every crop),2026-09-18,110,NUMBER_POSITIVE,6,NUMBER,,,84b938e9-649a-4ad3-91b1-cb2c43d8cb25.png,SCREENSHOT_DIRECT,A_GAPS_AND_PIANO,Volume transcribed directly; blank KD/intent does not cancel a numeric volume. Not actual page traffic.,,INCREMENTAL_QUERY_EVIDENCE_ALL_2026-09-18,2026-09-18T14:13:08.487Z
/chords/f-augmented,f augmented chord,US (user batch setting),2026-09-17,260,NUMBER_POSITIVE,6,NUMBER,,,a60b623a-fe4d-4ce9-b831-ad52fbc1aa2e.png,SCREENSHOT_DIRECT,R1_B,,,EXISTING_QUERY_EVIDENCE_2026-09-18,2026-09-18T14:13:08.487Z
/chords/f-diminished,f diminished chord,US (user batch setting),2026-09-17,590,NUMBER_POSITIVE,7,NUMBER,,,0d26efa8-bf8c-4209-bd71-cad9933ce78c.png,SCREENSHOT_DIRECT,R1_B,,,EXISTING_QUERY_EVIDENCE_2026-09-18,2026-09-18T14:13:08.487Z
/chords/f-m7,fm7 chord,US (user batch setting),2026-09-17,880,NUMBER_POSITIVE,15,NUMBER,,,b52715f1-e57e-416e-be83-077fcec17be6.png,SCREENSHOT_DIRECT,R1_A,,,EXISTING_QUERY_EVIDENCE_2026-09-18,2026-09-18T14:13:08.487Z
/chords/f-m7-flat5,f half diminished chord,US (user batch setting),2026-09-17,20,NUMBER_POSITIVE,,EMPTY,,,83ae1cc2-860b-4772-b640-4d2f8caab6c8.png,SCREENSHOT_DIRECT,R2_B,,,EXISTING_QUERY_EVIDENCE_2026-09-18,2026-09-18T14:13:08.487Z
/chords/f-m7-flat5,f minor 7 flat 5 piano,US (user-selected context; not visible in every crop),2026-09-18,0,NUMBER_ZERO,,EMPTY,,,abf5f6e3-2c5d-45d0-80d4-a49374d1728e.png,SCREENSHOT_DIRECT,C_LOW_VOLUME_OPTIONAL,Volume transcribed directly; blank KD/intent does not cancel a numeric volume. Not actual page traffic.,,INCREMENTAL_QUERY_EVIDENCE_ALL_2026-09-18,2026-09-18T14:13:08.487Z
/chords/f-m7-flat5,fm7b5 chord,US (user batch setting),2026-09-17,20,NUMBER_POSITIVE,,EMPTY,,,219d5b00-45d1-49ef-80d0-34073438f5af.png,SCREENSHOT_DIRECT,R1_A,,,EXISTING_QUERY_EVIDENCE_2026-09-18,2026-09-18T14:13:08.487Z
/chords/f-madd9,f minor add9 chord,US (user batch setting),2026-09-17,,EMPTY_VOLUME,,EMPTY,,,1e533955-41ab-4a73-81e9-3aa11e6dc982.png,SCREENSHOT_DIRECT,R1_B,,,EXISTING_QUERY_EVIDENCE_2026-09-18,2026-09-18T14:13:08.487Z
/chords/f-madd9,f minor add9 chord,US (user batch setting),2026-09-17,,USER_REPORTED_NO_DATA,,EMPTY,,,User message 2026-09-17T14:36:09Z: 后面的都没数据，不截图了,USER_REPORTED_REMAINDER,R2_A,Row not shown; user reports remaining rows have no data. Not a numeric zero.,,EXISTING_QUERY_EVIDENCE_2026-09-18,2026-09-18T14:13:08.487Z
/chords/f-madd9,fm(add9) piano,US (user-selected context; not visible in every crop),2026-09-18,20,NUMBER_POSITIVE,,EMPTY,,,abf5f6e3-2c5d-45d0-80d4-a49374d1728e.png,SCREENSHOT_DIRECT,C_LOW_VOLUME_OPTIONAL,Volume transcribed directly; blank KD/intent does not cancel a numeric volume. Not actual page traffic.,,INCREMENTAL_QUERY_EVIDENCE_ALL_2026-09-18,2026-09-18T14:13:08.487Z
/chords/f-madd9,fmadd9,US (user-selected context; not visible in every crop),2026-09-18,20,NUMBER_POSITIVE,,EMPTY,,,abf5f6e3-2c5d-45d0-80d4-a49374d1728e.png,SCREENSHOT_DIRECT,C_LOW_VOLUME_OPTIONAL,Volume transcribed directly; blank KD/intent does not cancel a numeric volume. Not actual page traffic.,,INCREMENTAL_QUERY_EVIDENCE_ALL_2026-09-18,2026-09-18T14:13:08.487Z
/chords/f-madd9,fmadd9 chord,US (user batch setting),2026-09-17,10,NUMBER_POSITIVE,,EMPTY,,,7dfad5a6-183f-471c-8402-b0b4cef71285.png,SCREENSHOT_DIRECT,R2_A,,,EXISTING_QUERY_EVIDENCE_2026-09-18,2026-09-18T14:13:08.487Z
/chords/f-maj7,fmaj7 chord,US (user batch setting),2026-09-17,1000,NUMBER_POSITIVE,17,NUMBER,,,b52715f1-e57e-416e-be83-077fcec17be6.png,SCREENSHOT_DIRECT,R1_A,,,EXISTING_QUERY_EVIDENCE_2026-09-18,2026-09-18T14:13:08.487Z
/chords/f-major,f major chord,US (user batch setting),2026-09-17,4400,NUMBER_POSITIVE,25,NUMBER,,,01c176a1-3f22-4499-84e8-03abc737972e.png,SCREENSHOT_DIRECT,R1_A,,,EXISTING_QUERY_EVIDENCE_2026-09-18,2026-09-18T14:13:08.487Z
/chords/f-minor,f minor chord,US (user batch setting),2026-09-17,6600,NUMBER_POSITIVE,17,NUMBER,,,c45756ea-7b7c-4586-a97c-6d2dc1340942.png,SCREENSHOT_DIRECT,R1_A,,,EXISTING_QUERY_EVIDENCE_2026-09-18,2026-09-18T14:13:08.487Z
/chords/f-sharp-7,f#7 chord,US (user batch setting),2026-09-17,590,NUMBER_POSITIVE,8,NUMBER,,,b52715f1-e57e-416e-be83-077fcec17be6.png,SCREENSHOT_DIRECT,R1_A,,,EXISTING_QUERY_EVIDENCE_2026-09-18,2026-09-18T14:13:08.487Z
/chords/f-sharp-add9,f sharp add9 chord,US (user batch setting),2026-09-17,,USER_REPORTED_NO_DATA,,EMPTY,,,User message 2026-09-17T14:36:09Z: 后面的都没数据，不截图了,USER_REPORTED_REMAINDER,R2_A,Row not shown; user reports remaining rows have no data. Not a numeric zero.,,EXISTING_QUERY_EVIDENCE_2026-09-18,2026-09-18T14:13:08.487Z
/chords/f-sharp-add9,f#add9,US (user-selected context; not visible in every crop),2026-09-18,0,NUMBER_ZERO,,EMPTY,,,c558ba69-a4e7-4194-9d7a-dbaf06ecc1e8.png,SCREENSHOT_DIRECT,B_ZERO_OR_MISSING,Volume transcribed directly; blank KD/intent does not cancel a numeric volume. Not actual page traffic.,,INCREMENTAL_QUERY_EVIDENCE_ALL_2026-09-18,2026-09-18T14:13:08.487Z
/chords/f-sharp-add9,f#add9 chord,US (user batch setting),2026-09-17,0,NUMBER_ZERO,,EMPTY,,,9c649d69-d442-4a26-87af-677957efa057.png,SCREENSHOT_DIRECT,R1_B,,,EXISTING_QUERY_EVIDENCE_2026-09-18,2026-09-18T14:13:08.487Z
/chords/f-sharp-add9,f#add9 piano,US (user-selected context; not visible in every crop),2026-09-18,40,NUMBER_POSITIVE,,EMPTY,,,c558ba69-a4e7-4194-9d7a-dbaf06ecc1e8.png,SCREENSHOT_DIRECT,B_ZERO_OR_MISSING,Volume transcribed directly; blank KD/intent does not cancel a numeric volume. Not actual page traffic.,,INCREMENTAL_QUERY_EVIDENCE_ALL_2026-09-18,2026-09-18T14:13:08.487Z
/chords/f-sharp-augmented,f sharp augmented chord,US (user batch setting),2026-09-17,20,NUMBER_POSITIVE,,EMPTY,,,c884c0fa-0b7d-448d-8b50-40f1d4bcb882.png,SCREENSHOT_DIRECT,R1_B,,,EXISTING_QUERY_EVIDENCE_2026-09-18,2026-09-18T14:13:08.487Z
/chords/f-sharp-augmented,f sharp augmented chord,US (user batch setting),2026-09-17,20,NUMBER_POSITIVE,,EMPTY,,,83ae1cc2-860b-4772-b640-4d2f8caab6c8.png,SCREENSHOT_DIRECT,R2_B,,,EXISTING_QUERY_EVIDENCE_2026-09-18,2026-09-18T14:13:08.487Z
/chords/f-sharp-diminished,f sharp diminished chord,US (user batch setting),2026-09-17,590,NUMBER_POSITIVE,6,NUMBER,,,0d26efa8-bf8c-4209-bd71-cad9933ce78c.png,SCREENSHOT_DIRECT,R1_B,,,EXISTING_QUERY_EVIDENCE_2026-09-18,2026-09-18T14:13:08.487Z
/chords/f-sharp-m7,f#m7 chord,US (user batch setting),2026-09-17,260,NUMBER_POSITIVE,7,NUMBER,,,6799485e-be24-41c3-98ca-f6ca2f2975a6.png,SCREENSHOT_DIRECT,R1_A,,,EXISTING_QUERY_EVIDENCE_2026-09-18,2026-09-18T14:13:08.487Z
/chords/f-sharp-m7-flat5,f sharp half diminished chord,US (user batch setting),2026-09-17,20,NUMBER_POSITIVE,,EMPTY,,,83ae1cc2-860b-4772-b640-4d2f8caab6c8.png,SCREENSHOT_DIRECT,R2_B,,,EXISTING_QUERY_EVIDENCE_2026-09-18,2026-09-18T14:13:08.487Z
/chords/f-sharp-m7-flat5,f sharp minor 7 flat 5 piano,US (user-selected context; not visible in every crop),2026-09-18,20,NUMBER_POSITIVE,,EMPTY,,,abf5f6e3-2c5d-45d0-80d4-a49374d1728e.png,SCREENSHOT_DIRECT,C_LOW_VOLUME_OPTIONAL,Volume transcribed directly; blank KD/intent does not cancel a numeric volume. Not actual page traffic.,,INCREMENTAL_QUERY_EVIDENCE_ALL_2026-09-18,2026-09-18T14:13:08.487Z
/chords/f-sharp-m7-flat5,f#m7b5 chord,US (user batch setting),2026-09-17,10,NUMBER_POSITIVE,,EMPTY,,,219d5b00-45d1-49ef-80d0-34073438f5af.png,SCREENSHOT_DIRECT,R1_A,,,EXISTING_QUERY_EVIDENCE_2026-09-18,2026-09-18T14:13:08.487Z
/chords/f-sharp-madd9,f sharp minor add9 chord,US (user batch setting),2026-09-17,0,NUMBER_ZERO,,EMPTY,,,9c649d69-d442-4a26-87af-677957efa057.png,SCREENSHOT_DIRECT,R1_B,,,EXISTING_QUERY_EVIDENCE_2026-09-18,2026-09-18T14:13:08.487Z
/chords/f-sharp-madd9,f sharp minor add9 chord,US (user batch setting),2026-09-17,0,NUMBER_ZERO,,EMPTY,,,7dfad5a6-183f-471c-8402-b0b4cef71285.png,SCREENSHOT_DIRECT,R2_A,,,EXISTING_QUERY_EVIDENCE_2026-09-18,2026-09-18T14:13:08.487Z
/chords/f-sharp-madd9,f#m(add9) piano,US (user-selected context; not visible in every crop),2026-09-18,0,NUMBER_ZERO,,EMPTY,,,c558ba69-a4e7-4194-9d7a-dbaf06ecc1e8.png,SCREENSHOT_DIRECT,B_ZERO_OR_MISSING,Volume transcribed directly; blank KD/intent does not cancel a numeric volume. Not actual page traffic.,,INCREMENTAL_QUERY_EVIDENCE_ALL_2026-09-18,2026-09-18T14:13:08.487Z
/chords/f-sharp-madd9,f#madd9,US (user-selected context; not visible in every crop),2026-09-18,0,NUMBER_ZERO,,EMPTY,,,c558ba69-a4e7-4194-9d7a-dbaf06ecc1e8.png,SCREENSHOT_DIRECT,B_ZERO_OR_MISSING,Volume transcribed directly; blank KD/intent does not cancel a numeric volume. Not actual page traffic.,,INCREMENTAL_QUERY_EVIDENCE_ALL_2026-09-18,2026-09-18T14:13:08.487Z
/chords/f-sharp-madd9,f#madd9 chord,US (user batch setting),2026-09-17,,USER_REPORTED_NO_DATA,,EMPTY,,,User message 2026-09-17T14:36:09Z: 后面的都没数据，不截图了,USER_REPORTED_REMAINDER,R2_A,Row not shown; user reports remaining rows have no data. Not a numeric zero.,,EXISTING_QUERY_EVIDENCE_2026-09-18,2026-09-18T14:13:08.487Z
/chords/f-sharp-maj7,f sharp major 7 chord,US (user batch setting),2026-09-17,90,NUMBER_POSITIVE,5,NUMBER,,,7dfad5a6-183f-471c-8402-b0b4cef71285.png,SCREENSHOT_DIRECT,R2_A,,,EXISTING_QUERY_EVIDENCE_2026-09-18,2026-09-18T14:13:08.487Z
/chords/f-sharp-maj7,f#maj7,US (user-selected context; not visible in every crop),2026-09-18,20,NUMBER_POSITIVE,,EMPTY,,,abf5f6e3-2c5d-45d0-80d4-a49374d1728e.png,SCREENSHOT_DIRECT,C_LOW_VOLUME_OPTIONAL,Volume transcribed directly; blank KD/intent does not cancel a numeric volume. Not actual page traffic.,,INCREMENTAL_QUERY_EVIDENCE_ALL_2026-09-18,2026-09-18T14:13:08.487Z
/chords/f-sharp-maj7,f#maj7 chord,US (user batch setting),2026-09-17,0,NUMBER_ZERO,,EMPTY,,,219d5b00-45d1-49ef-80d0-34073438f5af.png,SCREENSHOT_DIRECT,R1_A,,,EXISTING_QUERY_EVIDENCE_2026-09-18,2026-09-18T14:13:08.487Z
/chords/f-sharp-maj7,f#maj7 piano,US (user-selected context; not visible in every crop),2026-09-18,0,NUMBER_ZERO,,EMPTY,,,abf5f6e3-2c5d-45d0-80d4-a49374d1728e.png,SCREENSHOT_DIRECT,C_LOW_VOLUME_OPTIONAL,Volume transcribed directly; blank KD/intent does not cancel a numeric volume. Not actual page traffic.,,INCREMENTAL_QUERY_EVIDENCE_ALL_2026-09-18,2026-09-18T14:13:08.487Z
/chords/f-sharp-major,f sharp major chord,US (user batch setting),2026-09-17,880,NUMBER_POSITIVE,15,NUMBER,,,b52715f1-e57e-416e-be83-077fcec17be6.png,SCREENSHOT_DIRECT,R1_A,,,EXISTING_QUERY_EVIDENCE_2026-09-18,2026-09-18T14:13:08.487Z
/chords/f-sharp-minor,f sharp minor chord,US (user batch setting),2026-09-17,3600,NUMBER_POSITIVE,14,NUMBER,,,01c176a1-3f22-4499-84e8-03abc737972e.png,SCREENSHOT_DIRECT,R1_A,,,EXISTING_QUERY_EVIDENCE_2026-09-18,2026-09-18T14:13:08.487Z
/chords/f-sharp-sus2,f sharp sus2 chord,US (user batch setting),2026-09-17,,USER_REPORTED_NO_DATA,,EMPTY,,,User message 2026-09-17T14:36:09Z: 后面的都没数据，不截图了,USER_REPORTED_REMAINDER,R2_A,Row not shown; user reports remaining rows have no data. Not a numeric zero.,,EXISTING_QUERY_EVIDENCE_2026-09-18,2026-09-18T14:13:08.487Z
/chords/f-sharp-sus2,f#sus2,US (user-selected context; not visible in every crop),2026-09-18,10,NUMBER_POSITIVE,,EMPTY,,,c558ba69-a4e7-4194-9d7a-dbaf06ecc1e8.png,SCREENSHOT_DIRECT,B_ZERO_OR_MISSING,Volume transcribed directly; blank KD/intent does not cancel a numeric volume. Not actual page traffic.,,INCREMENTAL_QUERY_EVIDENCE_ALL_2026-09-18,2026-09-18T14:13:08.487Z
/chords/f-sharp-sus2,f#sus2 chord,US (user batch setting),2026-09-17,0,NUMBER_ZERO,,EMPTY,,,9c649d69-d442-4a26-87af-677957efa057.png,SCREENSHOT_DIRECT,R1_B,,,EXISTING_QUERY_EVIDENCE_2026-09-18,2026-09-18T14:13:08.487Z
/chords/f-sharp-sus4,f sharp sus4 chord,US (user batch setting),2026-09-17,,EMPTY_VOLUME,,EMPTY,,,f6d95cec-4a92-44fa-9873-395b9b216073.png,SCREENSHOT_DIRECT,R2_B,,,EXISTING_QUERY_EVIDENCE_2026-09-18,2026-09-18T14:13:08.487Z
/chords/f-sharp-sus4,f#sus4 chord,US (user batch setting),2026-09-17,10,NUMBER_POSITIVE,,EMPTY,,,9c649d69-d442-4a26-87af-677957efa057.png,SCREENSHOT_DIRECT,R1_B,,,EXISTING_QUERY_EVIDENCE_2026-09-18,2026-09-18T14:13:08.487Z
/chords/f-sharp-sus4,f#sus4 piano,US (user-selected context; not visible in every crop),2026-09-18,10,NUMBER_POSITIVE,,EMPTY,,,abf5f6e3-2c5d-45d0-80d4-a49374d1728e.png,SCREENSHOT_DIRECT,C_LOW_VOLUME_OPTIONAL,Volume transcribed directly; blank KD/intent does not cancel a numeric volume. Not actual page traffic.,,INCREMENTAL_QUERY_EVIDENCE_ALL_2026-09-18,2026-09-18T14:13:08.487Z
/chords/f-sus2,fsus2 chord,US (user batch setting),2026-09-17,170,NUMBER_POSITIVE,6,NUMBER,,,9647961e-4ab8-4675-bb14-e10b51c8982c.png,SCREENSHOT_DIRECT,R1_B,,,EXISTING_QUERY_EVIDENCE_2026-09-18,2026-09-18T14:13:08.487Z
/chords/f-sus4,f sus4 chord,US (user batch setting),2026-09-17,10,NUMBER_POSITIVE,,EMPTY,,,f6d95cec-4a92-44fa-9873-395b9b216073.png,SCREENSHOT_DIRECT,R2_B,,,EXISTING_QUERY_EVIDENCE_2026-09-18,2026-09-18T14:13:08.487Z
/chords/f-sus4,fsus4 chord,US (user batch setting),2026-09-17,20,NUMBER_POSITIVE,,EMPTY,,,c884c0fa-0b7d-448d-8b50-40f1d4bcb882.png,SCREENSHOT_DIRECT,R1_B,,,EXISTING_QUERY_EVIDENCE_2026-09-18,2026-09-18T14:13:08.487Z
/chords/g-7,g7 chord,US (user batch setting),2026-09-17,8100,NUMBER_POSITIVE,22,NUMBER,,,c45756ea-7b7c-4586-a97c-6d2dc1340942.png,SCREENSHOT_DIRECT,R1_A,,,EXISTING_QUERY_EVIDENCE_2026-09-18,2026-09-18T14:13:08.487Z
/chords/g-add9,gadd9 chord,US (user batch setting),2026-09-17,170,NUMBER_POSITIVE,6,NUMBER,,,9647961e-4ab8-4675-bb14-e10b51c8982c.png,SCREENSHOT_DIRECT,R1_B,,,EXISTING_QUERY_EVIDENCE_2026-09-18,2026-09-18T14:13:08.487Z
/chords/g-augmented,g augmented chord,US (user batch setting),2026-09-17,390,NUMBER_POSITIVE,6,NUMBER,,,a60b623a-fe4d-4ce9-b831-ad52fbc1aa2e.png,SCREENSHOT_DIRECT,R1_B,,,EXISTING_QUERY_EVIDENCE_2026-09-18,2026-09-18T14:13:08.487Z
/chords/g-diminished,g diminished chord,US (user batch setting),2026-09-17,720,NUMBER_POSITIVE,7,NUMBER,,,0d26efa8-bf8c-4209-bd71-cad9933ce78c.png,SCREENSHOT_DIRECT,R1_B,,,EXISTING_QUERY_EVIDENCE_2026-09-18,2026-09-18T14:13:08.487Z
/chords/g-m7,gm7 chord,US (user batch setting),2026-09-17,1300,NUMBER_POSITIVE,16,NUMBER,,,01c176a1-3f22-4499-84e8-03abc737972e.png,SCREENSHOT_DIRECT,R1_A,,,EXISTING_QUERY_EVIDENCE_2026-09-18,2026-09-18T14:13:08.487Z
/chords/g-m7-flat5,g half diminished chord,US (user batch setting),2026-09-17,20,NUMBER_POSITIVE,,EMPTY,,,83ae1cc2-860b-4772-b640-4d2f8caab6c8.png,SCREENSHOT_DIRECT,R2_B,,,EXISTING_QUERY_EVIDENCE_2026-09-18,2026-09-18T14:13:08.487Z
/chords/g-m7-flat5,g minor 7 flat 5 piano,US (user-selected context; not visible in every crop),2026-09-18,20,NUMBER_POSITIVE,,EMPTY,,,abf5f6e3-2c5d-45d0-80d4-a49374d1728e.png,SCREENSHOT_DIRECT,C_LOW_VOLUME_OPTIONAL,Volume transcribed directly; blank KD/intent does not cancel a numeric volume. Not actual page traffic.,,INCREMENTAL_QUERY_EVIDENCE_ALL_2026-09-18,2026-09-18T14:13:08.487Z
/chords/g-m7-flat5,gm7b5 chord,US (user batch setting),2026-09-17,20,NUMBER_POSITIVE,,EMPTY,,,219d5b00-45d1-49ef-80d0-34073438f5af.png,SCREENSHOT_DIRECT,R1_A,,,EXISTING_QUERY_EVIDENCE_2026-09-18,2026-09-18T14:13:08.487Z
/chords/g-madd9,g minor add9 chord,US (user batch setting),2026-09-17,,EMPTY_VOLUME,,EMPTY,,,1e533955-41ab-4a73-81e9-3aa11e6dc982.png,SCREENSHOT_DIRECT,R1_B,,,EXISTING_QUERY_EVIDENCE_2026-09-18,2026-09-18T14:13:08.487Z
/chords/g-madd9,g minor add9 chord,US (user batch setting),2026-09-17,,USER_REPORTED_NO_DATA,,EMPTY,,,User message 2026-09-17T14:36:09Z: 后面的都没数据，不截图了,USER_REPORTED_REMAINDER,R2_A,Row not shown; user reports remaining rows have no data. Not a numeric zero.,,EXISTING_QUERY_EVIDENCE_2026-09-18,2026-09-18T14:13:08.487Z
/chords/g-madd9,gm(add9) piano,US (user-selected context; not visible in every crop),2026-09-18,20,NUMBER_POSITIVE,,EMPTY,,,abf5f6e3-2c5d-45d0-80d4-a49374d1728e.png,SCREENSHOT_DIRECT,C_LOW_VOLUME_OPTIONAL,Volume transcribed directly; blank KD/intent does not cancel a numeric volume. Not actual page traffic.,,INCREMENTAL_QUERY_EVIDENCE_ALL_2026-09-18,2026-09-18T14:13:08.487Z
/chords/g-madd9,gmadd9,US (user-selected context; not visible in every crop),2026-09-18,20,NUMBER_POSITIVE,,EMPTY,,,abf5f6e3-2c5d-45d0-80d4-a49374d1728e.png,SCREENSHOT_DIRECT,C_LOW_VOLUME_OPTIONAL,Volume transcribed directly; blank KD/intent does not cancel a numeric volume. Not actual page traffic.,,INCREMENTAL_QUERY_EVIDENCE_ALL_2026-09-18,2026-09-18T14:13:08.487Z
/chords/g-madd9,gmadd9 chord,US (user batch setting),2026-09-17,10,NUMBER_POSITIVE,,EMPTY,,,7dfad5a6-183f-471c-8402-b0b4cef71285.png,SCREENSHOT_DIRECT,R2_A,,,EXISTING_QUERY_EVIDENCE_2026-09-18,2026-09-18T14:13:08.487Z
/chords/g-maj7,gmaj7 chord,US (user batch setting),2026-09-17,1000,NUMBER_POSITIVE,13,NUMBER,,,b52715f1-e57e-416e-be83-077fcec17be6.png,SCREENSHOT_DIRECT,R1_A,,,EXISTING_QUERY_EVIDENCE_2026-09-18,2026-09-18T14:13:08.487Z
/chords/g-major,g major chord,US (user batch setting),2026-09-17,5400,NUMBER_POSITIVE,28,NUMBER,,,c45756ea-7b7c-4586-a97c-6d2dc1340942.png,SCREENSHOT_DIRECT,R1_A,,,EXISTING_QUERY_EVIDENCE_2026-09-18,2026-09-18T14:13:08.487Z
/chords/g-minor,g minor chord,US (user batch setting),2026-09-17,12100,NUMBER_POSITIVE,19,NUMBER,,,c45756ea-7b7c-4586-a97c-6d2dc1340942.png,SCREENSHOT_DIRECT,R1_A,,,EXISTING_QUERY_EVIDENCE_2026-09-18,2026-09-18T14:13:08.487Z
/chords/g-sharp-minor,g sharp minor chord,US (user batch setting),2026-09-17,590,NUMBER_POSITIVE,15,NUMBER,,,b52715f1-e57e-416e-be83-077fcec17be6.png,SCREENSHOT_DIRECT,R1_A,,,EXISTING_QUERY_EVIDENCE_2026-09-18,2026-09-18T14:13:08.487Z
/chords/g-sus2,gsus2 chord,US (user batch setting),2026-09-17,170,NUMBER_POSITIVE,10,NUMBER,,,9647961e-4ab8-4675-bb14-e10b51c8982c.png,SCREENSHOT_DIRECT,R1_B,,,EXISTING_QUERY_EVIDENCE_2026-09-18,2026-09-18T14:13:08.487Z
/chords/g-sus4,gsus4 chord,US (user batch setting),2026-09-17,590,NUMBER_POSITIVE,16,NUMBER,,,0d26efa8-bf8c-4209-bd71-cad9933ce78c.png,SCREENSHOT_DIRECT,R1_B,,,EXISTING_QUERY_EVIDENCE_2026-09-18,2026-09-18T14:13:08.487Z
/chords/seventh,7th chords,US (user batch setting),2026-09-17,1900,NUMBER_POSITIVE,37,NUMBER,,,7dfad5a6-183f-471c-8402-b0b4cef71285.png,SCREENSHOT_DIRECT,R2_A,,,EXISTING_QUERY_EVIDENCE_2026-09-18,2026-09-18T14:13:08.487Z
/chords/seventh,7th chords piano,US (user-selected context; not visible in every crop),2026-09-18,390,NUMBER_POSITIVE,24,NUMBER,,,84b938e9-649a-4ad3-91b1-cb2c43d8cb25.png,SCREENSHOT_DIRECT,A_GAPS_AND_PIANO,Volume transcribed directly; blank KD/intent does not cancel a numeric volume. Not actual page traffic.,,INCREMENTAL_QUERY_EVIDENCE_ALL_2026-09-18,2026-09-18T14:13:08.487Z
/chords/b-7,b7 chord,US (Semrush; user screenshot 2026-09-19),2026-09-19,9900,NUMBER_POSITIVE,27,NUMBER,,,c39ac412-1136-4fe2-a36f-3220b0047b50.png,SCREENSHOT_DIRECT_USER_TRANSCRIPT,C_TDH_ALIGNMENT_B7_2026-09-19,"Generic query from 2026-09-19 Semrush US screenshot. Not all demand is piano. Do not sum with aliases. Independent of 2026-09-17 same query/volume row (different date+batch). Screenshot filename provided by user; file not present in this worktree. Values transcribed from the prompt, not re-scraped. intent_fit stays UNCHECKED (no US Google TOP10).",FILENAME_PROVIDED_FILE_ABSENT,USER_SEMRUSH_US_2026-09-19,2026-09-19T10:00:00.000Z
/chords/b-7,b7 chord in piano,US (Semrush; user screenshot 2026-09-19),2026-09-19,1600,NUMBER_POSITIVE,19,NUMBER,,,c39ac412-1136-4fe2-a36f-3220b0047b50.png,SCREENSHOT_DIRECT_USER_TRANSCRIPT,C_TDH_ALIGNMENT_B7_2026-09-19,"Piano-expressed query kept verbatim. Not used as Title wording. Not the same query as b7 chord piano or b7 piano. Screenshot filename provided by user; file not present in this worktree. Values transcribed from the prompt, not re-scraped. intent_fit stays UNCHECKED (no US Google TOP10).",FILENAME_PROVIDED_FILE_ABSENT,USER_SEMRUSH_US_2026-09-19,2026-09-19T10:00:00.000Z
/chords/b-7,b7 chord piano,US (Semrush; user screenshot 2026-09-19),2026-09-19,1300,NUMBER_POSITIVE,18,NUMBER,,,c39ac412-1136-4fe2-a36f-3220b0047b50.png,SCREENSHOT_DIRECT_USER_TRANSCRIPT,C_TDH_ALIGNMENT_B7_2026-09-19,"Explicit piano query named in the 2026-09-19 alignment brief. Not the same query as b7 piano=590 or b7 chord in piano=1600. Screenshot filename provided by user; file not present in this worktree. Values transcribed from the prompt, not re-scraped. intent_fit stays UNCHECKED (no US Google TOP10).",FILENAME_PROVIDED_FILE_ABSENT,USER_SEMRUSH_US_2026-09-19,2026-09-19T10:00:00.000Z
,b7 guitar chord,US (Semrush; user screenshot 2026-09-19),2026-09-19,8100,NUMBER_POSITIVE,27,NUMBER,GUITAR_EXCLUDED,,c39ac412-1136-4fe2-a36f-3220b0047b50.png,SCREENSHOT_DIRECT_USER_TRANSCRIPT,C_TDH_ALIGNMENT_B7_2026-09-19,"GUITAR_EXCLUDED. Do not map to piano demand or inherit this volume onto /chords/b-7 after rewriting guitar to piano. Screenshot filename provided by user; file not present in this worktree. Values transcribed from the prompt, not re-scraped. intent_fit stays UNCHECKED (no US Google TOP10).",FILENAME_PROVIDED_FILE_ABSENT,USER_SEMRUSH_US_2026-09-19,2026-09-19T10:00:00.000Z
,b7 chord guitar,US (Semrush; user screenshot 2026-09-19),2026-09-19,5400,NUMBER_POSITIVE,32,NUMBER,GUITAR_EXCLUDED,,c39ac412-1136-4fe2-a36f-3220b0047b50.png,SCREENSHOT_DIRECT_USER_TRANSCRIPT,C_TDH_ALIGNMENT_B7_2026-09-19,"GUITAR_EXCLUDED. Do not map to piano demand. Screenshot filename provided by user; file not present in this worktree. Values transcribed from the prompt, not re-scraped. intent_fit stays UNCHECKED (no US Google TOP10).",FILENAME_PROVIDED_FILE_ABSENT,USER_SEMRUSH_US_2026-09-19,2026-09-19T10:00:00.000Z
,how to play a b7 chord on guitar,US (Semrush; user screenshot 2026-09-19),2026-09-19,110,NUMBER_POSITIVE,36,NUMBER,GUITAR_EXCLUDED,,c39ac412-1136-4fe2-a36f-3220b0047b50.png,SCREENSHOT_DIRECT_USER_TRANSCRIPT,C_TDH_ALIGNMENT_B7_2026-09-19,"GUITAR_EXCLUDED. Do not map to piano demand. Screenshot filename provided by user; file not present in this worktree. Values transcribed from the prompt, not re-scraped. intent_fit stays UNCHECKED (no US Google TOP10).",FILENAME_PROVIDED_FILE_ABSENT,USER_SEMRUSH_US_2026-09-19,2026-09-19T10:00:00.000Z
,how to play a b7 guitar chord,US (Semrush; user screenshot 2026-09-19),2026-09-19,90,NUMBER_POSITIVE,34,NUMBER,GUITAR_EXCLUDED,,c39ac412-1136-4fe2-a36f-3220b0047b50.png,SCREENSHOT_DIRECT_USER_TRANSCRIPT,C_TDH_ALIGNMENT_B7_2026-09-19,"GUITAR_EXCLUDED. Do not map to piano demand. Screenshot filename provided by user; file not present in this worktree. Values transcribed from the prompt, not re-scraped. intent_fit stays UNCHECKED (no US Google TOP10).",FILENAME_PROVIDED_FILE_ABSENT,USER_SEMRUSH_US_2026-09-19,2026-09-19T10:00:00.000Z
/chords/b-7,what is a b7 chord,US (Semrush; user screenshot 2026-09-19),2026-09-19,70,NUMBER_POSITIVE,31,NUMBER,,,c39ac412-1136-4fe2-a36f-3220b0047b50.png,SCREENSHOT_DIRECT_USER_TRANSCRIPT,C_TDH_ALIGNMENT_B7_2026-09-19,"Definition query. Pair with what is b7 chord in one FAQ/definition paragraph; do not create a second FAQ page. Screenshot filename provided by user; file not present in this worktree. Values transcribed from the prompt, not re-scraped. intent_fit stays UNCHECKED (no US Google TOP10).",FILENAME_PROVIDED_FILE_ABSENT,USER_SEMRUSH_US_2026-09-19,2026-09-19T10:00:00.000Z
/chords/b-7,what is b7 chord,US (Semrush; user screenshot 2026-09-19),2026-09-19,70,NUMBER_POSITIVE,25,NUMBER,,,c39ac412-1136-4fe2-a36f-3220b0047b50.png,SCREENSHOT_DIRECT_USER_TRANSCRIPT,C_TDH_ALIGNMENT_B7_2026-09-19,"Same definition task as what is a b7 chord. One natural FAQ only. Do not invent a second page. Screenshot filename provided by user; file not present in this worktree. Values transcribed from the prompt, not re-scraped. intent_fit stays UNCHECKED (no US Google TOP10).",FILENAME_PROVIDED_FILE_ABSENT,USER_SEMRUSH_US_2026-09-19,2026-09-19T10:00:00.000Z
,how to play b7 chord on guitar,US (Semrush; user screenshot 2026-09-19),2026-09-19,40,NUMBER_POSITIVE,27,NUMBER,GUITAR_EXCLUDED,,c39ac412-1136-4fe2-a36f-3220b0047b50.png,SCREENSHOT_DIRECT_USER_TRANSCRIPT,C_TDH_ALIGNMENT_B7_2026-09-19,"GUITAR_EXCLUDED. Do not map to piano demand. Screenshot filename provided by user; file not present in this worktree. Values transcribed from the prompt, not re-scraped. intent_fit stays UNCHECKED (no US Google TOP10).",FILENAME_PROVIDED_FILE_ABSENT,USER_SEMRUSH_US_2026-09-19,2026-09-19T10:00:00.000Z
