url,collection,in_A,in_B,in_C,in_D,in_E,in_F,in_138_csv,original_plan_keyword_rows
/chords,D_hub,true,false,false,true,false,false,false,59
/chords/major,B_family,true,true,false,false,false,false,false,0
/chords/minor,B_family,true,true,false,false,false,false,false,0
/chords/diminished,B_family,true,true,false,false,false,false,false,0
/chords/augmented,B_family,true,true,false,false,false,false,false,0
/chords/suspended,B_family,true,true,false,false,false,false,false,0
/chords/seventh,B_family,true,true,false,false,false,false,true,0
/chords/add,B_family,true,true,false,false,false,false,false,0
/chords/extended,B_family,true,true,false,false,false,false,false,0
/chords/altered,B_family,true,true,false,false,false,false,false,0
/chords/c-add9,C_detail,true,false,true,false,false,true,true,0
/chords/d-flat-add9,C_detail,true,false,true,false,false,true,true,0
/chords/d-add9,C_detail,true,false,true,false,false,true,true,0
/chords/e-flat-add9,C_detail,true,false,true,false,false,true,true,0
/chords/e-add9,C_detail,true,false,true,false,false,true,true,0
/chords/f-add9,C_detail,true,false,true,false,false,true,true,0
/chords/f-sharp-add9,C_detail,true,false,true,false,false,true,true,0
/chords/g-add9,C_detail,true,false,true,false,false,true,true,0
/chords/a-flat-add9,C_detail,true,false,true,false,false,true,true,0
/chords/a-add9,C_detail,true,false,true,false,false,true,true,0
/chords/b-flat-add9,C_detail,true,false,true,false,false,true,true,0
/chords/b-add9,C_detail,true,false,true,false,false,true,true,0
/chords/c-madd9,C_detail,true,false,true,false,false,true,true,0
/chords/d-flat-madd9,C_detail,true,false,true,false,false,true,true,0
/chords/d-madd9,C_detail,true,false,true,false,false,true,true,0
/chords/e-flat-madd9,C_detail,true,false,true,false,false,true,true,0
/chords/e-madd9,C_detail,true,false,true,false,false,true,true,0
/chords/f-madd9,C_detail,true,false,true,false,false,true,true,0
/chords/f-sharp-madd9,C_detail,true,false,true,false,false,true,true,0
/chords/g-madd9,C_detail,true,false,true,false,false,true,true,0
/chords/a-flat-madd9,C_detail,true,false,true,false,false,true,true,0
/chords/a-madd9,C_detail,true,false,true,false,false,true,true,0
/chords/b-flat-madd9,C_detail,true,false,true,false,false,true,true,0
/chords/b-madd9,C_detail,true,false,true,false,false,true,true,0
/chords/a-7,C_detail,true,false,true,false,false,true,true,0
/chords/a-flat-7,C_detail,true,false,true,false,false,true,true,0
/chords/a-flat-m7,C_detail,true,false,true,false,false,true,true,0
/chords/a-flat-m7-flat5,C_detail,true,false,true,false,false,true,true,0
/chords/a-flat-maj7,C_detail,true,false,true,false,false,true,true,0
/chords/a-m7,C_detail,true,false,true,false,false,true,true,0
/chords/a-m7-flat5,C_detail,true,false,true,false,false,true,true,0
/chords/a-maj7,C_detail,true,false,true,false,false,true,true,0
/chords/b-7,C_detail,true,false,true,false,false,true,true,0
/chords/b-flat-7,C_detail,true,false,true,false,false,true,true,0
/chords/b-flat-m7,C_detail,true,false,true,false,false,true,true,0
/chords/b-flat-m7-flat5,C_detail,true,false,true,false,false,true,true,0
/chords/b-flat-maj7,C_detail,true,false,true,false,false,true,true,0
/chords/b-m7,C_detail,true,false,true,false,false,true,true,0
/chords/b-m7-flat5,C_detail,true,false,true,false,false,true,true,0
/chords/b-maj7,C_detail,true,false,true,false,false,true,true,0
/chords/c-7,C_detail,true,false,true,false,false,true,true,0
/chords/c-m7,C_detail,true,false,true,false,false,true,true,0
/chords/c-m7-flat5,C_detail,true,false,true,false,false,true,true,0
/chords/c-maj7,C_detail,true,false,true,false,false,true,true,0
/chords/d-7,C_detail,true,false,true,false,false,true,true,0
/chords/d-flat-7,C_detail,true,false,true,false,false,true,true,0
/chords/d-flat-m7,C_detail,true,false,true,false,false,true,true,0
/chords/d-flat-m7-flat5,C_detail,true,false,true,false,false,true,true,0
/chords/d-flat-maj7,C_detail,true,false,true,false,false,true,true,0
/chords/d-m7,C_detail,true,false,true,false,false,true,true,0
/chords/d-m7-flat5,C_detail,true,false,true,false,false,true,true,0
/chords/d-maj7,C_detail,true,false,true,false,false,true,true,0
/chords/e-7,C_detail,true,false,true,false,false,true,true,0
/chords/e-flat-7,C_detail,true,false,true,false,false,true,true,0
/chords/e-flat-m7,C_detail,true,false,true,false,false,true,true,0
/chords/e-flat-m7-flat5,C_detail,true,false,true,false,false,true,true,0
/chords/e-flat-maj7,C_detail,true,false,true,false,false,true,true,0
/chords/e-m7,C_detail,true,false,true,false,false,true,true,0
/chords/e-m7-flat5,C_detail,true,false,true,false,false,true,true,0
/chords/e-maj7,C_detail,true,false,true,false,false,true,true,0
/chords/f-7,C_detail,true,false,true,false,false,true,true,0
/chords/f-m7,C_detail,true,false,true,false,false,true,true,0
/chords/f-m7-flat5,C_detail,true,false,true,false,false,true,true,0
/chords/f-maj7,C_detail,true,false,true,false,false,true,true,0
/chords/f-sharp-7,C_detail,true,false,true,false,false,true,true,0
/chords/f-sharp-m7,C_detail,true,false,true,false,false,true,true,0
/chords/f-sharp-m7-flat5,C_detail,true,false,true,false,false,true,true,0
/chords/f-sharp-maj7,C_detail,true,false,true,false,false,true,true,0
/chords/g-7,C_detail,true,false,true,false,false,true,true,0
/chords/g-m7,C_detail,true,false,true,false,false,true,true,0
/chords/g-m7-flat5,C_detail,true,false,true,false,false,true,true,0
/chords/g-maj7,C_detail,true,false,true,false,false,true,true,0
/chords/a-augmented,C_detail,true,false,true,false,false,true,true,0
/chords/a-diminished,C_detail,true,false,true,false,false,true,true,0
/chords/a-flat-augmented,C_detail,true,false,true,false,false,true,true,0
/chords/a-flat-diminished,C_detail,true,false,true,false,false,true,true,0
/chords/a-flat-sus2,C_detail,true,false,true,false,false,true,true,0
/chords/a-flat-sus4,C_detail,true,false,true,false,false,true,true,0
/chords/a-sus2,C_detail,true,false,true,false,false,true,true,0
/chords/a-sus4,C_detail,true,false,true,false,false,true,true,0
/chords/b-augmented,C_detail,true,false,true,false,false,true,true,0
/chords/b-diminished,C_detail,true,false,true,false,false,true,true,0
/chords/b-flat-augmented,C_detail,true,false,true,false,false,true,true,0
/chords/b-flat-diminished,C_detail,true,false,true,false,false,true,true,0
/chords/b-flat-sus2,C_detail,true,false,true,false,false,true,true,0
/chords/b-flat-sus4,C_detail,true,false,true,false,false,true,true,0
/chords/b-sus2,C_detail,true,false,true,false,false,true,true,0
/chords/b-sus4,C_detail,true,false,true,false,false,true,true,0
/chords/c-augmented,C_detail,true,false,true,false,false,true,true,0
/chords/c-diminished,C_detail,true,false,true,false,false,true,true,0
/chords/c-sus2,C_detail,true,false,true,false,false,true,true,0
/chords/c-sus4,C_detail,true,false,true,false,false,true,true,0
/chords/d-augmented,C_detail,true,false,true,false,false,true,true,0
/chords/d-diminished,C_detail,true,false,true,false,false,true,true,0
/chords/d-flat-augmented,C_detail,true,false,true,false,false,true,true,0
/chords/d-flat-diminished,C_detail,true,false,true,false,false,true,true,0
/chords/d-flat-sus2,C_detail,true,false,true,false,false,true,true,0
/chords/d-flat-sus4,C_detail,true,false,true,false,false,true,true,0
/chords/d-sus2,C_detail,true,false,true,false,false,true,true,0
/chords/d-sus4,C_detail,true,false,true,false,false,true,true,0
/chords/e-augmented,C_detail,true,false,true,false,false,true,true,0
/chords/e-diminished,C_detail,true,false,true,false,false,true,true,0
/chords/e-flat-augmented,C_detail,true,false,true,false,false,true,true,0
/chords/e-flat-diminished,C_detail,true,false,true,false,false,true,true,0
/chords/e-flat-sus2,C_detail,true,false,true,false,false,true,true,0
/chords/e-flat-sus4,C_detail,true,false,true,false,false,true,true,0
/chords/e-sus2,C_detail,true,false,true,false,false,true,true,0
/chords/e-sus4,C_detail,true,false,true,false,false,true,true,0
/chords/f-augmented,C_detail,true,false,true,false,false,true,true,0
/chords/f-diminished,C_detail,true,false,true,false,false,true,true,0
/chords/f-sharp-augmented,C_detail,true,false,true,false,false,true,true,0
/chords/f-sharp-diminished,C_detail,true,false,true,false,false,true,true,0
/chords/f-sharp-sus2,C_detail,true,false,true,false,false,true,true,0
/chords/f-sharp-sus4,C_detail,true,false,true,false,false,true,true,0
/chords/f-sus2,C_detail,true,false,true,false,false,true,true,0
/chords/f-sus4,C_detail,true,false,true,false,false,true,true,0
/chords/g-augmented,C_detail,true,false,true,false,false,true,true,0
/chords/g-diminished,C_detail,true,false,true,false,false,true,true,0
/chords/g-sus2,C_detail,true,false,true,false,false,true,true,0
/chords/g-sus4,C_detail,true,false,true,false,false,true,true,0
/chords/a-minor,C_detail,true,false,true,false,true,false,false,10
/chords/a-major,C_detail,true,false,true,false,true,false,false,7
/chords/c-major,C_detail,true,false,true,false,true,false,false,2
/chords/g-major,C_detail,true,false,true,false,true,true,true,1
/chords/c-minor,C_detail,true,false,true,false,true,false,false,1
/chords/e-major,C_detail,true,false,true,false,true,false,false,1
/chords/b-major,C_detail,true,false,true,false,true,false,false,11
/chords/a-flat-major,C_detail,true,false,true,false,true,false,false,7
/chords/c-flat-major,C_detail,true,false,true,false,true,false,false,1
/chords/f-major,C_detail,true,false,true,false,false,true,true,0
/chords/d-minor,C_detail,true,false,true,false,false,true,true,0
/chords/e-minor,C_detail,true,false,true,false,false,true,true,0
/chords/d-major,C_detail,true,false,true,false,false,true,true,0
/chords/b-minor,C_detail,true,false,true,false,false,true,true,0
/chords/f-sharp-minor,C_detail,true,false,true,false,false,true,true,0
/chords/c-sharp-minor,C_detail,true,false,true,false,false,true,true,0
/chords/g-sharp-minor,C_detail,true,false,true,false,false,true,true,0
/chords/b-flat-major,C_detail,true,false,true,false,false,true,true,0
/chords/g-minor,C_detail,true,false,true,false,false,true,true,0
/chords/d-flat-major,C_detail,true,false,true,false,false,true,true,0
/chords/e-flat-major,C_detail,true,false,true,false,false,true,true,0
/chords/f-sharp-major,C_detail,true,false,true,false,false,true,true,0
/chords/f-minor,C_detail,true,false,true,false,false,true,true,0
/chords/b-flat-minor,C_detail,true,false,true,false,false,true,true,0
/chords/e-flat-minor,C_detail,true,false,true,false,false,true,true,0
/chords/by-key,D_other,true,false,false,true,false,false,false,40
/chords/finder,D_other,true,false,false,true,false,false,false,6
/chord-progressions,D_other,true,false,false,true,false,false,false,30
