URL,页面类型,用户在这里做什么,本轮检查方式与证据位置,发现的具体问题,处理结果,实际修复或保留理由,合并候选目标,仍缺什么证据
/chords,hub,按名称/符号/根音/类型找到目标和弦，再进入分类或详情,HTML全页扫描 + Playwright桌面1440/移动390操作；证据 docs/seo/chords/evidence-2026-09-18/task-12/,目录搜索无法把 Bb / Cmadd9 对到已有别名页,已修好,共用搜索改为压缩匹配，Bb 与 B-flat/B♭、Cmadd9 与 Cm(add9) 能找到已有条目,,
/chords/major,family,看这一类和弦怎么构成、如何按根音/子类型筛选，再打开独立详情,HTML全页扫描 + Playwright桌面1440/移动390操作；证据 docs/seo/chords/evidence-2026-09-18/task-12/,未发现本轮范围内问题,保持,独立查阅任务完整：名称、音符、键盘、听音或分类入口可用；未改任务11 Title/H1/description,,
/chords/minor,family,看这一类和弦怎么构成、如何按根音/子类型筛选，再打开独立详情,HTML全页扫描 + Playwright桌面1440/移动390操作；证据 docs/seo/chords/evidence-2026-09-18/task-12/,未发现本轮范围内问题,保持,独立查阅任务完整：名称、音符、键盘、听音或分类入口可用；未改任务11 Title/H1/description,,
/chords/diminished,family,看这一类和弦怎么构成、如何按根音/子类型筛选，再打开独立详情,HTML全页扫描 + Playwright桌面1440/移动390操作；证据 docs/seo/chords/evidence-2026-09-18/task-12/,未发现本轮范围内问题,保持,独立查阅任务完整：名称、音符、键盘、听音或分类入口可用；未改任务11 Title/H1/description,,
/chords/augmented,family,看这一类和弦怎么构成、如何按根音/子类型筛选，再打开独立详情,HTML全页扫描 + Playwright桌面1440/移动390操作；证据 docs/seo/chords/evidence-2026-09-18/task-12/,未发现本轮范围内问题,保持,独立查阅任务完整：名称、音符、键盘、听音或分类入口可用；未改任务11 Title/H1/description,,
/chords/suspended,family,看这一类和弦怎么构成、如何按根音/子类型筛选，再打开独立详情,HTML全页扫描 + Playwright桌面1440/移动390操作；证据 docs/seo/chords/evidence-2026-09-18/task-12/,未发现本轮范围内问题,保持,独立查阅任务完整：名称、音符、键盘、听音或分类入口可用；未改任务11 Title/H1/description,,
/chords/seventh,family,看这一类和弦怎么构成、如何按根音/子类型筛选，再打开独立详情,HTML全页扫描 + Playwright桌面1440/移动390操作；证据 docs/seo/chords/evidence-2026-09-18/task-12/,未发现本轮范围内问题,保持,独立查阅任务完整：名称、音符、键盘、听音或分类入口可用；未改任务11 Title/H1/description,,
/chords/add,family,看这一类和弦怎么构成、如何按根音/子类型筛选，再打开独立详情,HTML全页扫描 + Playwright桌面1440/移动390操作；证据 docs/seo/chords/evidence-2026-09-18/task-12/,未发现本轮范围内问题,保持,独立查阅任务完整：名称、音符、键盘、听音或分类入口可用；未改任务11 Title/H1/description,,
/chords/extended,family,在本页筛选并预览嵌入参考对象，听音或练习当前选中的例子,HTML全页扫描 + Playwright桌面1440/移动390操作；证据 docs/seo/chords/evidence-2026-09-18/task-12/,目录搜索无法把 Bb / Cmadd9 对到已有别名页,已修好,共用搜索改为压缩匹配，Bb 与 B-flat/B♭、Cmadd9 与 Cm(add9) 能找到已有条目,,
/chords/altered,family,在本页筛选并预览嵌入参考对象，听音或练习当前选中的例子,HTML全页扫描 + Playwright桌面1440/移动390操作；证据 docs/seo/chords/evidence-2026-09-18/task-12/,目录搜索无法把 Bb / Cmadd9 对到已有别名页,已修好,共用搜索改为压缩匹配，Bb 与 B-flat/B♭、Cmadd9 与 Cm(add9) 能找到已有条目,,
/chords/c-add9,detail,查阅该 大三和弦加9 的音符、两种键盘排列、听音和练习,HTML全页扫描 + Playwright桌面1440/移动390操作；证据 docs/seo/chords/evidence-2026-09-18/task-12/,未发现本轮范围内问题,保持,独立查阅任务完整：名称、音符、键盘、听音或分类入口可用；未改任务11 Title/H1/description,,
/chords/d-flat-add9,detail,查阅该 大三和弦加9 的音符、两种键盘排列、听音和练习,HTML全页扫描（状态/H1/canonical/robots/音符/站内链接/工程措辞）；同模板浏览器分层覆盖；证据 docs/seo/chords/evidence-2026-09-18/task-12/_html_scan.json,未发现本轮范围内问题,保持,独立查阅任务完整：名称、音符、键盘、听音或分类入口可用；未改任务11 Title/H1/description,,
/chords/d-add9,detail,查阅该 大三和弦加9 的音符、两种键盘排列、听音和练习,HTML全页扫描（状态/H1/canonical/robots/音符/站内链接/工程措辞）；同模板浏览器分层覆盖；证据 docs/seo/chords/evidence-2026-09-18/task-12/_html_scan.json,未发现本轮范围内问题,保持,独立查阅任务完整：名称、音符、键盘、听音或分类入口可用；未改任务11 Title/H1/description,,
/chords/e-flat-add9,detail,查阅该 大三和弦加9 的音符、两种键盘排列、听音和练习,HTML全页扫描（状态/H1/canonical/robots/音符/站内链接/工程措辞）；同模板浏览器分层覆盖；证据 docs/seo/chords/evidence-2026-09-18/task-12/_html_scan.json,未发现本轮范围内问题,保持,独立查阅任务完整：名称、音符、键盘、听音或分类入口可用；未改任务11 Title/H1/description,,
/chords/e-add9,detail,查阅该 大三和弦加9 的音符、两种键盘排列、听音和练习,HTML全页扫描（状态/H1/canonical/robots/音符/站内链接/工程措辞）；同模板浏览器分层覆盖；证据 docs/seo/chords/evidence-2026-09-18/task-12/_html_scan.json,未发现本轮范围内问题,保持,独立查阅任务完整：名称、音符、键盘、听音或分类入口可用；未改任务11 Title/H1/description,,
/chords/f-add9,detail,查阅该 大三和弦加9 的音符、两种键盘排列、听音和练习,HTML全页扫描 + Playwright桌面1440/移动390操作；证据 docs/seo/chords/evidence-2026-09-18/task-12/,未发现本轮范围内问题,保持,独立查阅任务完整：名称、音符、键盘、听音或分类入口可用；未改任务11 Title/H1/description,,
/chords/f-sharp-add9,detail,查阅该 大三和弦加9 的音符、两种键盘排列、听音和练习,HTML全页扫描（状态/H1/canonical/robots/音符/站内链接/工程措辞）；同模板浏览器分层覆盖；证据 docs/seo/chords/evidence-2026-09-18/task-12/_html_scan.json,未发现本轮范围内问题,保持,独立查阅任务完整：名称、音符、键盘、听音或分类入口可用；未改任务11 Title/H1/description,,
/chords/g-add9,detail,查阅该 大三和弦加9 的音符、两种键盘排列、听音和练习,HTML全页扫描（状态/H1/canonical/robots/音符/站内链接/工程措辞）；同模板浏览器分层覆盖；证据 docs/seo/chords/evidence-2026-09-18/task-12/_html_scan.json,未发现本轮范围内问题,保持,独立查阅任务完整：名称、音符、键盘、听音或分类入口可用；未改任务11 Title/H1/description,,
/chords/a-flat-add9,detail,查阅该 大三和弦加9 的音符、两种键盘排列、听音和练习,HTML全页扫描（状态/H1/canonical/robots/音符/站内链接/工程措辞）；同模板浏览器分层覆盖；证据 docs/seo/chords/evidence-2026-09-18/task-12/_html_scan.json,未发现本轮范围内问题,保持,独立查阅任务完整：名称、音符、键盘、听音或分类入口可用；未改任务11 Title/H1/description,,
/chords/a-add9,detail,查阅该 大三和弦加9 的音符、两种键盘排列、听音和练习,HTML全页扫描（状态/H1/canonical/robots/音符/站内链接/工程措辞）；同模板浏览器分层覆盖；证据 docs/seo/chords/evidence-2026-09-18/task-12/_html_scan.json,未发现本轮范围内问题,保持,独立查阅任务完整：名称、音符、键盘、听音或分类入口可用；未改任务11 Title/H1/description,,
/chords/b-flat-add9,detail,查阅该 大三和弦加9 的音符、两种键盘排列、听音和练习,HTML全页扫描（状态/H1/canonical/robots/音符/站内链接/工程措辞）；同模板浏览器分层覆盖；证据 docs/seo/chords/evidence-2026-09-18/task-12/_html_scan.json,未发现本轮范围内问题,保持,独立查阅任务完整：名称、音符、键盘、听音或分类入口可用；未改任务11 Title/H1/description,,
/chords/b-add9,detail,查阅该 大三和弦加9 的音符、两种键盘排列、听音和练习,HTML全页扫描（状态/H1/canonical/robots/音符/站内链接/工程措辞）；同模板浏览器分层覆盖；证据 docs/seo/chords/evidence-2026-09-18/task-12/_html_scan.json,未发现本轮范围内问题,保持,独立查阅任务完整：名称、音符、键盘、听音或分类入口可用；未改任务11 Title/H1/description,,
/chords/c-madd9,detail,查阅该 小三和弦加9 的音符、两种键盘排列、听音和练习,HTML全页扫描 + Playwright桌面1440/移动390操作；证据 docs/seo/chords/evidence-2026-09-18/task-12/,未发现本轮范围内问题,保持,相对 /chords/add 分类页，本页完成该根音小三和弦加9的独立查阅（音符、两种排列、听音、练习）。分类页不能完整承接同一对象状态,,
/chords/d-flat-madd9,detail,查阅该 小三和弦加9 的音符、两种键盘排列、听音和练习,HTML全页扫描 + Playwright桌面1440/移动390操作；证据 docs/seo/chords/evidence-2026-09-18/task-12/,未发现本轮范围内问题,保持,相对 /chords/add 分类页，本页完成该根音小三和弦加9的独立查阅（音符、两种排列、听音、练习）。分类页不能完整承接同一对象状态,,已有观测为 NO_NUMERIC_DATA 或 0，不是去留依据
/chords/d-madd9,detail,查阅该 小三和弦加9 的音符、两种键盘排列、听音和练习,HTML全页扫描（状态/H1/canonical/robots/音符/站内链接/工程措辞）；同模板浏览器分层覆盖；证据 docs/seo/chords/evidence-2026-09-18/task-12/_html_scan.json,未发现本轮范围内问题,保持,相对 /chords/add 分类页，本页完成该根音小三和弦加9的独立查阅（音符、两种排列、听音、练习）。分类页不能完整承接同一对象状态,,
/chords/e-flat-madd9,detail,查阅该 小三和弦加9 的音符、两种键盘排列、听音和练习,HTML全页扫描（状态/H1/canonical/robots/音符/站内链接/工程措辞）；同模板浏览器分层覆盖；证据 docs/seo/chords/evidence-2026-09-18/task-12/_html_scan.json,未发现本轮范围内问题,保持,相对 /chords/add 分类页，本页完成该根音小三和弦加9的独立查阅（音符、两种排列、听音、练习）。分类页不能完整承接同一对象状态,,
/chords/e-madd9,detail,查阅该 小三和弦加9 的音符、两种键盘排列、听音和练习,HTML全页扫描（状态/H1/canonical/robots/音符/站内链接/工程措辞）；同模板浏览器分层覆盖；证据 docs/seo/chords/evidence-2026-09-18/task-12/_html_scan.json,未发现本轮范围内问题,保持,相对 /chords/add 分类页，本页完成该根音小三和弦加9的独立查阅（音符、两种排列、听音、练习）。分类页不能完整承接同一对象状态,,
/chords/f-madd9,detail,查阅该 小三和弦加9 的音符、两种键盘排列、听音和练习,HTML全页扫描（状态/H1/canonical/robots/音符/站内链接/工程措辞）；同模板浏览器分层覆盖；证据 docs/seo/chords/evidence-2026-09-18/task-12/_html_scan.json,未发现本轮范围内问题,保持,相对 /chords/add 分类页，本页完成该根音小三和弦加9的独立查阅（音符、两种排列、听音、练习）。分类页不能完整承接同一对象状态,,
/chords/f-sharp-madd9,detail,查阅该 小三和弦加9 的音符、两种键盘排列、听音和练习,HTML全页扫描 + Playwright桌面1440/移动390操作；证据 docs/seo/chords/evidence-2026-09-18/task-12/,未发现本轮范围内问题,保持,相对 /chords/add 分类页，本页完成该根音小三和弦加9的独立查阅（音符、两种排列、听音、练习）。分类页不能完整承接同一对象状态,,已有观测为 NO_NUMERIC_DATA 或 0，不是去留依据
/chords/g-madd9,detail,查阅该 小三和弦加9 的音符、两种键盘排列、听音和练习,HTML全页扫描（状态/H1/canonical/robots/音符/站内链接/工程措辞）；同模板浏览器分层覆盖；证据 docs/seo/chords/evidence-2026-09-18/task-12/_html_scan.json,未发现本轮范围内问题,保持,相对 /chords/add 分类页，本页完成该根音小三和弦加9的独立查阅（音符、两种排列、听音、练习）。分类页不能完整承接同一对象状态,,
/chords/a-flat-madd9,detail,查阅该 小三和弦加9 的音符、两种键盘排列、听音和练习,HTML全页扫描 + Playwright桌面1440/移动390操作；证据 docs/seo/chords/evidence-2026-09-18/task-12/,未发现本轮范围内问题,保持,相对 /chords/add 分类页，本页完成该根音小三和弦加9的独立查阅（音符、两种排列、听音、练习）。分类页不能完整承接同一对象状态,,已有观测为 NO_NUMERIC_DATA 或 0，不是去留依据
/chords/a-madd9,detail,查阅该 小三和弦加9 的音符、两种键盘排列、听音和练习,HTML全页扫描（状态/H1/canonical/robots/音符/站内链接/工程措辞）；同模板浏览器分层覆盖；证据 docs/seo/chords/evidence-2026-09-18/task-12/_html_scan.json,未发现本轮范围内问题,保持,相对 /chords/add 分类页，本页完成该根音小三和弦加9的独立查阅（音符、两种排列、听音、练习）。分类页不能完整承接同一对象状态,,
/chords/b-flat-madd9,detail,查阅该 小三和弦加9 的音符、两种键盘排列、听音和练习,HTML全页扫描 + Playwright桌面1440/移动390操作；证据 docs/seo/chords/evidence-2026-09-18/task-12/,未发现本轮范围内问题,保持,相对 /chords/add 分类页，本页完成该根音小三和弦加9的独立查阅（音符、两种排列、听音、练习）。分类页不能完整承接同一对象状态,,已有观测为 NO_NUMERIC_DATA 或 0，不是去留依据
/chords/b-madd9,detail,查阅该 小三和弦加9 的音符、两种键盘排列、听音和练习,HTML全页扫描（状态/H1/canonical/robots/音符/站内链接/工程措辞）；同模板浏览器分层覆盖；证据 docs/seo/chords/evidence-2026-09-18/task-12/_html_scan.json,未发现本轮范围内问题,保持,相对 /chords/add 分类页，本页完成该根音小三和弦加9的独立查阅（音符、两种排列、听音、练习）。分类页不能完整承接同一对象状态,,
/chords/a-7,detail,查阅这一具体和弦的音符、公式、键盘位置、转位或排列、听音和练习,HTML全页扫描（状态/H1/canonical/robots/音符/站内链接/工程措辞）；同模板浏览器分层覆盖；证据 docs/seo/chords/evidence-2026-09-18/task-12/_html_scan.json,未发现本轮范围内问题,保持,独立查阅任务完整：名称、音符、键盘、听音或分类入口可用；未改任务11 Title/H1/description,,
/chords/a-flat-7,detail,查阅这一具体和弦的音符、公式、键盘位置、转位或排列、听音和练习,HTML全页扫描（状态/H1/canonical/robots/音符/站内链接/工程措辞）；同模板浏览器分层覆盖；证据 docs/seo/chords/evidence-2026-09-18/task-12/_html_scan.json,未发现本轮范围内问题,保持,独立查阅任务完整：名称、音符、键盘、听音或分类入口可用；未改任务11 Title/H1/description,,
/chords/a-flat-m7,detail,查阅这一具体和弦的音符、公式、键盘位置、转位或排列、听音和练习,HTML全页扫描（状态/H1/canonical/robots/音符/站内链接/工程措辞）；同模板浏览器分层覆盖；证据 docs/seo/chords/evidence-2026-09-18/task-12/_html_scan.json,未发现本轮范围内问题,保持,独立查阅任务完整：名称、音符、键盘、听音或分类入口可用；未改任务11 Title/H1/description,,
/chords/a-flat-m7-flat5,detail,查阅这一具体和弦的音符、公式、键盘位置、转位或排列、听音和练习,HTML全页扫描（状态/H1/canonical/robots/音符/站内链接/工程措辞）；同模板浏览器分层覆盖；证据 docs/seo/chords/evidence-2026-09-18/task-12/_html_scan.json,未发现本轮范围内问题,保持,独立查阅任务完整：名称、音符、键盘、听音或分类入口可用；未改任务11 Title/H1/description,,
/chords/a-flat-maj7,detail,查阅这一具体和弦的音符、公式、键盘位置、转位或排列、听音和练习,HTML全页扫描（状态/H1/canonical/robots/音符/站内链接/工程措辞）；同模板浏览器分层覆盖；证据 docs/seo/chords/evidence-2026-09-18/task-12/_html_scan.json,未发现本轮范围内问题,保持,独立查阅任务完整：名称、音符、键盘、听音或分类入口可用；未改任务11 Title/H1/description,,
/chords/a-m7,detail,查阅这一具体和弦的音符、公式、键盘位置、转位或排列、听音和练习,HTML全页扫描（状态/H1/canonical/robots/音符/站内链接/工程措辞）；同模板浏览器分层覆盖；证据 docs/seo/chords/evidence-2026-09-18/task-12/_html_scan.json,未发现本轮范围内问题,保持,独立查阅任务完整：名称、音符、键盘、听音或分类入口可用；未改任务11 Title/H1/description,,
/chords/a-m7-flat5,detail,查阅这一具体和弦的音符、公式、键盘位置、转位或排列、听音和练习,HTML全页扫描（状态/H1/canonical/robots/音符/站内链接/工程措辞）；同模板浏览器分层覆盖；证据 docs/seo/chords/evidence-2026-09-18/task-12/_html_scan.json,未发现本轮范围内问题,保持,独立查阅任务完整：名称、音符、键盘、听音或分类入口可用；未改任务11 Title/H1/description,,
/chords/a-maj7,detail,查阅这一具体和弦的音符、公式、键盘位置、转位或排列、听音和练习,HTML全页扫描（状态/H1/canonical/robots/音符/站内链接/工程措辞）；同模板浏览器分层覆盖；证据 docs/seo/chords/evidence-2026-09-18/task-12/_html_scan.json,未发现本轮范围内问题,保持,独立查阅任务完整：名称、音符、键盘、听音或分类入口可用；未改任务11 Title/H1/description,,
/chords/b-7,detail,查阅这一具体和弦的音符、公式、键盘位置、转位或排列、听音和练习,HTML全页扫描 + Playwright桌面1440/移动390操作；证据 docs/seo/chords/evidence-2026-09-18/task-12/,未发现本轮范围内问题,保持,独立查阅任务完整：名称、音符、键盘、听音或分类入口可用；未改任务11 Title/H1/description,,
/chords/b-flat-7,detail,查阅这一具体和弦的音符、公式、键盘位置、转位或排列、听音和练习,HTML全页扫描（状态/H1/canonical/robots/音符/站内链接/工程措辞）；同模板浏览器分层覆盖；证据 docs/seo/chords/evidence-2026-09-18/task-12/_html_scan.json,未发现本轮范围内问题,保持,独立查阅任务完整：名称、音符、键盘、听音或分类入口可用；未改任务11 Title/H1/description,,
/chords/b-flat-m7,detail,查阅这一具体和弦的音符、公式、键盘位置、转位或排列、听音和练习,HTML全页扫描（状态/H1/canonical/robots/音符/站内链接/工程措辞）；同模板浏览器分层覆盖；证据 docs/seo/chords/evidence-2026-09-18/task-12/_html_scan.json,未发现本轮范围内问题,保持,独立查阅任务完整：名称、音符、键盘、听音或分类入口可用；未改任务11 Title/H1/description,,
/chords/b-flat-m7-flat5,detail,查阅这一具体和弦的音符、公式、键盘位置、转位或排列、听音和练习,HTML全页扫描（状态/H1/canonical/robots/音符/站内链接/工程措辞）；同模板浏览器分层覆盖；证据 docs/seo/chords/evidence-2026-09-18/task-12/_html_scan.json,未发现本轮范围内问题,保持,独立查阅任务完整：名称、音符、键盘、听音或分类入口可用；未改任务11 Title/H1/description,,
/chords/b-flat-maj7,detail,查阅这一具体和弦的音符、公式、键盘位置、转位或排列、听音和练习,HTML全页扫描（状态/H1/canonical/robots/音符/站内链接/工程措辞）；同模板浏览器分层覆盖；证据 docs/seo/chords/evidence-2026-09-18/task-12/_html_scan.json,未发现本轮范围内问题,保持,独立查阅任务完整：名称、音符、键盘、听音或分类入口可用；未改任务11 Title/H1/description,,
/chords/b-m7,detail,查阅这一具体和弦的音符、公式、键盘位置、转位或排列、听音和练习,HTML全页扫描（状态/H1/canonical/robots/音符/站内链接/工程措辞）；同模板浏览器分层覆盖；证据 docs/seo/chords/evidence-2026-09-18/task-12/_html_scan.json,未发现本轮范围内问题,保持,独立查阅任务完整：名称、音符、键盘、听音或分类入口可用；未改任务11 Title/H1/description,,
/chords/b-m7-flat5,detail,查阅这一具体和弦的音符、公式、键盘位置、转位或排列、听音和练习,HTML全页扫描（状态/H1/canonical/robots/音符/站内链接/工程措辞）；同模板浏览器分层覆盖；证据 docs/seo/chords/evidence-2026-09-18/task-12/_html_scan.json,未发现本轮范围内问题,保持,独立查阅任务完整：名称、音符、键盘、听音或分类入口可用；未改任务11 Title/H1/description,,
/chords/b-maj7,detail,查阅这一具体和弦的音符、公式、键盘位置、转位或排列、听音和练习,HTML全页扫描（状态/H1/canonical/robots/音符/站内链接/工程措辞）；同模板浏览器分层覆盖；证据 docs/seo/chords/evidence-2026-09-18/task-12/_html_scan.json,未发现本轮范围内问题,保持,独立查阅任务完整：名称、音符、键盘、听音或分类入口可用；未改任务11 Title/H1/description,,
/chords/c-7,detail,查阅这一具体和弦的音符、公式、键盘位置、转位或排列、听音和练习,HTML全页扫描 + Playwright桌面1440/移动390操作；证据 docs/seo/chords/evidence-2026-09-18/task-12/,未发现本轮范围内问题,保持,独立查阅任务完整：名称、音符、键盘、听音或分类入口可用；未改任务11 Title/H1/description,,
/chords/c-m7,detail,查阅这一具体和弦的音符、公式、键盘位置、转位或排列、听音和练习,HTML全页扫描 + Playwright桌面1440/移动390操作；证据 docs/seo/chords/evidence-2026-09-18/task-12/,未发现本轮范围内问题,保持,独立查阅任务完整：名称、音符、键盘、听音或分类入口可用；未改任务11 Title/H1/description,,
/chords/c-m7-flat5,detail,查阅这一具体和弦的音符、公式、键盘位置、转位或排列、听音和练习,HTML全页扫描（状态/H1/canonical/robots/音符/站内链接/工程措辞）；同模板浏览器分层覆盖；证据 docs/seo/chords/evidence-2026-09-18/task-12/_html_scan.json,未发现本轮范围内问题,保持,独立查阅任务完整：名称、音符、键盘、听音或分类入口可用；未改任务11 Title/H1/description,,
/chords/c-maj7,detail,查阅这一具体和弦的音符、公式、键盘位置、转位或排列、听音和练习,HTML全页扫描 + Playwright桌面1440/移动390操作；证据 docs/seo/chords/evidence-2026-09-18/task-12/,未发现本轮范围内问题,保持,独立查阅任务完整：名称、音符、键盘、听音或分类入口可用；未改任务11 Title/H1/description,,
/chords/d-7,detail,查阅这一具体和弦的音符、公式、键盘位置、转位或排列、听音和练习,HTML全页扫描（状态/H1/canonical/robots/音符/站内链接/工程措辞）；同模板浏览器分层覆盖；证据 docs/seo/chords/evidence-2026-09-18/task-12/_html_scan.json,未发现本轮范围内问题,保持,独立查阅任务完整：名称、音符、键盘、听音或分类入口可用；未改任务11 Title/H1/description,,
/chords/d-flat-7,detail,查阅这一具体和弦的音符、公式、键盘位置、转位或排列、听音和练习,HTML全页扫描（状态/H1/canonical/robots/音符/站内链接/工程措辞）；同模板浏览器分层覆盖；证据 docs/seo/chords/evidence-2026-09-18/task-12/_html_scan.json,未发现本轮范围内问题,保持,独立查阅任务完整：名称、音符、键盘、听音或分类入口可用；未改任务11 Title/H1/description,,
/chords/d-flat-m7,detail,查阅这一具体和弦的音符、公式、键盘位置、转位或排列、听音和练习,HTML全页扫描（状态/H1/canonical/robots/音符/站内链接/工程措辞）；同模板浏览器分层覆盖；证据 docs/seo/chords/evidence-2026-09-18/task-12/_html_scan.json,未发现本轮范围内问题,保持,独立查阅任务完整：名称、音符、键盘、听音或分类入口可用；未改任务11 Title/H1/description,,
/chords/d-flat-m7-flat5,detail,查阅这一具体和弦的音符、公式、键盘位置、转位或排列、听音和练习,HTML全页扫描 + Playwright桌面1440/移动390操作；证据 docs/seo/chords/evidence-2026-09-18/task-12/,工程化指法说明仍出现在页面；390宽长名称导致横向溢出59px,已修好,指法改为用户可读限制说明；窄屏摘要标签换行，长半减七名称不再撑出视口。独立半减七查阅任务仍在，不合并,,GSC/检索量为 ZERO_OBSERVED_ONLY，不是删除或 noindex 依据
/chords/d-flat-maj7,detail,查阅这一具体和弦的音符、公式、键盘位置、转位或排列、听音和练习,HTML全页扫描（状态/H1/canonical/robots/音符/站内链接/工程措辞）；同模板浏览器分层覆盖；证据 docs/seo/chords/evidence-2026-09-18/task-12/_html_scan.json,未发现本轮范围内问题,保持,独立查阅任务完整：名称、音符、键盘、听音或分类入口可用；未改任务11 Title/H1/description,,
/chords/d-m7,detail,查阅这一具体和弦的音符、公式、键盘位置、转位或排列、听音和练习,HTML全页扫描（状态/H1/canonical/robots/音符/站内链接/工程措辞）；同模板浏览器分层覆盖；证据 docs/seo/chords/evidence-2026-09-18/task-12/_html_scan.json,未发现本轮范围内问题,保持,独立查阅任务完整：名称、音符、键盘、听音或分类入口可用；未改任务11 Title/H1/description,,
/chords/d-m7-flat5,detail,查阅这一具体和弦的音符、公式、键盘位置、转位或排列、听音和练习,HTML全页扫描（状态/H1/canonical/robots/音符/站内链接/工程措辞）；同模板浏览器分层覆盖；证据 docs/seo/chords/evidence-2026-09-18/task-12/_html_scan.json,未发现本轮范围内问题,保持,独立查阅任务完整：名称、音符、键盘、听音或分类入口可用；未改任务11 Title/H1/description,,
/chords/d-maj7,detail,查阅这一具体和弦的音符、公式、键盘位置、转位或排列、听音和练习,HTML全页扫描（状态/H1/canonical/robots/音符/站内链接/工程措辞）；同模板浏览器分层覆盖；证据 docs/seo/chords/evidence-2026-09-18/task-12/_html_scan.json,未发现本轮范围内问题,保持,独立查阅任务完整：名称、音符、键盘、听音或分类入口可用；未改任务11 Title/H1/description,,
/chords/e-7,detail,查阅这一具体和弦的音符、公式、键盘位置、转位或排列、听音和练习,HTML全页扫描（状态/H1/canonical/robots/音符/站内链接/工程措辞）；同模板浏览器分层覆盖；证据 docs/seo/chords/evidence-2026-09-18/task-12/_html_scan.json,未发现本轮范围内问题,保持,独立查阅任务完整：名称、音符、键盘、听音或分类入口可用；未改任务11 Title/H1/description,,
/chords/e-flat-7,detail,查阅这一具体和弦的音符、公式、键盘位置、转位或排列、听音和练习,HTML全页扫描（状态/H1/canonical/robots/音符/站内链接/工程措辞）；同模板浏览器分层覆盖；证据 docs/seo/chords/evidence-2026-09-18/task-12/_html_scan.json,未发现本轮范围内问题,保持,独立查阅任务完整：名称、音符、键盘、听音或分类入口可用；未改任务11 Title/H1/description,,
/chords/e-flat-m7,detail,查阅这一具体和弦的音符、公式、键盘位置、转位或排列、听音和练习,HTML全页扫描（状态/H1/canonical/robots/音符/站内链接/工程措辞）；同模板浏览器分层覆盖；证据 docs/seo/chords/evidence-2026-09-18/task-12/_html_scan.json,未发现本轮范围内问题,保持,独立查阅任务完整：名称、音符、键盘、听音或分类入口可用；未改任务11 Title/H1/description,,
/chords/e-flat-m7-flat5,detail,查阅这一具体和弦的音符、公式、键盘位置、转位或排列、听音和练习,HTML全页扫描（状态/H1/canonical/robots/音符/站内链接/工程措辞）；同模板浏览器分层覆盖；证据 docs/seo/chords/evidence-2026-09-18/task-12/_html_scan.json,未发现本轮范围内问题,保持,独立查阅任务完整：名称、音符、键盘、听音或分类入口可用；未改任务11 Title/H1/description,,
/chords/e-flat-maj7,detail,查阅这一具体和弦的音符、公式、键盘位置、转位或排列、听音和练习,HTML全页扫描（状态/H1/canonical/robots/音符/站内链接/工程措辞）；同模板浏览器分层覆盖；证据 docs/seo/chords/evidence-2026-09-18/task-12/_html_scan.json,未发现本轮范围内问题,保持,独立查阅任务完整：名称、音符、键盘、听音或分类入口可用；未改任务11 Title/H1/description,,
/chords/e-m7,detail,查阅这一具体和弦的音符、公式、键盘位置、转位或排列、听音和练习,HTML全页扫描（状态/H1/canonical/robots/音符/站内链接/工程措辞）；同模板浏览器分层覆盖；证据 docs/seo/chords/evidence-2026-09-18/task-12/_html_scan.json,未发现本轮范围内问题,保持,独立查阅任务完整：名称、音符、键盘、听音或分类入口可用；未改任务11 Title/H1/description,,
/chords/e-m7-flat5,detail,查阅这一具体和弦的音符、公式、键盘位置、转位或排列、听音和练习,HTML全页扫描（状态/H1/canonical/robots/音符/站内链接/工程措辞）；同模板浏览器分层覆盖；证据 docs/seo/chords/evidence-2026-09-18/task-12/_html_scan.json,未发现本轮范围内问题,保持,独立查阅任务完整：名称、音符、键盘、听音或分类入口可用；未改任务11 Title/H1/description,,
/chords/e-maj7,detail,查阅这一具体和弦的音符、公式、键盘位置、转位或排列、听音和练习,HTML全页扫描（状态/H1/canonical/robots/音符/站内链接/工程措辞）；同模板浏览器分层覆盖；证据 docs/seo/chords/evidence-2026-09-18/task-12/_html_scan.json,未发现本轮范围内问题,保持,独立查阅任务完整：名称、音符、键盘、听音或分类入口可用；未改任务11 Title/H1/description,,
/chords/f-7,detail,查阅这一具体和弦的音符、公式、键盘位置、转位或排列、听音和练习,HTML全页扫描（状态/H1/canonical/robots/音符/站内链接/工程措辞）；同模板浏览器分层覆盖；证据 docs/seo/chords/evidence-2026-09-18/task-12/_html_scan.json,未发现本轮范围内问题,保持,独立查阅任务完整：名称、音符、键盘、听音或分类入口可用；未改任务11 Title/H1/description,,
/chords/f-m7,detail,查阅这一具体和弦的音符、公式、键盘位置、转位或排列、听音和练习,HTML全页扫描（状态/H1/canonical/robots/音符/站内链接/工程措辞）；同模板浏览器分层覆盖；证据 docs/seo/chords/evidence-2026-09-18/task-12/_html_scan.json,未发现本轮范围内问题,保持,独立查阅任务完整：名称、音符、键盘、听音或分类入口可用；未改任务11 Title/H1/description,,
/chords/f-m7-flat5,detail,查阅这一具体和弦的音符、公式、键盘位置、转位或排列、听音和练习,HTML全页扫描（状态/H1/canonical/robots/音符/站内链接/工程措辞）；同模板浏览器分层覆盖；证据 docs/seo/chords/evidence-2026-09-18/task-12/_html_scan.json,未发现本轮范围内问题,保持,独立查阅任务完整：名称、音符、键盘、听音或分类入口可用；未改任务11 Title/H1/description,,
/chords/f-maj7,detail,查阅这一具体和弦的音符、公式、键盘位置、转位或排列、听音和练习,HTML全页扫描（状态/H1/canonical/robots/音符/站内链接/工程措辞）；同模板浏览器分层覆盖；证据 docs/seo/chords/evidence-2026-09-18/task-12/_html_scan.json,未发现本轮范围内问题,保持,独立查阅任务完整：名称、音符、键盘、听音或分类入口可用；未改任务11 Title/H1/description,,
/chords/f-sharp-7,detail,查阅这一具体和弦的音符、公式、键盘位置、转位或排列、听音和练习,HTML全页扫描（状态/H1/canonical/robots/音符/站内链接/工程措辞）；同模板浏览器分层覆盖；证据 docs/seo/chords/evidence-2026-09-18/task-12/_html_scan.json,未发现本轮范围内问题,保持,独立查阅任务完整：名称、音符、键盘、听音或分类入口可用；未改任务11 Title/H1/description,,
/chords/f-sharp-m7,detail,查阅这一具体和弦的音符、公式、键盘位置、转位或排列、听音和练习,HTML全页扫描（状态/H1/canonical/robots/音符/站内链接/工程措辞）；同模板浏览器分层覆盖；证据 docs/seo/chords/evidence-2026-09-18/task-12/_html_scan.json,未发现本轮范围内问题,保持,独立查阅任务完整：名称、音符、键盘、听音或分类入口可用；未改任务11 Title/H1/description,,
/chords/f-sharp-m7-flat5,detail,查阅这一具体和弦的音符、公式、键盘位置、转位或排列、听音和练习,HTML全页扫描（状态/H1/canonical/robots/音符/站内链接/工程措辞）；同模板浏览器分层覆盖；证据 docs/seo/chords/evidence-2026-09-18/task-12/_html_scan.json,未发现本轮范围内问题,保持,独立查阅任务完整：名称、音符、键盘、听音或分类入口可用；未改任务11 Title/H1/description,,
/chords/f-sharp-maj7,detail,查阅这一具体和弦的音符、公式、键盘位置、转位或排列、听音和练习,HTML全页扫描（状态/H1/canonical/robots/音符/站内链接/工程措辞）；同模板浏览器分层覆盖；证据 docs/seo/chords/evidence-2026-09-18/task-12/_html_scan.json,未发现本轮范围内问题,保持,独立查阅任务完整：名称、音符、键盘、听音或分类入口可用；未改任务11 Title/H1/description,,
/chords/g-7,detail,查阅这一具体和弦的音符、公式、键盘位置、转位或排列、听音和练习,HTML全页扫描（状态/H1/canonical/robots/音符/站内链接/工程措辞）；同模板浏览器分层覆盖；证据 docs/seo/chords/evidence-2026-09-18/task-12/_html_scan.json,未发现本轮范围内问题,保持,独立查阅任务完整：名称、音符、键盘、听音或分类入口可用；未改任务11 Title/H1/description,,
/chords/g-m7,detail,查阅这一具体和弦的音符、公式、键盘位置、转位或排列、听音和练习,HTML全页扫描（状态/H1/canonical/robots/音符/站内链接/工程措辞）；同模板浏览器分层覆盖；证据 docs/seo/chords/evidence-2026-09-18/task-12/_html_scan.json,未发现本轮范围内问题,保持,独立查阅任务完整：名称、音符、键盘、听音或分类入口可用；未改任务11 Title/H1/description,,
/chords/g-m7-flat5,detail,查阅这一具体和弦的音符、公式、键盘位置、转位或排列、听音和练习,HTML全页扫描（状态/H1/canonical/robots/音符/站内链接/工程措辞）；同模板浏览器分层覆盖；证据 docs/seo/chords/evidence-2026-09-18/task-12/_html_scan.json,未发现本轮范围内问题,保持,独立查阅任务完整：名称、音符、键盘、听音或分类入口可用；未改任务11 Title/H1/description,,
/chords/g-maj7,detail,查阅这一具体和弦的音符、公式、键盘位置、转位或排列、听音和练习,HTML全页扫描（状态/H1/canonical/robots/音符/站内链接/工程措辞）；同模板浏览器分层覆盖；证据 docs/seo/chords/evidence-2026-09-18/task-12/_html_scan.json,未发现本轮范围内问题,保持,独立查阅任务完整：名称、音符、键盘、听音或分类入口可用；未改任务11 Title/H1/description,,
/chords/a-augmented,detail,查阅这一具体和弦的音符、公式、键盘位置、转位或排列、听音和练习,HTML全页扫描（状态/H1/canonical/robots/音符/站内链接/工程措辞）；同模板浏览器分层覆盖；证据 docs/seo/chords/evidence-2026-09-18/task-12/_html_scan.json,公式段重复理论句；指法段使用工程化 authorized dataset 措辞,已修好,去掉公式段重复理论；工程化指法改为“本页不提供指法，图示只标音位”,,
/chords/a-diminished,detail,查阅这一具体和弦的音符、公式、键盘位置、转位或排列、听音和练习,HTML全页扫描（状态/H1/canonical/robots/音符/站内链接/工程措辞）；同模板浏览器分层覆盖；证据 docs/seo/chords/evidence-2026-09-18/task-12/_html_scan.json,公式段重复理论句；指法段使用工程化 authorized dataset 措辞,已修好,去掉公式段重复理论；工程化指法改为“本页不提供指法，图示只标音位”,,
/chords/a-flat-augmented,detail,查阅这一具体和弦的音符、公式、键盘位置、转位或排列、听音和练习,HTML全页扫描（状态/H1/canonical/robots/音符/站内链接/工程措辞）；同模板浏览器分层覆盖；证据 docs/seo/chords/evidence-2026-09-18/task-12/_html_scan.json,公式段重复理论句；指法段使用工程化 authorized dataset 措辞,已修好,去掉公式段重复理论；工程化指法改为“本页不提供指法，图示只标音位”,,
/chords/a-flat-diminished,detail,查阅这一具体和弦的音符、公式、键盘位置、转位或排列、听音和练习,HTML全页扫描（状态/H1/canonical/robots/音符/站内链接/工程措辞）；同模板浏览器分层覆盖；证据 docs/seo/chords/evidence-2026-09-18/task-12/_html_scan.json,公式段重复理论句；指法段使用工程化 authorized dataset 措辞,已修好,去掉公式段重复理论；工程化指法改为“本页不提供指法，图示只标音位”,,
/chords/a-flat-sus2,detail,查阅该 sus2（1–2–5）的音符、键盘位置、转位、听音和练习,HTML全页扫描（状态/H1/canonical/robots/音符/站内链接/工程措辞）；同模板浏览器分层覆盖；证据 docs/seo/chords/evidence-2026-09-18/task-12/_html_scan.json,公式段重复引言里已有的理论句,已修好,去掉公式段重复理论；sus2 与同根 sus4 仍是不同查阅任务（1–2–5 对 1–4–5），不合并,,
/chords/a-flat-sus4,detail,查阅该 sus4（1–4–5）的音符、键盘位置、转位、听音和练习,HTML全页扫描（状态/H1/canonical/robots/音符/站内链接/工程措辞）；同模板浏览器分层覆盖；证据 docs/seo/chords/evidence-2026-09-18/task-12/_html_scan.json,公式段重复引言里已有的理论句,已修好,去掉公式段重复理论；sus2 与同根 sus4 仍是不同查阅任务（1–2–5 对 1–4–5），不合并,,
/chords/a-sus2,detail,查阅该 sus2（1–2–5）的音符、键盘位置、转位、听音和练习,HTML全页扫描 + Playwright桌面1440/移动390操作；证据 docs/seo/chords/evidence-2026-09-18/task-12/,公式段重复引言里已有的理论句,已修好,去掉公式段重复理论；sus2 与同根 sus4 仍是不同查阅任务（1–2–5 对 1–4–5），不合并,,
/chords/a-sus4,detail,查阅该 sus4（1–4–5）的音符、键盘位置、转位、听音和练习,HTML全页扫描 + Playwright桌面1440/移动390操作；证据 docs/seo/chords/evidence-2026-09-18/task-12/,公式段重复引言里已有的理论句,已修好,去掉公式段重复理论；sus2 与同根 sus4 仍是不同查阅任务（1–2–5 对 1–4–5），不合并,,
/chords/b-augmented,detail,查阅这一具体和弦的音符、公式、键盘位置、转位或排列、听音和练习,HTML全页扫描（状态/H1/canonical/robots/音符/站内链接/工程措辞）；同模板浏览器分层覆盖；证据 docs/seo/chords/evidence-2026-09-18/task-12/_html_scan.json,公式段重复理论句；指法段使用工程化 authorized dataset 措辞,已修好,去掉公式段重复理论；工程化指法改为“本页不提供指法，图示只标音位”,,
/chords/b-diminished,detail,查阅这一具体和弦的音符、公式、键盘位置、转位或排列、听音和练习,HTML全页扫描 + Playwright桌面1440/移动390操作；证据 docs/seo/chords/evidence-2026-09-18/task-12/,公式段重复理论句；指法段使用工程化 authorized dataset 措辞,已修好,去掉公式段重复理论；工程化指法改为“本页不提供指法，图示只标音位”,,
/chords/b-flat-augmented,detail,查阅这一具体和弦的音符、公式、键盘位置、转位或排列、听音和练习,HTML全页扫描（状态/H1/canonical/robots/音符/站内链接/工程措辞）；同模板浏览器分层覆盖；证据 docs/seo/chords/evidence-2026-09-18/task-12/_html_scan.json,公式段重复理论句；指法段使用工程化 authorized dataset 措辞,已修好,去掉公式段重复理论；工程化指法改为“本页不提供指法，图示只标音位”,,
/chords/b-flat-diminished,detail,查阅这一具体和弦的音符、公式、键盘位置、转位或排列、听音和练习,HTML全页扫描（状态/H1/canonical/robots/音符/站内链接/工程措辞）；同模板浏览器分层覆盖；证据 docs/seo/chords/evidence-2026-09-18/task-12/_html_scan.json,公式段重复理论句；指法段使用工程化 authorized dataset 措辞,已修好,去掉公式段重复理论；工程化指法改为“本页不提供指法，图示只标音位”,,
/chords/b-flat-sus2,detail,查阅该 sus2（1–2–5）的音符、键盘位置、转位、听音和练习,HTML全页扫描（状态/H1/canonical/robots/音符/站内链接/工程措辞）；同模板浏览器分层覆盖；证据 docs/seo/chords/evidence-2026-09-18/task-12/_html_scan.json,公式段重复引言里已有的理论句,已修好,去掉公式段重复理论；sus2 与同根 sus4 仍是不同查阅任务（1–2–5 对 1–4–5），不合并,,
/chords/b-flat-sus4,detail,查阅该 sus4（1–4–5）的音符、键盘位置、转位、听音和练习,HTML全页扫描（状态/H1/canonical/robots/音符/站内链接/工程措辞）；同模板浏览器分层覆盖；证据 docs/seo/chords/evidence-2026-09-18/task-12/_html_scan.json,公式段重复引言里已有的理论句,已修好,去掉公式段重复理论；sus2 与同根 sus4 仍是不同查阅任务（1–2–5 对 1–4–5），不合并,,
/chords/b-sus2,detail,查阅该 sus2（1–2–5）的音符、键盘位置、转位、听音和练习,HTML全页扫描（状态/H1/canonical/robots/音符/站内链接/工程措辞）；同模板浏览器分层覆盖；证据 docs/seo/chords/evidence-2026-09-18/task-12/_html_scan.json,公式段重复引言里已有的理论句,已修好,去掉公式段重复理论；sus2 与同根 sus4 仍是不同查阅任务（1–2–5 对 1–4–5），不合并,,
/chords/b-sus4,detail,查阅该 sus4（1–4–5）的音符、键盘位置、转位、听音和练习,HTML全页扫描（状态/H1/canonical/robots/音符/站内链接/工程措辞）；同模板浏览器分层覆盖；证据 docs/seo/chords/evidence-2026-09-18/task-12/_html_scan.json,公式段重复引言里已有的理论句,已修好,去掉公式段重复理论；sus2 与同根 sus4 仍是不同查阅任务（1–2–5 对 1–4–5），不合并,,
/chords/c-augmented,detail,查阅这一具体和弦的音符、公式、键盘位置、转位或排列、听音和练习,HTML全页扫描 + Playwright桌面1440/移动390操作；证据 docs/seo/chords/evidence-2026-09-18/task-12/,公式段重复理论句；指法段使用工程化 authorized dataset 措辞,已修好,去掉公式段重复理论；工程化指法改为“本页不提供指法，图示只标音位”,,
/chords/c-diminished,detail,查阅这一具体和弦的音符、公式、键盘位置、转位或排列、听音和练习,HTML全页扫描 + Playwright桌面1440/移动390操作；证据 docs/seo/chords/evidence-2026-09-18/task-12/,公式段重复理论句；指法段使用工程化 authorized dataset 措辞,已修好,去掉公式段重复理论；工程化指法改为“本页不提供指法，图示只标音位”,,
/chords/c-sus2,detail,查阅该 sus2（1–2–5）的音符、键盘位置、转位、听音和练习,HTML全页扫描 + Playwright桌面1440/移动390操作；证据 docs/seo/chords/evidence-2026-09-18/task-12/,公式段重复引言里已有的理论句,已修好,去掉公式段重复理论；sus2 与同根 sus4 仍是不同查阅任务（1–2–5 对 1–4–5），不合并,,
/chords/c-sus4,detail,查阅该 sus4（1–4–5）的音符、键盘位置、转位、听音和练习,HTML全页扫描 + Playwright桌面1440/移动390操作；证据 docs/seo/chords/evidence-2026-09-18/task-12/,公式段重复引言里已有的理论句,已修好,去掉公式段重复理论；sus2 与同根 sus4 仍是不同查阅任务（1–2–5 对 1–4–5），不合并,,
/chords/d-augmented,detail,查阅这一具体和弦的音符、公式、键盘位置、转位或排列、听音和练习,HTML全页扫描（状态/H1/canonical/robots/音符/站内链接/工程措辞）；同模板浏览器分层覆盖；证据 docs/seo/chords/evidence-2026-09-18/task-12/_html_scan.json,公式段重复理论句；指法段使用工程化 authorized dataset 措辞,已修好,去掉公式段重复理论；工程化指法改为“本页不提供指法，图示只标音位”,,
/chords/d-diminished,detail,查阅这一具体和弦的音符、公式、键盘位置、转位或排列、听音和练习,HTML全页扫描（状态/H1/canonical/robots/音符/站内链接/工程措辞）；同模板浏览器分层覆盖；证据 docs/seo/chords/evidence-2026-09-18/task-12/_html_scan.json,公式段重复理论句；指法段使用工程化 authorized dataset 措辞,已修好,去掉公式段重复理论；工程化指法改为“本页不提供指法，图示只标音位”,,
/chords/d-flat-augmented,detail,查阅这一具体和弦的音符、公式、键盘位置、转位或排列、听音和练习,HTML全页扫描（状态/H1/canonical/robots/音符/站内链接/工程措辞）；同模板浏览器分层覆盖；证据 docs/seo/chords/evidence-2026-09-18/task-12/_html_scan.json,公式段重复理论句；指法段使用工程化 authorized dataset 措辞,已修好,去掉公式段重复理论；工程化指法改为“本页不提供指法，图示只标音位”,,
/chords/d-flat-diminished,detail,查阅这一具体和弦的音符、公式、键盘位置、转位或排列、听音和练习,HTML全页扫描（状态/H1/canonical/robots/音符/站内链接/工程措辞）；同模板浏览器分层覆盖；证据 docs/seo/chords/evidence-2026-09-18/task-12/_html_scan.json,公式段重复理论句；指法段使用工程化 authorized dataset 措辞,已修好,去掉公式段重复理论；工程化指法改为“本页不提供指法，图示只标音位”,,
/chords/d-flat-sus2,detail,查阅该 sus2（1–2–5）的音符、键盘位置、转位、听音和练习,HTML全页扫描（状态/H1/canonical/robots/音符/站内链接/工程措辞）；同模板浏览器分层覆盖；证据 docs/seo/chords/evidence-2026-09-18/task-12/_html_scan.json,公式段重复引言里已有的理论句,已修好,去掉公式段重复理论；sus2 与同根 sus4 仍是不同查阅任务（1–2–5 对 1–4–5），不合并,,
/chords/d-flat-sus4,detail,查阅该 sus4（1–4–5）的音符、键盘位置、转位、听音和练习,HTML全页扫描（状态/H1/canonical/robots/音符/站内链接/工程措辞）；同模板浏览器分层覆盖；证据 docs/seo/chords/evidence-2026-09-18/task-12/_html_scan.json,公式段重复引言里已有的理论句,已修好,去掉公式段重复理论；sus2 与同根 sus4 仍是不同查阅任务（1–2–5 对 1–4–5），不合并,,
/chords/d-sus2,detail,查阅该 sus2（1–2–5）的音符、键盘位置、转位、听音和练习,HTML全页扫描（状态/H1/canonical/robots/音符/站内链接/工程措辞）；同模板浏览器分层覆盖；证据 docs/seo/chords/evidence-2026-09-18/task-12/_html_scan.json,公式段重复引言里已有的理论句,已修好,去掉公式段重复理论；sus2 与同根 sus4 仍是不同查阅任务（1–2–5 对 1–4–5），不合并,,
/chords/d-sus4,detail,查阅该 sus4（1–4–5）的音符、键盘位置、转位、听音和练习,HTML全页扫描（状态/H1/canonical/robots/音符/站内链接/工程措辞）；同模板浏览器分层覆盖；证据 docs/seo/chords/evidence-2026-09-18/task-12/_html_scan.json,公式段重复引言里已有的理论句,已修好,去掉公式段重复理论；sus2 与同根 sus4 仍是不同查阅任务（1–2–5 对 1–4–5），不合并,,
/chords/e-augmented,detail,查阅这一具体和弦的音符、公式、键盘位置、转位或排列、听音和练习,HTML全页扫描（状态/H1/canonical/robots/音符/站内链接/工程措辞）；同模板浏览器分层覆盖；证据 docs/seo/chords/evidence-2026-09-18/task-12/_html_scan.json,公式段重复理论句；指法段使用工程化 authorized dataset 措辞,已修好,去掉公式段重复理论；工程化指法改为“本页不提供指法，图示只标音位”,,
/chords/e-diminished,detail,查阅这一具体和弦的音符、公式、键盘位置、转位或排列、听音和练习,HTML全页扫描（状态/H1/canonical/robots/音符/站内链接/工程措辞）；同模板浏览器分层覆盖；证据 docs/seo/chords/evidence-2026-09-18/task-12/_html_scan.json,公式段重复理论句；指法段使用工程化 authorized dataset 措辞,已修好,去掉公式段重复理论；工程化指法改为“本页不提供指法，图示只标音位”,,
/chords/e-flat-augmented,detail,查阅这一具体和弦的音符、公式、键盘位置、转位或排列、听音和练习,HTML全页扫描（状态/H1/canonical/robots/音符/站内链接/工程措辞）；同模板浏览器分层覆盖；证据 docs/seo/chords/evidence-2026-09-18/task-12/_html_scan.json,公式段重复理论句；指法段使用工程化 authorized dataset 措辞,已修好,去掉公式段重复理论；工程化指法改为“本页不提供指法，图示只标音位”,,
/chords/e-flat-diminished,detail,查阅这一具体和弦的音符、公式、键盘位置、转位或排列、听音和练习,HTML全页扫描（状态/H1/canonical/robots/音符/站内链接/工程措辞）；同模板浏览器分层覆盖；证据 docs/seo/chords/evidence-2026-09-18/task-12/_html_scan.json,公式段重复理论句；指法段使用工程化 authorized dataset 措辞,已修好,去掉公式段重复理论；工程化指法改为“本页不提供指法，图示只标音位”,,
/chords/e-flat-sus2,detail,查阅该 sus2（1–2–5）的音符、键盘位置、转位、听音和练习,HTML全页扫描（状态/H1/canonical/robots/音符/站内链接/工程措辞）；同模板浏览器分层覆盖；证据 docs/seo/chords/evidence-2026-09-18/task-12/_html_scan.json,公式段重复引言里已有的理论句,已修好,去掉公式段重复理论；sus2 与同根 sus4 仍是不同查阅任务（1–2–5 对 1–4–5），不合并,,
/chords/e-flat-sus4,detail,查阅该 sus4（1–4–5）的音符、键盘位置、转位、听音和练习,HTML全页扫描（状态/H1/canonical/robots/音符/站内链接/工程措辞）；同模板浏览器分层覆盖；证据 docs/seo/chords/evidence-2026-09-18/task-12/_html_scan.json,公式段重复引言里已有的理论句,已修好,去掉公式段重复理论；sus2 与同根 sus4 仍是不同查阅任务（1–2–5 对 1–4–5），不合并,,
/chords/e-sus2,detail,查阅该 sus2（1–2–5）的音符、键盘位置、转位、听音和练习,HTML全页扫描（状态/H1/canonical/robots/音符/站内链接/工程措辞）；同模板浏览器分层覆盖；证据 docs/seo/chords/evidence-2026-09-18/task-12/_html_scan.json,公式段重复引言里已有的理论句,已修好,去掉公式段重复理论；sus2 与同根 sus4 仍是不同查阅任务（1–2–5 对 1–4–5），不合并,,
/chords/e-sus4,detail,查阅该 sus4（1–4–5）的音符、键盘位置、转位、听音和练习,HTML全页扫描（状态/H1/canonical/robots/音符/站内链接/工程措辞）；同模板浏览器分层覆盖；证据 docs/seo/chords/evidence-2026-09-18/task-12/_html_scan.json,公式段重复引言里已有的理论句,已修好,去掉公式段重复理论；sus2 与同根 sus4 仍是不同查阅任务（1–2–5 对 1–4–5），不合并,,
/chords/f-augmented,detail,查阅这一具体和弦的音符、公式、键盘位置、转位或排列、听音和练习,HTML全页扫描（状态/H1/canonical/robots/音符/站内链接/工程措辞）；同模板浏览器分层覆盖；证据 docs/seo/chords/evidence-2026-09-18/task-12/_html_scan.json,公式段重复理论句；指法段使用工程化 authorized dataset 措辞,已修好,去掉公式段重复理论；工程化指法改为“本页不提供指法，图示只标音位”,,
/chords/f-diminished,detail,查阅这一具体和弦的音符、公式、键盘位置、转位或排列、听音和练习,HTML全页扫描（状态/H1/canonical/robots/音符/站内链接/工程措辞）；同模板浏览器分层覆盖；证据 docs/seo/chords/evidence-2026-09-18/task-12/_html_scan.json,公式段重复理论句；指法段使用工程化 authorized dataset 措辞,已修好,去掉公式段重复理论；工程化指法改为“本页不提供指法，图示只标音位”,,
/chords/f-sharp-augmented,detail,查阅这一具体和弦的音符、公式、键盘位置、转位或排列、听音和练习,HTML全页扫描（状态/H1/canonical/robots/音符/站内链接/工程措辞）；同模板浏览器分层覆盖；证据 docs/seo/chords/evidence-2026-09-18/task-12/_html_scan.json,公式段重复理论句；指法段使用工程化 authorized dataset 措辞,已修好,去掉公式段重复理论；工程化指法改为“本页不提供指法，图示只标音位”,,
/chords/f-sharp-diminished,detail,查阅这一具体和弦的音符、公式、键盘位置、转位或排列、听音和练习,HTML全页扫描（状态/H1/canonical/robots/音符/站内链接/工程措辞）；同模板浏览器分层覆盖；证据 docs/seo/chords/evidence-2026-09-18/task-12/_html_scan.json,公式段重复理论句；指法段使用工程化 authorized dataset 措辞,已修好,去掉公式段重复理论；工程化指法改为“本页不提供指法，图示只标音位”,,
/chords/f-sharp-sus2,detail,查阅该 sus2（1–2–5）的音符、键盘位置、转位、听音和练习,HTML全页扫描（状态/H1/canonical/robots/音符/站内链接/工程措辞）；同模板浏览器分层覆盖；证据 docs/seo/chords/evidence-2026-09-18/task-12/_html_scan.json,公式段重复引言里已有的理论句,已修好,去掉公式段重复理论；sus2 与同根 sus4 仍是不同查阅任务（1–2–5 对 1–4–5），不合并,,
/chords/f-sharp-sus4,detail,查阅该 sus4（1–4–5）的音符、键盘位置、转位、听音和练习,HTML全页扫描（状态/H1/canonical/robots/音符/站内链接/工程措辞）；同模板浏览器分层覆盖；证据 docs/seo/chords/evidence-2026-09-18/task-12/_html_scan.json,公式段重复引言里已有的理论句,已修好,去掉公式段重复理论；sus2 与同根 sus4 仍是不同查阅任务（1–2–5 对 1–4–5），不合并,,
/chords/f-sus2,detail,查阅该 sus2（1–2–5）的音符、键盘位置、转位、听音和练习,HTML全页扫描（状态/H1/canonical/robots/音符/站内链接/工程措辞）；同模板浏览器分层覆盖；证据 docs/seo/chords/evidence-2026-09-18/task-12/_html_scan.json,公式段重复引言里已有的理论句,已修好,去掉公式段重复理论；sus2 与同根 sus4 仍是不同查阅任务（1–2–5 对 1–4–5），不合并,,
/chords/f-sus4,detail,查阅该 sus4（1–4–5）的音符、键盘位置、转位、听音和练习,HTML全页扫描（状态/H1/canonical/robots/音符/站内链接/工程措辞）；同模板浏览器分层覆盖；证据 docs/seo/chords/evidence-2026-09-18/task-12/_html_scan.json,公式段重复引言里已有的理论句,已修好,去掉公式段重复理论；sus2 与同根 sus4 仍是不同查阅任务（1–2–5 对 1–4–5），不合并,,
/chords/g-augmented,detail,查阅这一具体和弦的音符、公式、键盘位置、转位或排列、听音和练习,HTML全页扫描（状态/H1/canonical/robots/音符/站内链接/工程措辞）；同模板浏览器分层覆盖；证据 docs/seo/chords/evidence-2026-09-18/task-12/_html_scan.json,公式段重复理论句；指法段使用工程化 authorized dataset 措辞,已修好,去掉公式段重复理论；工程化指法改为“本页不提供指法，图示只标音位”,,
/chords/g-diminished,detail,查阅这一具体和弦的音符、公式、键盘位置、转位或排列、听音和练习,HTML全页扫描（状态/H1/canonical/robots/音符/站内链接/工程措辞）；同模板浏览器分层覆盖；证据 docs/seo/chords/evidence-2026-09-18/task-12/_html_scan.json,公式段重复理论句；指法段使用工程化 authorized dataset 措辞,已修好,去掉公式段重复理论；工程化指法改为“本页不提供指法，图示只标音位”,,
/chords/g-sus2,detail,查阅该 sus2（1–2–5）的音符、键盘位置、转位、听音和练习,HTML全页扫描（状态/H1/canonical/robots/音符/站内链接/工程措辞）；同模板浏览器分层覆盖；证据 docs/seo/chords/evidence-2026-09-18/task-12/_html_scan.json,公式段重复引言里已有的理论句,已修好,去掉公式段重复理论；sus2 与同根 sus4 仍是不同查阅任务（1–2–5 对 1–4–5），不合并,,
/chords/g-sus4,detail,查阅该 sus4（1–4–5）的音符、键盘位置、转位、听音和练习,HTML全页扫描（状态/H1/canonical/robots/音符/站内链接/工程措辞）；同模板浏览器分层覆盖；证据 docs/seo/chords/evidence-2026-09-18/task-12/_html_scan.json,公式段重复引言里已有的理论句,已修好,去掉公式段重复理论；sus2 与同根 sus4 仍是不同查阅任务（1–2–5 对 1–4–5），不合并,,
/chords/a-minor,detail,查阅这一具体和弦的音符、公式、键盘位置、转位或排列、听音和练习,HTML全页扫描 + Playwright桌面1440/移动390操作；证据 docs/seo/chords/evidence-2026-09-18/task-12/,未发现本轮范围内问题,保持,独立查阅任务完整：名称、音符、键盘、听音或分类入口可用；未改任务11 Title/H1/description,,
/chords/a-major,detail,查阅这一具体和弦的音符、公式、键盘位置、转位或排列、听音和练习,HTML全页扫描（状态/H1/canonical/robots/音符/站内链接/工程措辞）；同模板浏览器分层覆盖；证据 docs/seo/chords/evidence-2026-09-18/task-12/_html_scan.json,未发现本轮范围内问题,保持,独立查阅任务完整：名称、音符、键盘、听音或分类入口可用；未改任务11 Title/H1/description,,
/chords/c-major,detail,查阅这一具体和弦的音符、公式、键盘位置、转位或排列、听音和练习,HTML全页扫描 + Playwright桌面1440/移动390操作；证据 docs/seo/chords/evidence-2026-09-18/task-12/,未发现本轮范围内问题,保持,独立查阅任务完整：名称、音符、键盘、听音或分类入口可用；未改任务11 Title/H1/description,,
/chords/g-major,detail,查阅这一具体和弦的音符、公式、键盘位置、转位或排列、听音和练习,HTML全页扫描 + Playwright桌面1440/移动390操作；证据 docs/seo/chords/evidence-2026-09-18/task-12/,未发现本轮范围内问题,保持,独立查阅任务完整：名称、音符、键盘、听音或分类入口可用；未改任务11 Title/H1/description,,
/chords/c-minor,detail,查阅这一具体和弦的音符、公式、键盘位置、转位或排列、听音和练习,HTML全页扫描（状态/H1/canonical/robots/音符/站内链接/工程措辞）；同模板浏览器分层覆盖；证据 docs/seo/chords/evidence-2026-09-18/task-12/_html_scan.json,未发现本轮范围内问题,保持,独立查阅任务完整：名称、音符、键盘、听音或分类入口可用；未改任务11 Title/H1/description,,
/chords/e-major,detail,查阅这一具体和弦的音符、公式、键盘位置、转位或排列、听音和练习,HTML全页扫描（状态/H1/canonical/robots/音符/站内链接/工程措辞）；同模板浏览器分层覆盖；证据 docs/seo/chords/evidence-2026-09-18/task-12/_html_scan.json,未发现本轮范围内问题,保持,独立查阅任务完整：名称、音符、键盘、听音或分类入口可用；未改任务11 Title/H1/description,,
/chords/b-major,detail,查阅这一具体和弦的音符、公式、键盘位置、转位或排列、听音和练习,HTML全页扫描（状态/H1/canonical/robots/音符/站内链接/工程措辞）；同模板浏览器分层覆盖；证据 docs/seo/chords/evidence-2026-09-18/task-12/_html_scan.json,未发现本轮范围内问题,保持,独立查阅任务完整：名称、音符、键盘、听音或分类入口可用；未改任务11 Title/H1/description,,
/chords/a-flat-major,detail,查阅这一具体和弦的音符、公式、键盘位置、转位或排列、听音和练习,HTML全页扫描（状态/H1/canonical/robots/音符/站内链接/工程措辞）；同模板浏览器分层覆盖；证据 docs/seo/chords/evidence-2026-09-18/task-12/_html_scan.json,未发现本轮范围内问题,保持,独立查阅任务完整：名称、音符、键盘、听音或分类入口可用；未改任务11 Title/H1/description,,
/chords/c-flat-major,detail,查阅这一具体和弦的音符、公式、键盘位置、转位或排列、听音和练习,HTML全页扫描（状态/H1/canonical/robots/音符/站内链接/工程措辞）；同模板浏览器分层覆盖；证据 docs/seo/chords/evidence-2026-09-18/task-12/_html_scan.json,未发现本轮范围内问题,保持,独立查阅任务完整：名称、音符、键盘、听音或分类入口可用；未改任务11 Title/H1/description,,
/chords/f-major,detail,查阅这一具体和弦的音符、公式、键盘位置、转位或排列、听音和练习,HTML全页扫描（状态/H1/canonical/robots/音符/站内链接/工程措辞）；同模板浏览器分层覆盖；证据 docs/seo/chords/evidence-2026-09-18/task-12/_html_scan.json,未发现本轮范围内问题,保持,独立查阅任务完整：名称、音符、键盘、听音或分类入口可用；未改任务11 Title/H1/description,,
/chords/d-minor,detail,查阅这一具体和弦的音符、公式、键盘位置、转位或排列、听音和练习,HTML全页扫描 + Playwright桌面1440/移动390操作；证据 docs/seo/chords/evidence-2026-09-18/task-12/,未发现本轮范围内问题,保持,独立查阅任务完整：名称、音符、键盘、听音或分类入口可用；未改任务11 Title/H1/description,,
/chords/e-minor,detail,查阅这一具体和弦的音符、公式、键盘位置、转位或排列、听音和练习,HTML全页扫描（状态/H1/canonical/robots/音符/站内链接/工程措辞）；同模板浏览器分层覆盖；证据 docs/seo/chords/evidence-2026-09-18/task-12/_html_scan.json,未发现本轮范围内问题,保持,独立查阅任务完整：名称、音符、键盘、听音或分类入口可用；未改任务11 Title/H1/description,,
/chords/d-major,detail,查阅这一具体和弦的音符、公式、键盘位置、转位或排列、听音和练习,HTML全页扫描（状态/H1/canonical/robots/音符/站内链接/工程措辞）；同模板浏览器分层覆盖；证据 docs/seo/chords/evidence-2026-09-18/task-12/_html_scan.json,未发现本轮范围内问题,保持,独立查阅任务完整：名称、音符、键盘、听音或分类入口可用；未改任务11 Title/H1/description,,
/chords/b-minor,detail,查阅这一具体和弦的音符、公式、键盘位置、转位或排列、听音和练习,HTML全页扫描 + Playwright桌面1440/移动390操作；证据 docs/seo/chords/evidence-2026-09-18/task-12/,未发现本轮范围内问题,保持,独立查阅任务完整：名称、音符、键盘、听音或分类入口可用；未改任务11 Title/H1/description,,
/chords/f-sharp-minor,detail,查阅这一具体和弦的音符、公式、键盘位置、转位或排列、听音和练习,HTML全页扫描（状态/H1/canonical/robots/音符/站内链接/工程措辞）；同模板浏览器分层覆盖；证据 docs/seo/chords/evidence-2026-09-18/task-12/_html_scan.json,未发现本轮范围内问题,保持,独立查阅任务完整：名称、音符、键盘、听音或分类入口可用；未改任务11 Title/H1/description,,
/chords/c-sharp-minor,detail,查阅这一具体和弦的音符、公式、键盘位置、转位或排列、听音和练习,HTML全页扫描（状态/H1/canonical/robots/音符/站内链接/工程措辞）；同模板浏览器分层覆盖；证据 docs/seo/chords/evidence-2026-09-18/task-12/_html_scan.json,未发现本轮范围内问题,保持,独立查阅任务完整：名称、音符、键盘、听音或分类入口可用；未改任务11 Title/H1/description,,
/chords/g-sharp-minor,detail,查阅这一具体和弦的音符、公式、键盘位置、转位或排列、听音和练习,HTML全页扫描（状态/H1/canonical/robots/音符/站内链接/工程措辞）；同模板浏览器分层覆盖；证据 docs/seo/chords/evidence-2026-09-18/task-12/_html_scan.json,未发现本轮范围内问题,保持,独立查阅任务完整：名称、音符、键盘、听音或分类入口可用；未改任务11 Title/H1/description,,
/chords/b-flat-major,detail,查阅这一具体和弦的音符、公式、键盘位置、转位或排列、听音和练习,HTML全页扫描（状态/H1/canonical/robots/音符/站内链接/工程措辞）；同模板浏览器分层覆盖；证据 docs/seo/chords/evidence-2026-09-18/task-12/_html_scan.json,未发现本轮范围内问题,保持,独立查阅任务完整：名称、音符、键盘、听音或分类入口可用；未改任务11 Title/H1/description,,
/chords/g-minor,detail,查阅这一具体和弦的音符、公式、键盘位置、转位或排列、听音和练习,HTML全页扫描（状态/H1/canonical/robots/音符/站内链接/工程措辞）；同模板浏览器分层覆盖；证据 docs/seo/chords/evidence-2026-09-18/task-12/_html_scan.json,未发现本轮范围内问题,保持,独立查阅任务完整：名称、音符、键盘、听音或分类入口可用；未改任务11 Title/H1/description,,
/chords/d-flat-major,detail,查阅这一具体和弦的音符、公式、键盘位置、转位或排列、听音和练习,HTML全页扫描（状态/H1/canonical/robots/音符/站内链接/工程措辞）；同模板浏览器分层覆盖；证据 docs/seo/chords/evidence-2026-09-18/task-12/_html_scan.json,未发现本轮范围内问题,保持,独立查阅任务完整：名称、音符、键盘、听音或分类入口可用；未改任务11 Title/H1/description,,
/chords/e-flat-major,detail,查阅这一具体和弦的音符、公式、键盘位置、转位或排列、听音和练习,HTML全页扫描（状态/H1/canonical/robots/音符/站内链接/工程措辞）；同模板浏览器分层覆盖；证据 docs/seo/chords/evidence-2026-09-18/task-12/_html_scan.json,未发现本轮范围内问题,保持,独立查阅任务完整：名称、音符、键盘、听音或分类入口可用；未改任务11 Title/H1/description,,
/chords/f-sharp-major,detail,查阅这一具体和弦的音符、公式、键盘位置、转位或排列、听音和练习,HTML全页扫描（状态/H1/canonical/robots/音符/站内链接/工程措辞）；同模板浏览器分层覆盖；证据 docs/seo/chords/evidence-2026-09-18/task-12/_html_scan.json,未发现本轮范围内问题,保持,独立查阅任务完整：名称、音符、键盘、听音或分类入口可用；未改任务11 Title/H1/description,,
/chords/f-minor,detail,查阅这一具体和弦的音符、公式、键盘位置、转位或排列、听音和练习,HTML全页扫描（状态/H1/canonical/robots/音符/站内链接/工程措辞）；同模板浏览器分层覆盖；证据 docs/seo/chords/evidence-2026-09-18/task-12/_html_scan.json,未发现本轮范围内问题,保持,独立查阅任务完整：名称、音符、键盘、听音或分类入口可用；未改任务11 Title/H1/description,,
/chords/b-flat-minor,detail,查阅这一具体和弦的音符、公式、键盘位置、转位或排列、听音和练习,HTML全页扫描（状态/H1/canonical/robots/音符/站内链接/工程措辞）；同模板浏览器分层覆盖；证据 docs/seo/chords/evidence-2026-09-18/task-12/_html_scan.json,未发现本轮范围内问题,保持,独立查阅任务完整：名称、音符、键盘、听音或分类入口可用；未改任务11 Title/H1/description,,
/chords/e-flat-minor,detail,查阅这一具体和弦的音符、公式、键盘位置、转位或排列、听音和练习,HTML全页扫描 + Playwright桌面1440/移动390操作；证据 docs/seo/chords/evidence-2026-09-18/task-12/,未发现本轮范围内问题,保持,独立查阅任务完整：名称、音符、键盘、听音或分类入口可用；未改任务11 Title/H1/description,,
/chords/by-key,tool,选一个调，对照该调三和弦与七和弦，再打开已发布详情,HTML全页扫描 + Playwright桌面1440/移动390操作；证据 docs/seo/chords/evidence-2026-09-18/task-12/,未发现本轮范围内问题,保持,独立查阅任务完整：名称、音符、键盘、听音或分类入口可用；未改任务11 Title/H1/description,,
/chords/finder,tool,在键盘上选出听到的音，查看匹配和弦并打开对应页面,HTML全页扫描 + Playwright桌面1440/移动390操作；证据 docs/seo/chords/evidence-2026-09-18/task-12/,未发现本轮范围内问题,保持,独立查阅任务完整：名称、音符、键盘、听音或分类入口可用；未改任务11 Title/H1/description,,
/chord-progressions,tool,选进行模式和调，查看每级和弦并听当前例子,HTML全页扫描 + Playwright桌面1440/移动390操作；证据 docs/seo/chords/evidence-2026-09-18/task-12/,未发现本轮范围内问题,保持,独立查阅任务完整：名称、音符、键盘、听音或分类入口可用；未改任务11 Title/H1/description,,
