url,page_type,family,subtype,root,display_name,current_title,current_h1,current_description,sitemap,indexable,canonical,original_plan_url,original_keyword,original_volume_us,keyword_source,current_target_keyword,current_volume_us,volume_status,generated_after_original_plan,visible_entry,entry_path,click_depth,recommendation,notes
/chords,hub,hub,,,Piano Chord Chart,"Piano Chord Chart: Notes, Diagrams & Sound | PianoGrid",Piano Chord Chart,"Find piano chords by name, root or type. See their notes and keyboard positions, hear examples, and open detailed chord and inversion guides.",true,"index,follow",https://pianogrid.com/chords,/chords,piano chord chart,6600,ORIGINAL_URL_PLAN,piano chord chart,6600,ORIGINAL_PLAN,false,true,Header Chords → Browse all chords → /chords,1,KEEP_SEO,
/chords/major,family,major,,,Major Piano Chords,"Major Piano Chords: Notes, Formulas & Keyboard Diagrams",Major Piano Chords,"Browse major piano chords by root. See chord notes, formulas, keyboard diagrams and links to detailed inversion pages.",true,"index,follow",https://pianogrid.com/chords/major,/chords,major chords piano,,ORIGINAL_HUB_TASK_KEYWORD,major piano chords,,UNKNOWN,true,true,/chords → Major Piano Chords,1,KEEP_SEO,Family URL is later than the 127-URL plan; keyword string inherited from hub other_task_keywords with no recorded volume.
/chords/minor,family,minor,,,Minor Piano Chords,"Minor Piano Chords: Notes, Formulas & Keyboard Diagrams",Minor Piano Chords,"Browse minor piano chords by root. See chord notes, formulas, keyboard diagrams and links to detailed inversion pages.",true,"index,follow",https://pianogrid.com/chords/minor,/chords,minor chords piano,,ORIGINAL_HUB_TASK_KEYWORD,minor piano chords,,UNKNOWN,true,true,/chords → Minor Piano Chords,1,KEEP_SEO,Family URL is later than the 127-URL plan; keyword string inherited from hub other_task_keywords with no recorded volume.
/chords/diminished,family,diminished,,,Diminished Chords,"Diminished Chords: Piano Notes, Formula & Inversions | PianoGrid",Diminished Chords,"Browse diminished piano triads by root. See notes, the 1–♭3–♭5 formula, keyboard diagrams and detailed inversion pages.",true,"index,follow",https://pianogrid.com/chords/diminished,,,,GENERATED_WITHOUT_ORIGINAL_KEYWORD_MAPPING,Diminished Chords,1600,VERIFIED,true,true,/chords → Diminished Chords,1,KEEP_SEO,"Family primary keyword verified 2026-09-17 Semrush US Desktop; Piano is context, not a replacement for the exact phrase."
/chords/augmented,family,augmented,,,Augmented Chords,"Augmented Chords: Piano Notes, Formula & Inversions | PianoGrid",Augmented Chords,"Browse augmented piano triads by root. See notes, the 1–3–♯5 formula, keyboard diagrams and detailed inversion pages.",true,"index,follow",https://pianogrid.com/chords/augmented,,,,GENERATED_WITHOUT_ORIGINAL_KEYWORD_MAPPING,Augmented Chords,1000,VERIFIED,true,true,/chords → Augmented Chords,1,KEEP_SEO,"Family primary keyword verified 2026-09-17 Semrush US Desktop; Piano is context, not a replacement for the exact phrase."
/chords/suspended,family,suspended,,,Suspended Chords,Suspended Chords: Sus2 & Sus4 Piano Notes & Inversions | PianoGrid,Suspended Chords,"Browse sus2 and sus4 piano chords by root. Compare 1–2–5 with 1–4–5, see keyboard diagrams and detailed inversion pages.",true,"index,follow",https://pianogrid.com/chords/suspended,,,,GENERATED_WITHOUT_ORIGINAL_KEYWORD_MAPPING,Suspended Chords,1600,VERIFIED,true,true,/chords → Suspended Chords,1,KEEP_SEO,"Family primary keyword verified 2026-09-17 Semrush US Desktop; Piano is context, not a replacement for the exact phrase."
/chords/seventh,family,seventh,,,Seventh Piano Chords,"Seventh Piano Chords: 7, Maj7, Min7 & Half-Diminished",Seventh Piano Chords,"Browse dominant 7th, major 7th, minor 7th and half-diminished piano chords by root. Compare four-note formulas, keyboard diagrams and inversions.",true,"index,follow",https://pianogrid.com/chords/seventh,,,,GENERATED_WITHOUT_ORIGINAL_KEYWORD_MAPPING,seventh piano chords,,NO_DATA,true,true,/chords → Seventh Piano Chords,1,REVIEW_KEYWORD,"NEEDS_KEYWORD_REVIEW. D7 chord piano is a detail query, not the family query."
/chords/add,family,add9,,,Add9 Chords,Add9 Chords: Major & Minor Piano Notes & Voicings | PianoGrid,Add9 Chords,"Browse 24 major and minor add9 piano chords. Compare notes and two keyboard layouts, practise chord tones, and open printable reference pages.",true,"index,follow",https://pianogrid.com/chords/add,,,,GENERATED_WITHOUT_ORIGINAL_KEYWORD_MAPPING,Add9 Chords,390,VERIFIED,true,true,/chords → Add9 Chords,1,KEEP_SEO,"Family primary keyword verified 2026-09-17 Semrush US Desktop; Piano is context, not a replacement for the exact phrase."
/chords/extended,family,extended,,,Extended Chords,"Extended Chords: 9th, 11th & 13th Piano Chords | PianoGrid",Extended Chords,"Explore ninth, eleventh and thirteenth piano chords. Compare full formulas with explicit voicing examples, hear the notes and practise a selected layout.",true,"index,follow",https://pianogrid.com/chords/extended,,,,GENERATED_WITHOUT_ORIGINAL_KEYWORD_MAPPING,Extended Chords,390,VERIFIED,true,true,/chords → Extended Chords,1,KEEP_SEO,"Family primary keyword verified 2026-09-17 Semrush US Desktop; Piano is context, not a replacement for the exact phrase. Family page hosts embedded references; no extra per-chord detail URLs."
/chords/altered,family,altered,,,Altered Dominant Chords,"Altered Dominant Chords: Piano Notes, Formulas & Voicings | PianoGrid",Altered Dominant Chords,"Compare explicit altered dominant chords on piano. Read changed degrees, hear written-note voicings, check omissions and practise a selected example.",true,"index,follow",https://pianogrid.com/chords/altered,,,,GENERATED_WITHOUT_ORIGINAL_KEYWORD_MAPPING,Altered Dominant Chords,210,VERIFIED,true,true,/chords → Altered Dominant Chords,1,KEEP_SEO,"Family primary keyword verified 2026-09-17 Semrush US Desktop; Piano is context, not a replacement for the exact phrase. Family page hosts embedded references; no extra per-chord detail URLs."
/chords/c-add9,detail,add9,add9,C,C add9,"Cadd9 Piano Chord: Notes, Voicings & Practice | PianoGrid",Cadd9 Piano Chord,"Find Cadd9 notes (C, E, G, D), compare two keyboard layouts, hear each one and practise chord tones or an exact voicing.",true,"index,follow",https://pianogrid.com/chords/c-add9,,,,GENERATED_WITHOUT_ORIGINAL_KEYWORD_MAPPING,c add9 piano chord,,NO_DATA,true,true,/chords → Add9 → C add9,2,KEEP_REFERENCE,Later taxonomy/product-completion detail. Keep as chord-library reference until keyword check. Detail Title/H1 not changed in this round.
/chords/d-flat-add9,detail,add9,add9,D♭,D-flat add9,"D♭add9 Piano Chord: Notes, Voicings & Practice | PianoGrid",D♭add9 Piano Chord,"Find D♭add9 notes (D♭, F, A♭, E♭), compare two keyboard layouts, hear each one and practise chord tones or an exact voicing.",true,"index,follow",https://pianogrid.com/chords/d-flat-add9,,,,GENERATED_WITHOUT_ORIGINAL_KEYWORD_MAPPING,d-flat add9 piano chord,,NO_DATA,true,true,/chords → Add9 → D-flat add9,2,KEEP_REFERENCE,Later taxonomy/product-completion detail. Keep as chord-library reference until keyword check. Detail Title/H1 not changed in this round.
/chords/d-add9,detail,add9,add9,D,D add9,"Dadd9 Piano Chord: Notes, Voicings & Practice | PianoGrid",Dadd9 Piano Chord,"Find Dadd9 notes (D, F♯, A, E), compare two keyboard layouts, hear each one and practise chord tones or an exact voicing.",true,"index,follow",https://pianogrid.com/chords/d-add9,,,,GENERATED_WITHOUT_ORIGINAL_KEYWORD_MAPPING,d add9 piano chord,,NO_DATA,true,true,/chords → Add9 → D add9,2,KEEP_REFERENCE,Later taxonomy/product-completion detail. Keep as chord-library reference until keyword check. Detail Title/H1 not changed in this round.
/chords/e-flat-add9,detail,add9,add9,E♭,E-flat add9,"E♭add9 Piano Chord: Notes, Voicings & Practice | PianoGrid",E♭add9 Piano Chord,"Find E♭add9 notes (E♭, G, B♭, F), compare two keyboard layouts, hear each one and practise chord tones or an exact voicing.",true,"index,follow",https://pianogrid.com/chords/e-flat-add9,,,,GENERATED_WITHOUT_ORIGINAL_KEYWORD_MAPPING,e-flat add9 piano chord,,NO_DATA,true,true,/chords → Add9 → E-flat add9,2,KEEP_REFERENCE,Later taxonomy/product-completion detail. Keep as chord-library reference until keyword check. Detail Title/H1 not changed in this round.
/chords/e-add9,detail,add9,add9,E,E add9,"Eadd9 Piano Chord: Notes, Voicings & Practice | PianoGrid",Eadd9 Piano Chord,"Find Eadd9 notes (E, G♯, B, F♯), compare two keyboard layouts, hear each one and practise chord tones or an exact voicing.",true,"index,follow",https://pianogrid.com/chords/e-add9,,,,GENERATED_WITHOUT_ORIGINAL_KEYWORD_MAPPING,e add9 piano chord,,NO_DATA,true,true,/chords → Add9 → E add9,2,KEEP_REFERENCE,Later taxonomy/product-completion detail. Keep as chord-library reference until keyword check. Detail Title/H1 not changed in this round.
/chords/f-add9,detail,add9,add9,F,F add9,"Fadd9 Piano Chord: Notes, Voicings & Practice | PianoGrid",Fadd9 Piano Chord,"Find Fadd9 notes (F, A, C, G), compare two keyboard layouts, hear each one and practise chord tones or an exact voicing.",true,"index,follow",https://pianogrid.com/chords/f-add9,,,,GENERATED_WITHOUT_ORIGINAL_KEYWORD_MAPPING,f add9 piano chord,,NO_DATA,true,true,/chords → Add9 → F add9,2,KEEP_REFERENCE,Later taxonomy/product-completion detail. Keep as chord-library reference until keyword check. Detail Title/H1 not changed in this round.
/chords/f-sharp-add9,detail,add9,add9,F♯,F-sharp add9,"F♯add9 Piano Chord: Notes, Voicings & Practice | PianoGrid",F♯add9 Piano Chord,"Find F♯add9 notes (F♯, A♯, C♯, G♯), compare two keyboard layouts, hear each one and practise chord tones or an exact voicing.",true,"index,follow",https://pianogrid.com/chords/f-sharp-add9,,,,GENERATED_WITHOUT_ORIGINAL_KEYWORD_MAPPING,f-sharp add9 piano chord,,NO_DATA,true,true,/chords → Add9 → F-sharp add9,2,KEEP_REFERENCE,Later taxonomy/product-completion detail. Keep as chord-library reference until keyword check. Detail Title/H1 not changed in this round.
/chords/g-add9,detail,add9,add9,G,G add9,"Gadd9 Piano Chord: Notes, Voicings & Practice | PianoGrid",Gadd9 Piano Chord,"Find Gadd9 notes (G, B, D, A), compare two keyboard layouts, hear each one and practise chord tones or an exact voicing.",true,"index,follow",https://pianogrid.com/chords/g-add9,,,,GENERATED_WITHOUT_ORIGINAL_KEYWORD_MAPPING,g add9 piano chord,,NO_DATA,true,true,/chords → Add9 → G add9,2,KEEP_REFERENCE,Later taxonomy/product-completion detail. Keep as chord-library reference until keyword check. Detail Title/H1 not changed in this round.
/chords/a-flat-add9,detail,add9,add9,A♭,A-flat add9,"A♭add9 Piano Chord: Notes, Voicings & Practice | PianoGrid",A♭add9 Piano Chord,"Find A♭add9 notes (A♭, C, E♭, B♭), compare two keyboard layouts, hear each one and practise chord tones or an exact voicing.",true,"index,follow",https://pianogrid.com/chords/a-flat-add9,,,,GENERATED_WITHOUT_ORIGINAL_KEYWORD_MAPPING,a-flat add9 piano chord,,NO_DATA,true,true,/chords → Add9 → A-flat add9,2,KEEP_REFERENCE,Later taxonomy/product-completion detail. Keep as chord-library reference until keyword check. Detail Title/H1 not changed in this round.
/chords/a-add9,detail,add9,add9,A,A add9,"Aadd9 Piano Chord: Notes, Voicings & Practice | PianoGrid",Aadd9 Piano Chord,"Find Aadd9 notes (A, C♯, E, B), compare two keyboard layouts, hear each one and practise chord tones or an exact voicing.",true,"index,follow",https://pianogrid.com/chords/a-add9,,,,GENERATED_WITHOUT_ORIGINAL_KEYWORD_MAPPING,a add9 piano chord,,NO_DATA,true,true,/chords → Add9 → A add9,2,KEEP_REFERENCE,Later taxonomy/product-completion detail. Keep as chord-library reference until keyword check. Detail Title/H1 not changed in this round.
/chords/b-flat-add9,detail,add9,add9,B♭,B-flat add9,"B♭add9 Piano Chord: Notes, Voicings & Practice | PianoGrid",B♭add9 Piano Chord,"Find B♭add9 notes (B♭, D, F, C), compare two keyboard layouts, hear each one and practise chord tones or an exact voicing.",true,"index,follow",https://pianogrid.com/chords/b-flat-add9,,,,GENERATED_WITHOUT_ORIGINAL_KEYWORD_MAPPING,b-flat add9 piano chord,,NO_DATA,true,true,/chords → Add9 → B-flat add9,2,KEEP_REFERENCE,Later taxonomy/product-completion detail. Keep as chord-library reference until keyword check. Detail Title/H1 not changed in this round.
/chords/b-add9,detail,add9,add9,B,B add9,"Badd9 Piano Chord: Notes, Voicings & Practice | PianoGrid",Badd9 Piano Chord,"Find Badd9 notes (B, D♯, F♯, C♯), compare two keyboard layouts, hear each one and practise chord tones or an exact voicing.",true,"index,follow",https://pianogrid.com/chords/b-add9,,,,GENERATED_WITHOUT_ORIGINAL_KEYWORD_MAPPING,b add9 piano chord,,NO_DATA,true,true,/chords → Add9 → B add9,2,KEEP_REFERENCE,Later taxonomy/product-completion detail. Keep as chord-library reference until keyword check. Detail Title/H1 not changed in this round.
/chords/c-madd9,detail,minorAdd9,minorAdd9,C,C minor add9,"Cm(add9) Piano Chord: Notes, Voicings & Practice | PianoGrid",Cm(add9) Piano Chord,"Find Cm(add9) notes (C, E♭, G, D), compare two keyboard layouts, hear each one and practise chord tones or an exact voicing.",true,"index,follow",https://pianogrid.com/chords/c-madd9,,,,GENERATED_WITHOUT_ORIGINAL_KEYWORD_MAPPING,c minor add9 piano chord,,NO_DATA,true,true,/chords → Minor Add9 → C minor add9,2,KEEP_REFERENCE,Later taxonomy/product-completion detail. Keep as chord-library reference until keyword check. Detail Title/H1 not changed in this round.
/chords/d-flat-madd9,detail,minorAdd9,minorAdd9,D♭,D-flat minor add9,"D♭m(add9) Piano Chord: Notes, Voicings & Practice | PianoGrid",D♭m(add9) Piano Chord,"Find D♭m(add9) notes (D♭, F♭, A♭, E♭), compare two keyboard layouts, hear each one and practise chord tones or an exact voicing.",true,"index,follow",https://pianogrid.com/chords/d-flat-madd9,,,,GENERATED_WITHOUT_ORIGINAL_KEYWORD_MAPPING,d-flat minor add9 piano chord,,NO_DATA,true,true,/chords → Minor Add9 → D-flat minor add9,2,KEEP_REFERENCE,Later taxonomy/product-completion detail. Keep as chord-library reference until keyword check. Detail Title/H1 not changed in this round.
/chords/d-madd9,detail,minorAdd9,minorAdd9,D,D minor add9,"Dm(add9) Piano Chord: Notes, Voicings & Practice | PianoGrid",Dm(add9) Piano Chord,"Find Dm(add9) notes (D, F, A, E), compare two keyboard layouts, hear each one and practise chord tones or an exact voicing.",true,"index,follow",https://pianogrid.com/chords/d-madd9,,,,GENERATED_WITHOUT_ORIGINAL_KEYWORD_MAPPING,d minor add9 piano chord,,NO_DATA,true,true,/chords → Minor Add9 → D minor add9,2,KEEP_REFERENCE,Later taxonomy/product-completion detail. Keep as chord-library reference until keyword check. Detail Title/H1 not changed in this round.
/chords/e-flat-madd9,detail,minorAdd9,minorAdd9,E♭,E-flat minor add9,"E♭m(add9) Piano Chord: Notes, Voicings & Practice | PianoGrid",E♭m(add9) Piano Chord,"Find E♭m(add9) notes (E♭, G♭, B♭, F), compare two keyboard layouts, hear each one and practise chord tones or an exact voicing.",true,"index,follow",https://pianogrid.com/chords/e-flat-madd9,,,,GENERATED_WITHOUT_ORIGINAL_KEYWORD_MAPPING,e-flat minor add9 piano chord,,NO_DATA,true,true,/chords → Minor Add9 → E-flat minor add9,2,KEEP_REFERENCE,Later taxonomy/product-completion detail. Keep as chord-library reference until keyword check. Detail Title/H1 not changed in this round.
/chords/e-madd9,detail,minorAdd9,minorAdd9,E,E minor add9,"Em(add9) Piano Chord: Notes, Voicings & Practice | PianoGrid",Em(add9) Piano Chord,"Find Em(add9) notes (E, G, B, F♯), compare two keyboard layouts, hear each one and practise chord tones or an exact voicing.",true,"index,follow",https://pianogrid.com/chords/e-madd9,,,,GENERATED_WITHOUT_ORIGINAL_KEYWORD_MAPPING,e minor add9 piano chord,,NO_DATA,true,true,/chords → Minor Add9 → E minor add9,2,KEEP_REFERENCE,Later taxonomy/product-completion detail. Keep as chord-library reference until keyword check. Detail Title/H1 not changed in this round.
/chords/f-madd9,detail,minorAdd9,minorAdd9,F,F minor add9,"Fm(add9) Piano Chord: Notes, Voicings & Practice | PianoGrid",Fm(add9) Piano Chord,"Find Fm(add9) notes (F, A♭, C, G), compare two keyboard layouts, hear each one and practise chord tones or an exact voicing.",true,"index,follow",https://pianogrid.com/chords/f-madd9,,,,GENERATED_WITHOUT_ORIGINAL_KEYWORD_MAPPING,f minor add9 piano chord,,NO_DATA,true,true,/chords → Minor Add9 → F minor add9,2,KEEP_REFERENCE,Later taxonomy/product-completion detail. Keep as chord-library reference until keyword check. Detail Title/H1 not changed in this round.
/chords/f-sharp-madd9,detail,minorAdd9,minorAdd9,F♯,F-sharp minor add9,"F♯m(add9) Piano Chord: Notes, Voicings & Practice | PianoGrid",F♯m(add9) Piano Chord,"Find F♯m(add9) notes (F♯, A, C♯, G♯), compare two keyboard layouts, hear each one and practise chord tones or an exact voicing.",true,"index,follow",https://pianogrid.com/chords/f-sharp-madd9,,,,GENERATED_WITHOUT_ORIGINAL_KEYWORD_MAPPING,f-sharp minor add9 piano chord,,NO_DATA,true,true,/chords → Minor Add9 → F-sharp minor add9,2,KEEP_REFERENCE,Later taxonomy/product-completion detail. Keep as chord-library reference until keyword check. Detail Title/H1 not changed in this round.
/chords/g-madd9,detail,minorAdd9,minorAdd9,G,G minor add9,"Gm(add9) Piano Chord: Notes, Voicings & Practice | PianoGrid",Gm(add9) Piano Chord,"Find Gm(add9) notes (G, B♭, D, A), compare two keyboard layouts, hear each one and practise chord tones or an exact voicing.",true,"index,follow",https://pianogrid.com/chords/g-madd9,,,,GENERATED_WITHOUT_ORIGINAL_KEYWORD_MAPPING,g minor add9 piano chord,,NO_DATA,true,true,/chords → Minor Add9 → G minor add9,2,KEEP_REFERENCE,Later taxonomy/product-completion detail. Keep as chord-library reference until keyword check. Detail Title/H1 not changed in this round.
/chords/a-flat-madd9,detail,minorAdd9,minorAdd9,A♭,A-flat minor add9,"A♭m(add9) Piano Chord: Notes, Voicings & Practice | PianoGrid",A♭m(add9) Piano Chord,"Find A♭m(add9) notes (A♭, C♭, E♭, B♭), compare two keyboard layouts, hear each one and practise chord tones or an exact voicing.",true,"index,follow",https://pianogrid.com/chords/a-flat-madd9,,,,GENERATED_WITHOUT_ORIGINAL_KEYWORD_MAPPING,a-flat minor add9 piano chord,,NO_DATA,true,true,/chords → Minor Add9 → A-flat minor add9,2,KEEP_REFERENCE,Later taxonomy/product-completion detail. Keep as chord-library reference until keyword check. Detail Title/H1 not changed in this round.
/chords/a-madd9,detail,minorAdd9,minorAdd9,A,A minor add9,"Am(add9) Piano Chord: Notes, Voicings & Practice | PianoGrid",Am(add9) Piano Chord,"Find Am(add9) notes (A, C, E, B), compare two keyboard layouts, hear each one and practise chord tones or an exact voicing.",true,"index,follow",https://pianogrid.com/chords/a-madd9,,,,GENERATED_WITHOUT_ORIGINAL_KEYWORD_MAPPING,a minor add9 piano chord,,NO_DATA,true,true,/chords → Minor Add9 → A minor add9,2,KEEP_REFERENCE,Later taxonomy/product-completion detail. Keep as chord-library reference until keyword check. Detail Title/H1 not changed in this round.
/chords/b-flat-madd9,detail,minorAdd9,minorAdd9,B♭,B-flat minor add9,"B♭m(add9) Piano Chord: Notes, Voicings & Practice | PianoGrid",B♭m(add9) Piano Chord,"Find B♭m(add9) notes (B♭, D♭, F, C), compare two keyboard layouts, hear each one and practise chord tones or an exact voicing.",true,"index,follow",https://pianogrid.com/chords/b-flat-madd9,,,,GENERATED_WITHOUT_ORIGINAL_KEYWORD_MAPPING,b-flat minor add9 piano chord,,NO_DATA,true,true,/chords → Minor Add9 → B-flat minor add9,2,KEEP_REFERENCE,Later taxonomy/product-completion detail. Keep as chord-library reference until keyword check. Detail Title/H1 not changed in this round.
/chords/b-madd9,detail,minorAdd9,minorAdd9,B,B minor add9,"Bm(add9) Piano Chord: Notes, Voicings & Practice | PianoGrid",Bm(add9) Piano Chord,"Find Bm(add9) notes (B, D, F♯, C♯), compare two keyboard layouts, hear each one and practise chord tones or an exact voicing.",true,"index,follow",https://pianogrid.com/chords/b-madd9,,,,GENERATED_WITHOUT_ORIGINAL_KEYWORD_MAPPING,b minor add9 piano chord,,NO_DATA,true,true,/chords → Minor Add9 → B minor add9,2,KEEP_REFERENCE,Later taxonomy/product-completion detail. Keep as chord-library reference until keyword check. Detail Title/H1 not changed in this round.
/chords/a-7,detail,dominant7,dominant7,A,A Dominant Seventh,A Dominant Seventh Piano Chord (A7): Notes & Inversions,A Dominant Seventh Piano Chord,"Find the a dominant seventh chord on piano: A, C♯, E, G. See four positions, keyboard notes, sound and a printable reference.",true,"index,follow",https://pianogrid.com/chords/a-7,,,,GENERATED_WITHOUT_ORIGINAL_KEYWORD_MAPPING,a dominant seventh chord piano,,NO_DATA,true,true,/chords → Dominant 7 → A Dominant Seventh,2,KEEP_REFERENCE,Later taxonomy/product-completion detail. Keep as chord-library reference until keyword check. Detail Title/H1 not changed in this round.
/chords/a-flat-7,detail,dominant7,dominant7,A♭,A♭ Dominant Seventh,A♭ Dominant Seventh Piano Chord (A♭7): Notes & Inversions,A♭ Dominant Seventh Piano Chord,"Find the a♭ dominant seventh chord on piano: A♭, C, E♭, G♭. See four positions, keyboard notes, sound and a printable reference.",true,"index,follow",https://pianogrid.com/chords/a-flat-7,,,,GENERATED_WITHOUT_ORIGINAL_KEYWORD_MAPPING,a♭ dominant seventh chord piano,,NO_DATA,true,true,/chords → Dominant 7 → A♭ Dominant Seventh,2,KEEP_REFERENCE,Later taxonomy/product-completion detail. Keep as chord-library reference until keyword check. Detail Title/H1 not changed in this round.
/chords/a-flat-m7,detail,minor7,minor7,A♭,A♭ Minor Seventh,A♭ Minor Seventh Piano Chord (A♭m7): Notes & Inversions,A♭ Minor Seventh Piano Chord,"Find the a♭ minor seventh chord on piano: A♭, C♭, E♭, G♭. See four positions, keyboard notes, sound and a printable reference.",true,"index,follow",https://pianogrid.com/chords/a-flat-m7,,,,GENERATED_WITHOUT_ORIGINAL_KEYWORD_MAPPING,a♭ minor seventh chord piano,,NO_DATA,true,true,/chords → Minor 7 → A♭ Minor Seventh,2,KEEP_REFERENCE,Later taxonomy/product-completion detail. Keep as chord-library reference until keyword check. Detail Title/H1 not changed in this round.
/chords/a-flat-m7-flat5,detail,halfDiminished7,halfDiminished7,A♭,A♭ Half-Diminished Seventh,A♭ Half-Diminished Seventh Piano Chord (A♭m7♭5): Notes & Inversions,A♭ Half-Diminished Seventh Piano Chord,"Find the a♭ half-diminished seventh chord on piano: A♭, C♭, E𝄫, G♭. See four positions, keyboard notes, sound and a printable reference.",true,"index,follow",https://pianogrid.com/chords/a-flat-m7-flat5,,,,GENERATED_WITHOUT_ORIGINAL_KEYWORD_MAPPING,a♭ half-diminished seventh chord piano,,NO_DATA,true,true,/chords → Half-diminished 7 → A♭ Half-Diminished Seventh,2,KEEP_REFERENCE,Later taxonomy/product-completion detail. Keep as chord-library reference until keyword check. Detail Title/H1 not changed in this round.
/chords/a-flat-maj7,detail,major7,major7,A♭,A♭ Major Seventh,A♭ Major Seventh Piano Chord (A♭maj7): Notes & Inversions,A♭ Major Seventh Piano Chord,"Find the a♭ major seventh chord on piano: A♭, C, E♭, G. See four positions, keyboard notes, sound and a printable reference.",true,"index,follow",https://pianogrid.com/chords/a-flat-maj7,,,,GENERATED_WITHOUT_ORIGINAL_KEYWORD_MAPPING,a♭ major seventh chord piano,,NO_DATA,true,true,/chords → Major 7 → A♭ Major Seventh,2,KEEP_REFERENCE,Later taxonomy/product-completion detail. Keep as chord-library reference until keyword check. Detail Title/H1 not changed in this round.
/chords/a-m7,detail,minor7,minor7,A,A Minor Seventh,A Minor Seventh Piano Chord (Am7): Notes & Inversions,A Minor Seventh Piano Chord,"Find the a minor seventh chord on piano: A, C, E, G. See four positions, keyboard notes, sound and a printable reference.",true,"index,follow",https://pianogrid.com/chords/a-m7,,,,GENERATED_WITHOUT_ORIGINAL_KEYWORD_MAPPING,a minor seventh chord piano,,NO_DATA,true,true,/chords → Minor 7 → A Minor Seventh,2,KEEP_REFERENCE,Later taxonomy/product-completion detail. Keep as chord-library reference until keyword check. Detail Title/H1 not changed in this round.
/chords/a-m7-flat5,detail,halfDiminished7,halfDiminished7,A,A Half-Diminished Seventh,A Half-Diminished Seventh Piano Chord (Am7♭5): Notes & Inversions,A Half-Diminished Seventh Piano Chord,"Find the a half-diminished seventh chord on piano: A, C, E♭, G. See four positions, keyboard notes, sound and a printable reference.",true,"index,follow",https://pianogrid.com/chords/a-m7-flat5,,,,GENERATED_WITHOUT_ORIGINAL_KEYWORD_MAPPING,a half-diminished seventh chord piano,,NO_DATA,true,true,/chords → Half-diminished 7 → A Half-Diminished Seventh,2,KEEP_REFERENCE,Later taxonomy/product-completion detail. Keep as chord-library reference until keyword check. Detail Title/H1 not changed in this round.
/chords/a-maj7,detail,major7,major7,A,A Major Seventh,A Major Seventh Piano Chord (Amaj7): Notes & Inversions,A Major Seventh Piano Chord,"Find the a major seventh chord on piano: A, C♯, E, G♯. See four positions, keyboard notes, sound and a printable reference.",true,"index,follow",https://pianogrid.com/chords/a-maj7,,,,GENERATED_WITHOUT_ORIGINAL_KEYWORD_MAPPING,a major seventh chord piano,,NO_DATA,true,true,/chords → Major 7 → A Major Seventh,2,KEEP_REFERENCE,Later taxonomy/product-completion detail. Keep as chord-library reference until keyword check. Detail Title/H1 not changed in this round.
/chords/b-7,detail,dominant7,dominant7,B,B Dominant Seventh,B Dominant Seventh Piano Chord (B7): Notes & Inversions,B Dominant Seventh Piano Chord,"Find the b dominant seventh chord on piano: B, D♯, F♯, A. See four positions, keyboard notes, sound and a printable reference.",true,"index,follow",https://pianogrid.com/chords/b-7,,,,GENERATED_WITHOUT_ORIGINAL_KEYWORD_MAPPING,b dominant seventh chord piano,,NO_DATA,true,true,/chords → Dominant 7 → B Dominant Seventh,2,KEEP_REFERENCE,Later taxonomy/product-completion detail. Keep as chord-library reference until keyword check. Detail Title/H1 not changed in this round.
/chords/b-flat-7,detail,dominant7,dominant7,B♭,B♭ Dominant Seventh,B♭ Dominant Seventh Piano Chord (B♭7): Notes & Inversions,B♭ Dominant Seventh Piano Chord,"Find the b♭ dominant seventh chord on piano: B♭, D, F, A♭. See four positions, keyboard notes, sound and a printable reference.",true,"index,follow",https://pianogrid.com/chords/b-flat-7,,,,GENERATED_WITHOUT_ORIGINAL_KEYWORD_MAPPING,b♭ dominant seventh chord piano,,NO_DATA,true,true,/chords → Dominant 7 → B♭ Dominant Seventh,2,KEEP_REFERENCE,Later taxonomy/product-completion detail. Keep as chord-library reference until keyword check. Detail Title/H1 not changed in this round.
/chords/b-flat-m7,detail,minor7,minor7,B♭,B♭ Minor Seventh,B♭ Minor Seventh Piano Chord (B♭m7): Notes & Inversions,B♭ Minor Seventh Piano Chord,"Find the b♭ minor seventh chord on piano: B♭, D♭, F, A♭. See four positions, keyboard notes, sound and a printable reference.",true,"index,follow",https://pianogrid.com/chords/b-flat-m7,,,,GENERATED_WITHOUT_ORIGINAL_KEYWORD_MAPPING,b♭ minor seventh chord piano,,NO_DATA,true,true,/chords → Minor 7 → B♭ Minor Seventh,2,KEEP_REFERENCE,Later taxonomy/product-completion detail. Keep as chord-library reference until keyword check. Detail Title/H1 not changed in this round.
/chords/b-flat-m7-flat5,detail,halfDiminished7,halfDiminished7,B♭,B♭ Half-Diminished Seventh,B♭ Half-Diminished Seventh Piano Chord (B♭m7♭5): Notes & Inversions,B♭ Half-Diminished Seventh Piano Chord,"Find the b♭ half-diminished seventh chord on piano: B♭, D♭, F♭, A♭. See four positions, keyboard notes, sound and a printable reference.",true,"index,follow",https://pianogrid.com/chords/b-flat-m7-flat5,,,,GENERATED_WITHOUT_ORIGINAL_KEYWORD_MAPPING,b♭ half-diminished seventh chord piano,,NO_DATA,true,true,/chords → Half-diminished 7 → B♭ Half-Diminished Seventh,2,KEEP_REFERENCE,Later taxonomy/product-completion detail. Keep as chord-library reference until keyword check. Detail Title/H1 not changed in this round.
/chords/b-flat-maj7,detail,major7,major7,B♭,B♭ Major Seventh,B♭ Major Seventh Piano Chord (B♭maj7): Notes & Inversions,B♭ Major Seventh Piano Chord,"Find the b♭ major seventh chord on piano: B♭, D, F, A. See four positions, keyboard notes, sound and a printable reference.",true,"index,follow",https://pianogrid.com/chords/b-flat-maj7,,,,GENERATED_WITHOUT_ORIGINAL_KEYWORD_MAPPING,b♭ major seventh chord piano,,NO_DATA,true,true,/chords → Major 7 → B♭ Major Seventh,2,KEEP_REFERENCE,Later taxonomy/product-completion detail. Keep as chord-library reference until keyword check. Detail Title/H1 not changed in this round.
/chords/b-m7,detail,minor7,minor7,B,B Minor Seventh,B Minor Seventh Piano Chord (Bm7): Notes & Inversions,B Minor Seventh Piano Chord,"Find the b minor seventh chord on piano: B, D, F♯, A. See four positions, keyboard notes, sound and a printable reference.",true,"index,follow",https://pianogrid.com/chords/b-m7,,,,GENERATED_WITHOUT_ORIGINAL_KEYWORD_MAPPING,b minor seventh chord piano,,NO_DATA,true,true,/chords → Minor 7 → B Minor Seventh,2,KEEP_REFERENCE,Later taxonomy/product-completion detail. Keep as chord-library reference until keyword check. Detail Title/H1 not changed in this round.
/chords/b-m7-flat5,detail,halfDiminished7,halfDiminished7,B,B Half-Diminished Seventh,B Half-Diminished Seventh Piano Chord (Bm7♭5): Notes & Inversions,B Half-Diminished Seventh Piano Chord,"Find the b half-diminished seventh chord on piano: B, D, F, A. See four positions, keyboard notes, sound and a printable reference.",true,"index,follow",https://pianogrid.com/chords/b-m7-flat5,,,,GENERATED_WITHOUT_ORIGINAL_KEYWORD_MAPPING,b half-diminished seventh chord piano,,NO_DATA,true,true,/chords → Half-diminished 7 → B Half-Diminished Seventh,2,KEEP_REFERENCE,Later taxonomy/product-completion detail. Keep as chord-library reference until keyword check. Detail Title/H1 not changed in this round.
/chords/b-maj7,detail,major7,major7,B,B Major Seventh,B Major Seventh Piano Chord (Bmaj7): Notes & Inversions,B Major Seventh Piano Chord,"Find the b major seventh chord on piano: B, D♯, F♯, A♯. See four positions, keyboard notes, sound and a printable reference.",true,"index,follow",https://pianogrid.com/chords/b-maj7,,,,GENERATED_WITHOUT_ORIGINAL_KEYWORD_MAPPING,b major seventh chord piano,,NO_DATA,true,true,/chords → Major 7 → B Major Seventh,2,KEEP_REFERENCE,Later taxonomy/product-completion detail. Keep as chord-library reference until keyword check. Detail Title/H1 not changed in this round.
/chords/c-7,detail,dominant7,dominant7,C,C Dominant Seventh,C Dominant Seventh Piano Chord (C7): Notes & Inversions,C Dominant Seventh Piano Chord,"Find the c dominant seventh chord on piano: C, E, G, B♭. See four positions, keyboard notes, sound and a printable reference.",true,"index,follow",https://pianogrid.com/chords/c-7,,,,GENERATED_WITHOUT_ORIGINAL_KEYWORD_MAPPING,c dominant seventh chord piano,,NO_DATA,true,true,/chords → Dominant 7 → C Dominant Seventh,2,KEEP_REFERENCE,Later taxonomy/product-completion detail. Keep as chord-library reference until keyword check. Detail Title/H1 not changed in this round.
/chords/c-m7,detail,minor7,minor7,C,C Minor Seventh,C Minor Seventh Piano Chord (Cm7): Notes & Inversions,C Minor Seventh Piano Chord,"Find the c minor seventh chord on piano: C, E♭, G, B♭. See four positions, keyboard notes, sound and a printable reference.",true,"index,follow",https://pianogrid.com/chords/c-m7,,,,GENERATED_WITHOUT_ORIGINAL_KEYWORD_MAPPING,c minor seventh chord piano,,NO_DATA,true,true,/chords → Minor 7 → C Minor Seventh,2,KEEP_REFERENCE,Later taxonomy/product-completion detail. Keep as chord-library reference until keyword check. Detail Title/H1 not changed in this round.
/chords/c-m7-flat5,detail,halfDiminished7,halfDiminished7,C,C Half-Diminished Seventh,C Half-Diminished Seventh Piano Chord (Cm7♭5): Notes & Inversions,C Half-Diminished Seventh Piano Chord,"Find the c half-diminished seventh chord on piano: C, E♭, G♭, B♭. See four positions, keyboard notes, sound and a printable reference.",true,"index,follow",https://pianogrid.com/chords/c-m7-flat5,,,,GENERATED_WITHOUT_ORIGINAL_KEYWORD_MAPPING,c half-diminished seventh chord piano,,NO_DATA,true,true,/chords → Half-diminished 7 → C Half-Diminished Seventh,2,KEEP_REFERENCE,Later taxonomy/product-completion detail. Keep as chord-library reference until keyword check. Detail Title/H1 not changed in this round.
/chords/c-maj7,detail,major7,major7,C,C Major Seventh,C Major Seventh Piano Chord (Cmaj7): Notes & Inversions,C Major Seventh Piano Chord,"Find the c major seventh chord on piano: C, E, G, B. See four positions, keyboard notes, sound and a printable reference.",true,"index,follow",https://pianogrid.com/chords/c-maj7,,,,GENERATED_WITHOUT_ORIGINAL_KEYWORD_MAPPING,c major seventh chord piano,,NO_DATA,true,true,/chords → Major 7 → C Major Seventh,2,KEEP_REFERENCE,Later taxonomy/product-completion detail. Keep as chord-library reference until keyword check. Detail Title/H1 not changed in this round.
/chords/d-7,detail,dominant7,dominant7,D,D Dominant Seventh,D Dominant Seventh Piano Chord (D7): Notes & Inversions,D Dominant Seventh Piano Chord,"Find the d dominant seventh chord on piano: D, F♯, A, C. See four positions, keyboard notes, sound and a printable reference.",true,"index,follow",https://pianogrid.com/chords/d-7,,,,GENERATED_WITHOUT_ORIGINAL_KEYWORD_MAPPING,d dominant seventh chord piano,,NO_DATA,true,true,/chords → Dominant 7 → D Dominant Seventh,2,KEEP_REFERENCE,Later taxonomy/product-completion detail. Keep as chord-library reference until keyword check. Detail Title/H1 not changed in this round.
/chords/d-flat-7,detail,dominant7,dominant7,D♭,D♭ Dominant Seventh,D♭ Dominant Seventh Piano Chord (D♭7): Notes & Inversions,D♭ Dominant Seventh Piano Chord,"Find the d♭ dominant seventh chord on piano: D♭, F, A♭, C♭. See four positions, keyboard notes, sound and a printable reference.",true,"index,follow",https://pianogrid.com/chords/d-flat-7,,,,GENERATED_WITHOUT_ORIGINAL_KEYWORD_MAPPING,d♭ dominant seventh chord piano,,NO_DATA,true,true,/chords → Dominant 7 → D♭ Dominant Seventh,2,KEEP_REFERENCE,Later taxonomy/product-completion detail. Keep as chord-library reference until keyword check. Detail Title/H1 not changed in this round.
/chords/d-flat-m7,detail,minor7,minor7,D♭,D♭ Minor Seventh,D♭ Minor Seventh Piano Chord (D♭m7): Notes & Inversions,D♭ Minor Seventh Piano Chord,"Find the d♭ minor seventh chord on piano: D♭, F♭, A♭, C♭. See four positions, keyboard notes, sound and a printable reference.",true,"index,follow",https://pianogrid.com/chords/d-flat-m7,,,,GENERATED_WITHOUT_ORIGINAL_KEYWORD_MAPPING,d♭ minor seventh chord piano,,NO_DATA,true,true,/chords → Minor 7 → D♭ Minor Seventh,2,KEEP_REFERENCE,Later taxonomy/product-completion detail. Keep as chord-library reference until keyword check. Detail Title/H1 not changed in this round.
/chords/d-flat-m7-flat5,detail,halfDiminished7,halfDiminished7,D♭,D♭ Half-Diminished Seventh,D♭ Half-Diminished Seventh Piano Chord (D♭m7♭5): Notes & Inversions,D♭ Half-Diminished Seventh Piano Chord,"Find the d♭ half-diminished seventh chord on piano: D♭, F♭, A𝄫, C♭. See four positions, keyboard notes, sound and a printable reference.",true,"index,follow",https://pianogrid.com/chords/d-flat-m7-flat5,,,,GENERATED_WITHOUT_ORIGINAL_KEYWORD_MAPPING,d♭ half-diminished seventh chord piano,,NO_DATA,true,true,/chords → Half-diminished 7 → D♭ Half-Diminished Seventh,2,KEEP_REFERENCE,Later taxonomy/product-completion detail. Keep as chord-library reference until keyword check. Detail Title/H1 not changed in this round.
/chords/d-flat-maj7,detail,major7,major7,D♭,D♭ Major Seventh,D♭ Major Seventh Piano Chord (D♭maj7): Notes & Inversions,D♭ Major Seventh Piano Chord,"Find the d♭ major seventh chord on piano: D♭, F, A♭, C. See four positions, keyboard notes, sound and a printable reference.",true,"index,follow",https://pianogrid.com/chords/d-flat-maj7,,,,GENERATED_WITHOUT_ORIGINAL_KEYWORD_MAPPING,d♭ major seventh chord piano,,NO_DATA,true,true,/chords → Major 7 → D♭ Major Seventh,2,KEEP_REFERENCE,Later taxonomy/product-completion detail. Keep as chord-library reference until keyword check. Detail Title/H1 not changed in this round.
/chords/d-m7,detail,minor7,minor7,D,D Minor Seventh,D Minor Seventh Piano Chord (Dm7): Notes & Inversions,D Minor Seventh Piano Chord,"Find the d minor seventh chord on piano: D, F, A, C. See four positions, keyboard notes, sound and a printable reference.",true,"index,follow",https://pianogrid.com/chords/d-m7,,,,GENERATED_WITHOUT_ORIGINAL_KEYWORD_MAPPING,d minor seventh chord piano,,NO_DATA,true,true,/chords → Minor 7 → D Minor Seventh,2,KEEP_REFERENCE,Later taxonomy/product-completion detail. Keep as chord-library reference until keyword check. Detail Title/H1 not changed in this round.
/chords/d-m7-flat5,detail,halfDiminished7,halfDiminished7,D,D Half-Diminished Seventh,D Half-Diminished Seventh Piano Chord (Dm7♭5): Notes & Inversions,D Half-Diminished Seventh Piano Chord,"Find the d half-diminished seventh chord on piano: D, F, A♭, C. See four positions, keyboard notes, sound and a printable reference.",true,"index,follow",https://pianogrid.com/chords/d-m7-flat5,,,,GENERATED_WITHOUT_ORIGINAL_KEYWORD_MAPPING,d half-diminished seventh chord piano,,NO_DATA,true,true,/chords → Half-diminished 7 → D Half-Diminished Seventh,2,KEEP_REFERENCE,Later taxonomy/product-completion detail. Keep as chord-library reference until keyword check. Detail Title/H1 not changed in this round.
/chords/d-maj7,detail,major7,major7,D,D Major Seventh,D Major Seventh Piano Chord (Dmaj7): Notes & Inversions,D Major Seventh Piano Chord,"Find the d major seventh chord on piano: D, F♯, A, C♯. See four positions, keyboard notes, sound and a printable reference.",true,"index,follow",https://pianogrid.com/chords/d-maj7,,,,GENERATED_WITHOUT_ORIGINAL_KEYWORD_MAPPING,d major seventh chord piano,,NO_DATA,true,true,/chords → Major 7 → D Major Seventh,2,KEEP_REFERENCE,Later taxonomy/product-completion detail. Keep as chord-library reference until keyword check. Detail Title/H1 not changed in this round.
/chords/e-7,detail,dominant7,dominant7,E,E Dominant Seventh,E Dominant Seventh Piano Chord (E7): Notes & Inversions,E Dominant Seventh Piano Chord,"Find the e dominant seventh chord on piano: E, G♯, B, D. See four positions, keyboard notes, sound and a printable reference.",true,"index,follow",https://pianogrid.com/chords/e-7,,,,GENERATED_WITHOUT_ORIGINAL_KEYWORD_MAPPING,e dominant seventh chord piano,,NO_DATA,true,true,/chords → Dominant 7 → E Dominant Seventh,2,KEEP_REFERENCE,Later taxonomy/product-completion detail. Keep as chord-library reference until keyword check. Detail Title/H1 not changed in this round.
/chords/e-flat-7,detail,dominant7,dominant7,E♭,E♭ Dominant Seventh,E♭ Dominant Seventh Piano Chord (E♭7): Notes & Inversions,E♭ Dominant Seventh Piano Chord,"Find the e♭ dominant seventh chord on piano: E♭, G, B♭, D♭. See four positions, keyboard notes, sound and a printable reference.",true,"index,follow",https://pianogrid.com/chords/e-flat-7,,,,GENERATED_WITHOUT_ORIGINAL_KEYWORD_MAPPING,e♭ dominant seventh chord piano,,NO_DATA,true,true,/chords → Dominant 7 → E♭ Dominant Seventh,2,KEEP_REFERENCE,Later taxonomy/product-completion detail. Keep as chord-library reference until keyword check. Detail Title/H1 not changed in this round.
/chords/e-flat-m7,detail,minor7,minor7,E♭,E♭ Minor Seventh,E♭ Minor Seventh Piano Chord (E♭m7): Notes & Inversions,E♭ Minor Seventh Piano Chord,"Find the e♭ minor seventh chord on piano: E♭, G♭, B♭, D♭. See four positions, keyboard notes, sound and a printable reference.",true,"index,follow",https://pianogrid.com/chords/e-flat-m7,,,,GENERATED_WITHOUT_ORIGINAL_KEYWORD_MAPPING,e♭ minor seventh chord piano,,NO_DATA,true,true,/chords → Minor 7 → E♭ Minor Seventh,2,KEEP_REFERENCE,Later taxonomy/product-completion detail. Keep as chord-library reference until keyword check. Detail Title/H1 not changed in this round.
/chords/e-flat-m7-flat5,detail,halfDiminished7,halfDiminished7,E♭,E♭ Half-Diminished Seventh,E♭ Half-Diminished Seventh Piano Chord (E♭m7♭5): Notes & Inversions,E♭ Half-Diminished Seventh Piano Chord,"Find the e♭ half-diminished seventh chord on piano: E♭, G♭, B𝄫, D♭. See four positions, keyboard notes, sound and a printable reference.",true,"index,follow",https://pianogrid.com/chords/e-flat-m7-flat5,,,,GENERATED_WITHOUT_ORIGINAL_KEYWORD_MAPPING,e♭ half-diminished seventh chord piano,,NO_DATA,true,true,/chords → Half-diminished 7 → E♭ Half-Diminished Seventh,2,KEEP_REFERENCE,Later taxonomy/product-completion detail. Keep as chord-library reference until keyword check. Detail Title/H1 not changed in this round.
/chords/e-flat-maj7,detail,major7,major7,E♭,E♭ Major Seventh,E♭ Major Seventh Piano Chord (E♭maj7): Notes & Inversions,E♭ Major Seventh Piano Chord,"Find the e♭ major seventh chord on piano: E♭, G, B♭, D. See four positions, keyboard notes, sound and a printable reference.",true,"index,follow",https://pianogrid.com/chords/e-flat-maj7,,,,GENERATED_WITHOUT_ORIGINAL_KEYWORD_MAPPING,e♭ major seventh chord piano,,NO_DATA,true,true,/chords → Major 7 → E♭ Major Seventh,2,KEEP_REFERENCE,Later taxonomy/product-completion detail. Keep as chord-library reference until keyword check. Detail Title/H1 not changed in this round.
/chords/e-m7,detail,minor7,minor7,E,E Minor Seventh,E Minor Seventh Piano Chord (Em7): Notes & Inversions,E Minor Seventh Piano Chord,"Find the e minor seventh chord on piano: E, G, B, D. See four positions, keyboard notes, sound and a printable reference.",true,"index,follow",https://pianogrid.com/chords/e-m7,,,,GENERATED_WITHOUT_ORIGINAL_KEYWORD_MAPPING,e minor seventh chord piano,,NO_DATA,true,true,/chords → Minor 7 → E Minor Seventh,2,KEEP_REFERENCE,Later taxonomy/product-completion detail. Keep as chord-library reference until keyword check. Detail Title/H1 not changed in this round.
/chords/e-m7-flat5,detail,halfDiminished7,halfDiminished7,E,E Half-Diminished Seventh,E Half-Diminished Seventh Piano Chord (Em7♭5): Notes & Inversions,E Half-Diminished Seventh Piano Chord,"Find the e half-diminished seventh chord on piano: E, G, B♭, D. See four positions, keyboard notes, sound and a printable reference.",true,"index,follow",https://pianogrid.com/chords/e-m7-flat5,,,,GENERATED_WITHOUT_ORIGINAL_KEYWORD_MAPPING,e half-diminished seventh chord piano,,NO_DATA,true,true,/chords → Half-diminished 7 → E Half-Diminished Seventh,2,KEEP_REFERENCE,Later taxonomy/product-completion detail. Keep as chord-library reference until keyword check. Detail Title/H1 not changed in this round.
/chords/e-maj7,detail,major7,major7,E,E Major Seventh,E Major Seventh Piano Chord (Emaj7): Notes & Inversions,E Major Seventh Piano Chord,"Find the e major seventh chord on piano: E, G♯, B, D♯. See four positions, keyboard notes, sound and a printable reference.",true,"index,follow",https://pianogrid.com/chords/e-maj7,,,,GENERATED_WITHOUT_ORIGINAL_KEYWORD_MAPPING,e major seventh chord piano,,NO_DATA,true,true,/chords → Major 7 → E Major Seventh,2,KEEP_REFERENCE,Later taxonomy/product-completion detail. Keep as chord-library reference until keyword check. Detail Title/H1 not changed in this round.
/chords/f-7,detail,dominant7,dominant7,F,F Dominant Seventh,F Dominant Seventh Piano Chord (F7): Notes & Inversions,F Dominant Seventh Piano Chord,"Find the f dominant seventh chord on piano: F, A, C, E♭. See four positions, keyboard notes, sound and a printable reference.",true,"index,follow",https://pianogrid.com/chords/f-7,,,,GENERATED_WITHOUT_ORIGINAL_KEYWORD_MAPPING,f dominant seventh chord piano,,NO_DATA,true,true,/chords → Dominant 7 → F Dominant Seventh,2,KEEP_REFERENCE,Later taxonomy/product-completion detail. Keep as chord-library reference until keyword check. Detail Title/H1 not changed in this round.
/chords/f-m7,detail,minor7,minor7,F,F Minor Seventh,F Minor Seventh Piano Chord (Fm7): Notes & Inversions,F Minor Seventh Piano Chord,"Find the f minor seventh chord on piano: F, A♭, C, E♭. See four positions, keyboard notes, sound and a printable reference.",true,"index,follow",https://pianogrid.com/chords/f-m7,,,,GENERATED_WITHOUT_ORIGINAL_KEYWORD_MAPPING,f minor seventh chord piano,,NO_DATA,true,true,/chords → Minor 7 → F Minor Seventh,2,KEEP_REFERENCE,Later taxonomy/product-completion detail. Keep as chord-library reference until keyword check. Detail Title/H1 not changed in this round.
/chords/f-m7-flat5,detail,halfDiminished7,halfDiminished7,F,F Half-Diminished Seventh,F Half-Diminished Seventh Piano Chord (Fm7♭5): Notes & Inversions,F Half-Diminished Seventh Piano Chord,"Find the f half-diminished seventh chord on piano: F, A♭, C♭, E♭. See four positions, keyboard notes, sound and a printable reference.",true,"index,follow",https://pianogrid.com/chords/f-m7-flat5,,,,GENERATED_WITHOUT_ORIGINAL_KEYWORD_MAPPING,f half-diminished seventh chord piano,,NO_DATA,true,true,/chords → Half-diminished 7 → F Half-Diminished Seventh,2,KEEP_REFERENCE,Later taxonomy/product-completion detail. Keep as chord-library reference until keyword check. Detail Title/H1 not changed in this round.
/chords/f-maj7,detail,major7,major7,F,F Major Seventh,F Major Seventh Piano Chord (Fmaj7): Notes & Inversions,F Major Seventh Piano Chord,"Find the f major seventh chord on piano: F, A, C, E. See four positions, keyboard notes, sound and a printable reference.",true,"index,follow",https://pianogrid.com/chords/f-maj7,,,,GENERATED_WITHOUT_ORIGINAL_KEYWORD_MAPPING,f major seventh chord piano,,NO_DATA,true,true,/chords → Major 7 → F Major Seventh,2,KEEP_REFERENCE,Later taxonomy/product-completion detail. Keep as chord-library reference until keyword check. Detail Title/H1 not changed in this round.
/chords/f-sharp-7,detail,dominant7,dominant7,F♯,F♯ Dominant Seventh,F♯ Dominant Seventh Piano Chord (F♯7): Notes & Inversions,F♯ Dominant Seventh Piano Chord,"Find the f♯ dominant seventh chord on piano: F♯, A♯, C♯, E. See four positions, keyboard notes, sound and a printable reference.",true,"index,follow",https://pianogrid.com/chords/f-sharp-7,,,,GENERATED_WITHOUT_ORIGINAL_KEYWORD_MAPPING,f♯ dominant seventh chord piano,,NO_DATA,true,true,/chords → Dominant 7 → F♯ Dominant Seventh,2,KEEP_REFERENCE,Later taxonomy/product-completion detail. Keep as chord-library reference until keyword check. Detail Title/H1 not changed in this round.
/chords/f-sharp-m7,detail,minor7,minor7,F♯,F♯ Minor Seventh,F♯ Minor Seventh Piano Chord (F♯m7): Notes & Inversions,F♯ Minor Seventh Piano Chord,"Find the f♯ minor seventh chord on piano: F♯, A, C♯, E. See four positions, keyboard notes, sound and a printable reference.",true,"index,follow",https://pianogrid.com/chords/f-sharp-m7,,,,GENERATED_WITHOUT_ORIGINAL_KEYWORD_MAPPING,f♯ minor seventh chord piano,,NO_DATA,true,true,/chords → Minor 7 → F♯ Minor Seventh,2,KEEP_REFERENCE,Later taxonomy/product-completion detail. Keep as chord-library reference until keyword check. Detail Title/H1 not changed in this round.
/chords/f-sharp-m7-flat5,detail,halfDiminished7,halfDiminished7,F♯,F♯ Half-Diminished Seventh,F♯ Half-Diminished Seventh Piano Chord (F♯m7♭5): Notes & Inversions,F♯ Half-Diminished Seventh Piano Chord,"Find the f♯ half-diminished seventh chord on piano: F♯, A, C, E. See four positions, keyboard notes, sound and a printable reference.",true,"index,follow",https://pianogrid.com/chords/f-sharp-m7-flat5,,,,GENERATED_WITHOUT_ORIGINAL_KEYWORD_MAPPING,f♯ half-diminished seventh chord piano,,NO_DATA,true,true,/chords → Half-diminished 7 → F♯ Half-Diminished Seventh,2,KEEP_REFERENCE,Later taxonomy/product-completion detail. Keep as chord-library reference until keyword check. Detail Title/H1 not changed in this round.
/chords/f-sharp-maj7,detail,major7,major7,F♯,F♯ Major Seventh,F♯ Major Seventh Piano Chord (F♯maj7): Notes & Inversions,F♯ Major Seventh Piano Chord,"Find the f♯ major seventh chord on piano: F♯, A♯, C♯, E♯. See four positions, keyboard notes, sound and a printable reference.",true,"index,follow",https://pianogrid.com/chords/f-sharp-maj7,,,,GENERATED_WITHOUT_ORIGINAL_KEYWORD_MAPPING,f♯ major seventh chord piano,,NO_DATA,true,true,/chords → Major 7 → F♯ Major Seventh,2,KEEP_REFERENCE,Later taxonomy/product-completion detail. Keep as chord-library reference until keyword check. Detail Title/H1 not changed in this round.
/chords/g-7,detail,dominant7,dominant7,G,G Dominant Seventh,G Dominant Seventh Piano Chord (G7): Notes & Inversions,G Dominant Seventh Piano Chord,"Find the g dominant seventh chord on piano: G, B, D, F. See four positions, keyboard notes, sound and a printable reference.",true,"index,follow",https://pianogrid.com/chords/g-7,,,,GENERATED_WITHOUT_ORIGINAL_KEYWORD_MAPPING,g dominant seventh chord piano,,NO_DATA,true,true,/chords → Dominant 7 → G Dominant Seventh,2,KEEP_REFERENCE,Later taxonomy/product-completion detail. Keep as chord-library reference until keyword check. Detail Title/H1 not changed in this round.
/chords/g-m7,detail,minor7,minor7,G,G Minor Seventh,G Minor Seventh Piano Chord (Gm7): Notes & Inversions,G Minor Seventh Piano Chord,"Find the g minor seventh chord on piano: G, B♭, D, F. See four positions, keyboard notes, sound and a printable reference.",true,"index,follow",https://pianogrid.com/chords/g-m7,,,,GENERATED_WITHOUT_ORIGINAL_KEYWORD_MAPPING,g minor seventh chord piano,,NO_DATA,true,true,/chords → Minor 7 → G Minor Seventh,2,KEEP_REFERENCE,Later taxonomy/product-completion detail. Keep as chord-library reference until keyword check. Detail Title/H1 not changed in this round.
/chords/g-m7-flat5,detail,halfDiminished7,halfDiminished7,G,G Half-Diminished Seventh,G Half-Diminished Seventh Piano Chord (Gm7♭5): Notes & Inversions,G Half-Diminished Seventh Piano Chord,"Find the g half-diminished seventh chord on piano: G, B♭, D♭, F. See four positions, keyboard notes, sound and a printable reference.",true,"index,follow",https://pianogrid.com/chords/g-m7-flat5,,,,GENERATED_WITHOUT_ORIGINAL_KEYWORD_MAPPING,g half-diminished seventh chord piano,,NO_DATA,true,true,/chords → Half-diminished 7 → G Half-Diminished Seventh,2,KEEP_REFERENCE,Later taxonomy/product-completion detail. Keep as chord-library reference until keyword check. Detail Title/H1 not changed in this round.
/chords/g-maj7,detail,major7,major7,G,G Major Seventh,G Major Seventh Piano Chord (Gmaj7): Notes & Inversions,G Major Seventh Piano Chord,"Find the g major seventh chord on piano: G, B, D, F♯. See four positions, keyboard notes, sound and a printable reference.",true,"index,follow",https://pianogrid.com/chords/g-maj7,,,,GENERATED_WITHOUT_ORIGINAL_KEYWORD_MAPPING,g major seventh chord piano,,NO_DATA,true,true,/chords → Major 7 → G Major Seventh,2,KEEP_REFERENCE,Later taxonomy/product-completion detail. Keep as chord-library reference until keyword check. Detail Title/H1 not changed in this round.
/chords/a-augmented,detail,augmented,augmented,A,A Augmented,A Augmented Piano Chord (Aaug): Notes & Inversions | PianoGrid,A Augmented Piano Chord,"Find the a augmented chord on piano: A, C♯, E♯. See keyboard positions, three inversions, sound and a printable reference.",true,"index,follow",https://pianogrid.com/chords/a-augmented,,,,GENERATED_WITHOUT_ORIGINAL_KEYWORD_MAPPING,a augmented chord piano,,NO_DATA,true,true,/chords → Augmented → A Augmented,2,KEEP_REFERENCE,Later taxonomy/product-completion detail. Keep as chord-library reference until keyword check. Detail Title/H1 not changed in this round.
/chords/a-diminished,detail,diminished,diminished,A,A Diminished,A Diminished Piano Chord (Adim): Notes & Inversions | PianoGrid,A Diminished Piano Chord,"Find the a diminished chord on piano: A, C, E♭. See keyboard positions, three inversions, sound and a printable reference.",true,"index,follow",https://pianogrid.com/chords/a-diminished,,,,GENERATED_WITHOUT_ORIGINAL_KEYWORD_MAPPING,a diminished chord piano,,NO_DATA,true,true,/chords → Diminished → A Diminished,2,KEEP_REFERENCE,Later taxonomy/product-completion detail. Keep as chord-library reference until keyword check. Detail Title/H1 not changed in this round.
/chords/a-flat-augmented,detail,augmented,augmented,A♭,A♭ Augmented,A♭ Augmented Piano Chord (A♭aug): Notes & Inversions | PianoGrid,A♭ Augmented Piano Chord,"Find the a♭ augmented chord on piano: A♭, C, E. See keyboard positions, three inversions, sound and a printable reference.",true,"index,follow",https://pianogrid.com/chords/a-flat-augmented,,,,GENERATED_WITHOUT_ORIGINAL_KEYWORD_MAPPING,a♭ augmented chord piano,,NO_DATA,true,true,/chords → Augmented → A♭ Augmented,2,KEEP_REFERENCE,Later taxonomy/product-completion detail. Keep as chord-library reference until keyword check. Detail Title/H1 not changed in this round.
/chords/a-flat-diminished,detail,diminished,diminished,A♭,A♭ Diminished,A♭ Diminished Piano Chord (A♭dim): Notes & Inversions,A♭ Diminished Piano Chord,"Find the a♭ diminished chord on piano: A♭, C♭, E𝄫. See keyboard positions, three inversions, sound and a printable reference.",true,"index,follow",https://pianogrid.com/chords/a-flat-diminished,,,,GENERATED_WITHOUT_ORIGINAL_KEYWORD_MAPPING,a♭ diminished chord piano,,NO_DATA,true,true,/chords → Diminished → A♭ Diminished,2,KEEP_REFERENCE,Later taxonomy/product-completion detail. Keep as chord-library reference until keyword check. Detail Title/H1 not changed in this round.
/chords/a-flat-sus2,detail,sus2,sus2,A♭,A♭ Suspended 2nd,A♭ Suspended 2nd Piano Chord (A♭sus2): Notes & Inversions,A♭ Suspended 2nd Piano Chord,"Find the a♭ suspended 2nd chord on piano: A♭, B♭, E♭. See keyboard positions, three inversions, sound and a printable reference.",true,"index,follow",https://pianogrid.com/chords/a-flat-sus2,,,,GENERATED_WITHOUT_ORIGINAL_KEYWORD_MAPPING,a♭ suspended 2nd chord piano,,NO_DATA,true,true,/chords → Sus2 → A♭ Suspended 2nd,2,KEEP_REFERENCE,Later taxonomy/product-completion detail. Keep as chord-library reference until keyword check. Detail Title/H1 not changed in this round.
/chords/a-flat-sus4,detail,sus4,sus4,A♭,A♭ Suspended 4th,A♭ Suspended 4th Piano Chord (A♭sus4): Notes & Inversions,A♭ Suspended 4th Piano Chord,"Find the a♭ suspended 4th chord on piano: A♭, D♭, E♭. See keyboard positions, three inversions, sound and a printable reference.",true,"index,follow",https://pianogrid.com/chords/a-flat-sus4,,,,GENERATED_WITHOUT_ORIGINAL_KEYWORD_MAPPING,a♭ suspended 4th chord piano,,NO_DATA,true,true,/chords → Sus4 → A♭ Suspended 4th,2,KEEP_REFERENCE,Later taxonomy/product-completion detail. Keep as chord-library reference until keyword check. Detail Title/H1 not changed in this round.
/chords/a-sus2,detail,sus2,sus2,A,A Suspended 2nd,A Suspended 2nd Piano Chord (Asus2): Notes & Inversions,A Suspended 2nd Piano Chord,"Find the a suspended 2nd chord on piano: A, B, E. See keyboard positions, three inversions, sound and a printable reference.",true,"index,follow",https://pianogrid.com/chords/a-sus2,,,,GENERATED_WITHOUT_ORIGINAL_KEYWORD_MAPPING,a suspended 2nd chord piano,,NO_DATA,true,true,/chords → Sus2 → A Suspended 2nd,2,KEEP_REFERENCE,Later taxonomy/product-completion detail. Keep as chord-library reference until keyword check. Detail Title/H1 not changed in this round.
/chords/a-sus4,detail,sus4,sus4,A,A Suspended 4th,A Suspended 4th Piano Chord (Asus4): Notes & Inversions,A Suspended 4th Piano Chord,"Find the a suspended 4th chord on piano: A, D, E. See keyboard positions, three inversions, sound and a printable reference.",true,"index,follow",https://pianogrid.com/chords/a-sus4,,,,GENERATED_WITHOUT_ORIGINAL_KEYWORD_MAPPING,a suspended 4th chord piano,,NO_DATA,true,true,/chords → Sus4 → A Suspended 4th,2,KEEP_REFERENCE,Later taxonomy/product-completion detail. Keep as chord-library reference until keyword check. Detail Title/H1 not changed in this round.
/chords/b-augmented,detail,augmented,augmented,B,B Augmented,B Augmented Piano Chord (Baug): Notes & Inversions | PianoGrid,B Augmented Piano Chord,"Find the b augmented chord on piano: B, D♯, F𝄪. See keyboard positions, three inversions, sound and a printable reference.",true,"index,follow",https://pianogrid.com/chords/b-augmented,,,,GENERATED_WITHOUT_ORIGINAL_KEYWORD_MAPPING,b augmented chord piano,,NO_DATA,true,true,/chords → Augmented → B Augmented,2,KEEP_REFERENCE,Later taxonomy/product-completion detail. Keep as chord-library reference until keyword check. Detail Title/H1 not changed in this round.
/chords/b-diminished,detail,diminished,diminished,B,B Diminished,B Diminished Piano Chord (Bdim): Notes & Inversions | PianoGrid,B Diminished Piano Chord,"Find the b diminished chord on piano: B, D, F. See keyboard positions, three inversions, sound and a printable reference.",true,"index,follow",https://pianogrid.com/chords/b-diminished,,,,GENERATED_WITHOUT_ORIGINAL_KEYWORD_MAPPING,b diminished chord piano,,NO_DATA,true,true,/chords → Diminished → B Diminished,2,KEEP_REFERENCE,Later taxonomy/product-completion detail. Keep as chord-library reference until keyword check. Detail Title/H1 not changed in this round.
/chords/b-flat-augmented,detail,augmented,augmented,B♭,B♭ Augmented,B♭ Augmented Piano Chord (B♭aug): Notes & Inversions | PianoGrid,B♭ Augmented Piano Chord,"Find the b♭ augmented chord on piano: B♭, D, F♯. See keyboard positions, three inversions, sound and a printable reference.",true,"index,follow",https://pianogrid.com/chords/b-flat-augmented,,,,GENERATED_WITHOUT_ORIGINAL_KEYWORD_MAPPING,b♭ augmented chord piano,,NO_DATA,true,true,/chords → Augmented → B♭ Augmented,2,KEEP_REFERENCE,Later taxonomy/product-completion detail. Keep as chord-library reference until keyword check. Detail Title/H1 not changed in this round.
/chords/b-flat-diminished,detail,diminished,diminished,B♭,B♭ Diminished,B♭ Diminished Piano Chord (B♭dim): Notes & Inversions,B♭ Diminished Piano Chord,"Find the b♭ diminished chord on piano: B♭, D♭, F♭. See keyboard positions, three inversions, sound and a printable reference.",true,"index,follow",https://pianogrid.com/chords/b-flat-diminished,,,,GENERATED_WITHOUT_ORIGINAL_KEYWORD_MAPPING,b♭ diminished chord piano,,NO_DATA,true,true,/chords → Diminished → B♭ Diminished,2,KEEP_REFERENCE,Later taxonomy/product-completion detail. Keep as chord-library reference until keyword check. Detail Title/H1 not changed in this round.
/chords/b-flat-sus2,detail,sus2,sus2,B♭,B♭ Suspended 2nd,B♭ Suspended 2nd Piano Chord (B♭sus2): Notes & Inversions,B♭ Suspended 2nd Piano Chord,"Find the b♭ suspended 2nd chord on piano: B♭, C, F. See keyboard positions, three inversions, sound and a printable reference.",true,"index,follow",https://pianogrid.com/chords/b-flat-sus2,,,,GENERATED_WITHOUT_ORIGINAL_KEYWORD_MAPPING,b♭ suspended 2nd chord piano,,NO_DATA,true,true,/chords → Sus2 → B♭ Suspended 2nd,2,KEEP_REFERENCE,Later taxonomy/product-completion detail. Keep as chord-library reference until keyword check. Detail Title/H1 not changed in this round.
/chords/b-flat-sus4,detail,sus4,sus4,B♭,B♭ Suspended 4th,B♭ Suspended 4th Piano Chord (B♭sus4): Notes & Inversions,B♭ Suspended 4th Piano Chord,"Find the b♭ suspended 4th chord on piano: B♭, E♭, F. See keyboard positions, three inversions, sound and a printable reference.",true,"index,follow",https://pianogrid.com/chords/b-flat-sus4,,,,GENERATED_WITHOUT_ORIGINAL_KEYWORD_MAPPING,b♭ suspended 4th chord piano,,NO_DATA,true,true,/chords → Sus4 → B♭ Suspended 4th,2,KEEP_REFERENCE,Later taxonomy/product-completion detail. Keep as chord-library reference until keyword check. Detail Title/H1 not changed in this round.
/chords/b-sus2,detail,sus2,sus2,B,B Suspended 2nd,B Suspended 2nd Piano Chord (Bsus2): Notes & Inversions,B Suspended 2nd Piano Chord,"Find the b suspended 2nd chord on piano: B, C♯, F♯. See keyboard positions, three inversions, sound and a printable reference.",true,"index,follow",https://pianogrid.com/chords/b-sus2,,,,GENERATED_WITHOUT_ORIGINAL_KEYWORD_MAPPING,b suspended 2nd chord piano,,NO_DATA,true,true,/chords → Sus2 → B Suspended 2nd,2,KEEP_REFERENCE,Later taxonomy/product-completion detail. Keep as chord-library reference until keyword check. Detail Title/H1 not changed in this round.
/chords/b-sus4,detail,sus4,sus4,B,B Suspended 4th,B Suspended 4th Piano Chord (Bsus4): Notes & Inversions,B Suspended 4th Piano Chord,"Find the b suspended 4th chord on piano: B, E, F♯. See keyboard positions, three inversions, sound and a printable reference.",true,"index,follow",https://pianogrid.com/chords/b-sus4,,,,GENERATED_WITHOUT_ORIGINAL_KEYWORD_MAPPING,b suspended 4th chord piano,,NO_DATA,true,true,/chords → Sus4 → B Suspended 4th,2,KEEP_REFERENCE,Later taxonomy/product-completion detail. Keep as chord-library reference until keyword check. Detail Title/H1 not changed in this round.
/chords/c-augmented,detail,augmented,augmented,C,C Augmented,C Augmented Piano Chord (Caug): Notes & Inversions | PianoGrid,C Augmented Piano Chord,"Find the c augmented chord on piano: C, E, G♯. See keyboard positions, three inversions, sound and a printable reference.",true,"index,follow",https://pianogrid.com/chords/c-augmented,,,,GENERATED_WITHOUT_ORIGINAL_KEYWORD_MAPPING,c augmented chord piano,,NO_DATA,true,true,/chords → Augmented → C Augmented,2,KEEP_REFERENCE,Later taxonomy/product-completion detail. Keep as chord-library reference until keyword check. Detail Title/H1 not changed in this round.
/chords/c-diminished,detail,diminished,diminished,C,C Diminished,C Diminished Piano Chord (Cdim): Notes & Inversions | PianoGrid,C Diminished Piano Chord,"Find the c diminished chord on piano: C, E♭, G♭. See keyboard positions, three inversions, sound and a printable reference.",true,"index,follow",https://pianogrid.com/chords/c-diminished,,,,GENERATED_WITHOUT_ORIGINAL_KEYWORD_MAPPING,c diminished chord piano,,NO_DATA,true,true,/chords → Diminished → C Diminished,2,KEEP_REFERENCE,Later taxonomy/product-completion detail. Keep as chord-library reference until keyword check. Detail Title/H1 not changed in this round.
/chords/c-sus2,detail,sus2,sus2,C,C Suspended 2nd,C Suspended 2nd Piano Chord (Csus2): Notes & Inversions,C Suspended 2nd Piano Chord,"Find the c suspended 2nd chord on piano: C, D, G. See keyboard positions, three inversions, sound and a printable reference.",true,"index,follow",https://pianogrid.com/chords/c-sus2,,,,GENERATED_WITHOUT_ORIGINAL_KEYWORD_MAPPING,c suspended 2nd chord piano,,NO_DATA,true,true,/chords → Sus2 → C Suspended 2nd,2,KEEP_REFERENCE,Later taxonomy/product-completion detail. Keep as chord-library reference until keyword check. Detail Title/H1 not changed in this round.
/chords/c-sus4,detail,sus4,sus4,C,C Suspended 4th,C Suspended 4th Piano Chord (Csus4): Notes & Inversions,C Suspended 4th Piano Chord,"Find the c suspended 4th chord on piano: C, F, G. See keyboard positions, three inversions, sound and a printable reference.",true,"index,follow",https://pianogrid.com/chords/c-sus4,,,,GENERATED_WITHOUT_ORIGINAL_KEYWORD_MAPPING,c suspended 4th chord piano,,NO_DATA,true,true,/chords → Sus4 → C Suspended 4th,2,KEEP_REFERENCE,Later taxonomy/product-completion detail. Keep as chord-library reference until keyword check. Detail Title/H1 not changed in this round.
/chords/d-augmented,detail,augmented,augmented,D,D Augmented,D Augmented Piano Chord (Daug): Notes & Inversions | PianoGrid,D Augmented Piano Chord,"Find the d augmented chord on piano: D, F♯, A♯. See keyboard positions, three inversions, sound and a printable reference.",true,"index,follow",https://pianogrid.com/chords/d-augmented,,,,GENERATED_WITHOUT_ORIGINAL_KEYWORD_MAPPING,d augmented chord piano,,NO_DATA,true,true,/chords → Augmented → D Augmented,2,KEEP_REFERENCE,Later taxonomy/product-completion detail. Keep as chord-library reference until keyword check. Detail Title/H1 not changed in this round.
/chords/d-diminished,detail,diminished,diminished,D,D Diminished,D Diminished Piano Chord (Ddim): Notes & Inversions | PianoGrid,D Diminished Piano Chord,"Find the d diminished chord on piano: D, F, A♭. See keyboard positions, three inversions, sound and a printable reference.",true,"index,follow",https://pianogrid.com/chords/d-diminished,,,,GENERATED_WITHOUT_ORIGINAL_KEYWORD_MAPPING,d diminished chord piano,,NO_DATA,true,true,/chords → Diminished → D Diminished,2,KEEP_REFERENCE,Later taxonomy/product-completion detail. Keep as chord-library reference until keyword check. Detail Title/H1 not changed in this round.
/chords/d-flat-augmented,detail,augmented,augmented,D♭,D♭ Augmented,D♭ Augmented Piano Chord (D♭aug): Notes & Inversions | PianoGrid,D♭ Augmented Piano Chord,"Find the d♭ augmented chord on piano: D♭, F, A. See keyboard positions, three inversions, sound and a printable reference.",true,"index,follow",https://pianogrid.com/chords/d-flat-augmented,,,,GENERATED_WITHOUT_ORIGINAL_KEYWORD_MAPPING,d♭ augmented chord piano,,NO_DATA,true,true,/chords → Augmented → D♭ Augmented,2,KEEP_REFERENCE,Later taxonomy/product-completion detail. Keep as chord-library reference until keyword check. Detail Title/H1 not changed in this round.
/chords/d-flat-diminished,detail,diminished,diminished,D♭,D♭ Diminished,D♭ Diminished Piano Chord (D♭dim): Notes & Inversions,D♭ Diminished Piano Chord,"Find the d♭ diminished chord on piano: D♭, F♭, A𝄫. See keyboard positions, three inversions, sound and a printable reference.",true,"index,follow",https://pianogrid.com/chords/d-flat-diminished,,,,GENERATED_WITHOUT_ORIGINAL_KEYWORD_MAPPING,d♭ diminished chord piano,,NO_DATA,true,true,/chords → Diminished → D♭ Diminished,2,KEEP_REFERENCE,Later taxonomy/product-completion detail. Keep as chord-library reference until keyword check. Detail Title/H1 not changed in this round.
/chords/d-flat-sus2,detail,sus2,sus2,D♭,D♭ Suspended 2nd,D♭ Suspended 2nd Piano Chord (D♭sus2): Notes & Inversions,D♭ Suspended 2nd Piano Chord,"Find the d♭ suspended 2nd chord on piano: D♭, E♭, A♭. See keyboard positions, three inversions, sound and a printable reference.",true,"index,follow",https://pianogrid.com/chords/d-flat-sus2,,,,GENERATED_WITHOUT_ORIGINAL_KEYWORD_MAPPING,d♭ suspended 2nd chord piano,,NO_DATA,true,true,/chords → Sus2 → D♭ Suspended 2nd,2,KEEP_REFERENCE,Later taxonomy/product-completion detail. Keep as chord-library reference until keyword check. Detail Title/H1 not changed in this round.
/chords/d-flat-sus4,detail,sus4,sus4,D♭,D♭ Suspended 4th,D♭ Suspended 4th Piano Chord (D♭sus4): Notes & Inversions,D♭ Suspended 4th Piano Chord,"Find the d♭ suspended 4th chord on piano: D♭, G♭, A♭. See keyboard positions, three inversions, sound and a printable reference.",true,"index,follow",https://pianogrid.com/chords/d-flat-sus4,,,,GENERATED_WITHOUT_ORIGINAL_KEYWORD_MAPPING,d♭ suspended 4th chord piano,,NO_DATA,true,true,/chords → Sus4 → D♭ Suspended 4th,2,KEEP_REFERENCE,Later taxonomy/product-completion detail. Keep as chord-library reference until keyword check. Detail Title/H1 not changed in this round.
/chords/d-sus2,detail,sus2,sus2,D,D Suspended 2nd,D Suspended 2nd Piano Chord (Dsus2): Notes & Inversions,D Suspended 2nd Piano Chord,"Find the d suspended 2nd chord on piano: D, E, A. See keyboard positions, three inversions, sound and a printable reference.",true,"index,follow",https://pianogrid.com/chords/d-sus2,,,,GENERATED_WITHOUT_ORIGINAL_KEYWORD_MAPPING,d suspended 2nd chord piano,,NO_DATA,true,true,/chords → Sus2 → D Suspended 2nd,2,KEEP_REFERENCE,Later taxonomy/product-completion detail. Keep as chord-library reference until keyword check. Detail Title/H1 not changed in this round.
/chords/d-sus4,detail,sus4,sus4,D,D Suspended 4th,D Suspended 4th Piano Chord (Dsus4): Notes & Inversions,D Suspended 4th Piano Chord,"Find the d suspended 4th chord on piano: D, G, A. See keyboard positions, three inversions, sound and a printable reference.",true,"index,follow",https://pianogrid.com/chords/d-sus4,,,,GENERATED_WITHOUT_ORIGINAL_KEYWORD_MAPPING,d suspended 4th chord piano,,NO_DATA,true,true,/chords → Sus4 → D Suspended 4th,2,KEEP_REFERENCE,Later taxonomy/product-completion detail. Keep as chord-library reference until keyword check. Detail Title/H1 not changed in this round.
/chords/e-augmented,detail,augmented,augmented,E,E Augmented,E Augmented Piano Chord (Eaug): Notes & Inversions | PianoGrid,E Augmented Piano Chord,"Find the e augmented chord on piano: E, G♯, B♯. See keyboard positions, three inversions, sound and a printable reference.",true,"index,follow",https://pianogrid.com/chords/e-augmented,,,,GENERATED_WITHOUT_ORIGINAL_KEYWORD_MAPPING,e augmented chord piano,,NO_DATA,true,true,/chords → Augmented → E Augmented,2,KEEP_REFERENCE,Later taxonomy/product-completion detail. Keep as chord-library reference until keyword check. Detail Title/H1 not changed in this round.
/chords/e-diminished,detail,diminished,diminished,E,E Diminished,E Diminished Piano Chord (Edim): Notes & Inversions | PianoGrid,E Diminished Piano Chord,"Find the e diminished chord on piano: E, G, B♭. See keyboard positions, three inversions, sound and a printable reference.",true,"index,follow",https://pianogrid.com/chords/e-diminished,,,,GENERATED_WITHOUT_ORIGINAL_KEYWORD_MAPPING,e diminished chord piano,,NO_DATA,true,true,/chords → Diminished → E Diminished,2,KEEP_REFERENCE,Later taxonomy/product-completion detail. Keep as chord-library reference until keyword check. Detail Title/H1 not changed in this round.
/chords/e-flat-augmented,detail,augmented,augmented,E♭,E♭ Augmented,E♭ Augmented Piano Chord (E♭aug): Notes & Inversions | PianoGrid,E♭ Augmented Piano Chord,"Find the e♭ augmented chord on piano: E♭, G, B. See keyboard positions, three inversions, sound and a printable reference.",true,"index,follow",https://pianogrid.com/chords/e-flat-augmented,,,,GENERATED_WITHOUT_ORIGINAL_KEYWORD_MAPPING,e♭ augmented chord piano,,NO_DATA,true,true,/chords → Augmented → E♭ Augmented,2,KEEP_REFERENCE,Later taxonomy/product-completion detail. Keep as chord-library reference until keyword check. Detail Title/H1 not changed in this round.
/chords/e-flat-diminished,detail,diminished,diminished,E♭,E♭ Diminished,E♭ Diminished Piano Chord (E♭dim): Notes & Inversions,E♭ Diminished Piano Chord,"Find the e♭ diminished chord on piano: E♭, G♭, B𝄫. See keyboard positions, three inversions, sound and a printable reference.",true,"index,follow",https://pianogrid.com/chords/e-flat-diminished,,,,GENERATED_WITHOUT_ORIGINAL_KEYWORD_MAPPING,e♭ diminished chord piano,,NO_DATA,true,true,/chords → Diminished → E♭ Diminished,2,KEEP_REFERENCE,Later taxonomy/product-completion detail. Keep as chord-library reference until keyword check. Detail Title/H1 not changed in this round.
/chords/e-flat-sus2,detail,sus2,sus2,E♭,E♭ Suspended 2nd,E♭ Suspended 2nd Piano Chord (E♭sus2): Notes & Inversions,E♭ Suspended 2nd Piano Chord,"Find the e♭ suspended 2nd chord on piano: E♭, F, B♭. See keyboard positions, three inversions, sound and a printable reference.",true,"index,follow",https://pianogrid.com/chords/e-flat-sus2,,,,GENERATED_WITHOUT_ORIGINAL_KEYWORD_MAPPING,e♭ suspended 2nd chord piano,,NO_DATA,true,true,/chords → Sus2 → E♭ Suspended 2nd,2,KEEP_REFERENCE,Later taxonomy/product-completion detail. Keep as chord-library reference until keyword check. Detail Title/H1 not changed in this round.
/chords/e-flat-sus4,detail,sus4,sus4,E♭,E♭ Suspended 4th,E♭ Suspended 4th Piano Chord (E♭sus4): Notes & Inversions,E♭ Suspended 4th Piano Chord,"Find the e♭ suspended 4th chord on piano: E♭, A♭, B♭. See keyboard positions, three inversions, sound and a printable reference.",true,"index,follow",https://pianogrid.com/chords/e-flat-sus4,,,,GENERATED_WITHOUT_ORIGINAL_KEYWORD_MAPPING,e♭ suspended 4th chord piano,,NO_DATA,true,true,/chords → Sus4 → E♭ Suspended 4th,2,KEEP_REFERENCE,Later taxonomy/product-completion detail. Keep as chord-library reference until keyword check. Detail Title/H1 not changed in this round.
/chords/e-sus2,detail,sus2,sus2,E,E Suspended 2nd,E Suspended 2nd Piano Chord (Esus2): Notes & Inversions,E Suspended 2nd Piano Chord,"Find the e suspended 2nd chord on piano: E, F♯, B. See keyboard positions, three inversions, sound and a printable reference.",true,"index,follow",https://pianogrid.com/chords/e-sus2,,,,GENERATED_WITHOUT_ORIGINAL_KEYWORD_MAPPING,e suspended 2nd chord piano,,NO_DATA,true,true,/chords → Sus2 → E Suspended 2nd,2,KEEP_REFERENCE,Later taxonomy/product-completion detail. Keep as chord-library reference until keyword check. Detail Title/H1 not changed in this round.
/chords/e-sus4,detail,sus4,sus4,E,E Suspended 4th,E Suspended 4th Piano Chord (Esus4): Notes & Inversions,E Suspended 4th Piano Chord,"Find the e suspended 4th chord on piano: E, A, B. See keyboard positions, three inversions, sound and a printable reference.",true,"index,follow",https://pianogrid.com/chords/e-sus4,,,,GENERATED_WITHOUT_ORIGINAL_KEYWORD_MAPPING,e suspended 4th chord piano,,NO_DATA,true,true,/chords → Sus4 → E Suspended 4th,2,KEEP_REFERENCE,Later taxonomy/product-completion detail. Keep as chord-library reference until keyword check. Detail Title/H1 not changed in this round.
/chords/f-augmented,detail,augmented,augmented,F,F Augmented,F Augmented Piano Chord (Faug): Notes & Inversions | PianoGrid,F Augmented Piano Chord,"Find the f augmented chord on piano: F, A, C♯. See keyboard positions, three inversions, sound and a printable reference.",true,"index,follow",https://pianogrid.com/chords/f-augmented,,,,GENERATED_WITHOUT_ORIGINAL_KEYWORD_MAPPING,f augmented chord piano,,NO_DATA,true,true,/chords → Augmented → F Augmented,2,KEEP_REFERENCE,Later taxonomy/product-completion detail. Keep as chord-library reference until keyword check. Detail Title/H1 not changed in this round.
/chords/f-diminished,detail,diminished,diminished,F,F Diminished,F Diminished Piano Chord (Fdim): Notes & Inversions | PianoGrid,F Diminished Piano Chord,"Find the f diminished chord on piano: F, A♭, C♭. See keyboard positions, three inversions, sound and a printable reference.",true,"index,follow",https://pianogrid.com/chords/f-diminished,,,,GENERATED_WITHOUT_ORIGINAL_KEYWORD_MAPPING,f diminished chord piano,,NO_DATA,true,true,/chords → Diminished → F Diminished,2,KEEP_REFERENCE,Later taxonomy/product-completion detail. Keep as chord-library reference until keyword check. Detail Title/H1 not changed in this round.
/chords/f-sharp-augmented,detail,augmented,augmented,F♯,F♯ Augmented,F♯ Augmented Piano Chord (F♯aug): Notes & Inversions | PianoGrid,F♯ Augmented Piano Chord,"Find the f♯ augmented chord on piano: F♯, A♯, C𝄪. See keyboard positions, three inversions, sound and a printable reference.",true,"index,follow",https://pianogrid.com/chords/f-sharp-augmented,,,,GENERATED_WITHOUT_ORIGINAL_KEYWORD_MAPPING,f♯ augmented chord piano,,NO_DATA,true,true,/chords → Augmented → F♯ Augmented,2,KEEP_REFERENCE,Later taxonomy/product-completion detail. Keep as chord-library reference until keyword check. Detail Title/H1 not changed in this round.
/chords/f-sharp-diminished,detail,diminished,diminished,F♯,F♯ Diminished,F♯ Diminished Piano Chord (F♯dim): Notes & Inversions,F♯ Diminished Piano Chord,"Find the f♯ diminished chord on piano: F♯, A, C. See keyboard positions, three inversions, sound and a printable reference.",true,"index,follow",https://pianogrid.com/chords/f-sharp-diminished,,,,GENERATED_WITHOUT_ORIGINAL_KEYWORD_MAPPING,f♯ diminished chord piano,,NO_DATA,true,true,/chords → Diminished → F♯ Diminished,2,KEEP_REFERENCE,Later taxonomy/product-completion detail. Keep as chord-library reference until keyword check. Detail Title/H1 not changed in this round.
/chords/f-sharp-sus2,detail,sus2,sus2,F♯,F♯ Suspended 2nd,F♯ Suspended 2nd Piano Chord (F♯sus2): Notes & Inversions,F♯ Suspended 2nd Piano Chord,"Find the f♯ suspended 2nd chord on piano: F♯, G♯, C♯. See keyboard positions, three inversions, sound and a printable reference.",true,"index,follow",https://pianogrid.com/chords/f-sharp-sus2,,,,GENERATED_WITHOUT_ORIGINAL_KEYWORD_MAPPING,f♯ suspended 2nd chord piano,,NO_DATA,true,true,/chords → Sus2 → F♯ Suspended 2nd,2,KEEP_REFERENCE,Later taxonomy/product-completion detail. Keep as chord-library reference until keyword check. Detail Title/H1 not changed in this round.
/chords/f-sharp-sus4,detail,sus4,sus4,F♯,F♯ Suspended 4th,F♯ Suspended 4th Piano Chord (F♯sus4): Notes & Inversions,F♯ Suspended 4th Piano Chord,"Find the f♯ suspended 4th chord on piano: F♯, B, C♯. See keyboard positions, three inversions, sound and a printable reference.",true,"index,follow",https://pianogrid.com/chords/f-sharp-sus4,,,,GENERATED_WITHOUT_ORIGINAL_KEYWORD_MAPPING,f♯ suspended 4th chord piano,,NO_DATA,true,true,/chords → Sus4 → F♯ Suspended 4th,2,KEEP_REFERENCE,Later taxonomy/product-completion detail. Keep as chord-library reference until keyword check. Detail Title/H1 not changed in this round.
/chords/f-sus2,detail,sus2,sus2,F,F Suspended 2nd,F Suspended 2nd Piano Chord (Fsus2): Notes & Inversions,F Suspended 2nd Piano Chord,"Find the f suspended 2nd chord on piano: F, G, C. See keyboard positions, three inversions, sound and a printable reference.",true,"index,follow",https://pianogrid.com/chords/f-sus2,,,,GENERATED_WITHOUT_ORIGINAL_KEYWORD_MAPPING,f suspended 2nd chord piano,,NO_DATA,true,true,/chords → Sus2 → F Suspended 2nd,2,KEEP_REFERENCE,Later taxonomy/product-completion detail. Keep as chord-library reference until keyword check. Detail Title/H1 not changed in this round.
/chords/f-sus4,detail,sus4,sus4,F,F Suspended 4th,F Suspended 4th Piano Chord (Fsus4): Notes & Inversions,F Suspended 4th Piano Chord,"Find the f suspended 4th chord on piano: F, B♭, C. See keyboard positions, three inversions, sound and a printable reference.",true,"index,follow",https://pianogrid.com/chords/f-sus4,,,,GENERATED_WITHOUT_ORIGINAL_KEYWORD_MAPPING,f suspended 4th chord piano,,NO_DATA,true,true,/chords → Sus4 → F Suspended 4th,2,KEEP_REFERENCE,Later taxonomy/product-completion detail. Keep as chord-library reference until keyword check. Detail Title/H1 not changed in this round.
/chords/g-augmented,detail,augmented,augmented,G,G Augmented,G Augmented Piano Chord (Gaug): Notes & Inversions | PianoGrid,G Augmented Piano Chord,"Find the g augmented chord on piano: G, B, D♯. See keyboard positions, three inversions, sound and a printable reference.",true,"index,follow",https://pianogrid.com/chords/g-augmented,,,,GENERATED_WITHOUT_ORIGINAL_KEYWORD_MAPPING,g augmented chord piano,,NO_DATA,true,true,/chords → Augmented → G Augmented,2,KEEP_REFERENCE,Later taxonomy/product-completion detail. Keep as chord-library reference until keyword check. Detail Title/H1 not changed in this round.
/chords/g-diminished,detail,diminished,diminished,G,G Diminished,G Diminished Piano Chord (Gdim): Notes & Inversions | PianoGrid,G Diminished Piano Chord,"Find the g diminished chord on piano: G, B♭, D♭. See keyboard positions, three inversions, sound and a printable reference.",true,"index,follow",https://pianogrid.com/chords/g-diminished,,,,GENERATED_WITHOUT_ORIGINAL_KEYWORD_MAPPING,g diminished chord piano,,NO_DATA,true,true,/chords → Diminished → G Diminished,2,KEEP_REFERENCE,Later taxonomy/product-completion detail. Keep as chord-library reference until keyword check. Detail Title/H1 not changed in this round.
/chords/g-sus2,detail,sus2,sus2,G,G Suspended 2nd,G Suspended 2nd Piano Chord (Gsus2): Notes & Inversions,G Suspended 2nd Piano Chord,"Find the g suspended 2nd chord on piano: G, A, D. See keyboard positions, three inversions, sound and a printable reference.",true,"index,follow",https://pianogrid.com/chords/g-sus2,,,,GENERATED_WITHOUT_ORIGINAL_KEYWORD_MAPPING,g suspended 2nd chord piano,,NO_DATA,true,true,/chords → Sus2 → G Suspended 2nd,2,KEEP_REFERENCE,Later taxonomy/product-completion detail. Keep as chord-library reference until keyword check. Detail Title/H1 not changed in this round.
/chords/g-sus4,detail,sus4,sus4,G,G Suspended 4th,G Suspended 4th Piano Chord (Gsus4): Notes & Inversions,G Suspended 4th Piano Chord,"Find the g suspended 4th chord on piano: G, C, D. See keyboard positions, three inversions, sound and a printable reference.",true,"index,follow",https://pianogrid.com/chords/g-sus4,,,,GENERATED_WITHOUT_ORIGINAL_KEYWORD_MAPPING,g suspended 4th chord piano,,NO_DATA,true,true,/chords → Sus4 → G Suspended 4th,2,KEEP_REFERENCE,Later taxonomy/product-completion detail. Keep as chord-library reference until keyword check. Detail Title/H1 not changed in this round.
/chords/a-minor,detail,minor,minor,A,A Minor,"A Minor Piano Chord (Am): Notes, Inversions & PDF | PianoGrid",A Minor Piano Chord,"Find the A minor chord on piano: A, C, and E. Compare root position, Am/C, and Am/E with keyboard diagrams, sound examples, and a printable PDF.",true,"index,follow",https://pianogrid.com/chords/a-minor,/chords/a-minor,am piano chord,1900,ORIGINAL_URL_PLAN,am piano chord,1900,ORIGINAL_PLAN,false,true,/chords → Minor → A Minor,2,KEEP_SEO,Detail Title/H1 not changed in this round.
/chords/a-major,detail,major,major,A,A Major,"A Major Piano Chord: Notes, Inversions & Keyboard Diagrams",A Major Piano Chord,"Find the A major piano chord notes A, C-sharp and E. Compare root position and two inversions with keyboard diagrams, sound examples and a printable reference.",true,"index,follow",https://pianogrid.com/chords/a-major,/chords/a-major,a chord piano,4400,ORIGINAL_URL_PLAN,a piano chord,4400,ORIGINAL_PLAN,false,true,/chords → Major → A Major,2,KEEP_SEO,Detail Title/H1 not changed in this round.
/chords/c-major,detail,major,major,C,C Major,"C Major Piano Chord: Notes, Inversions & Keyboard Diagrams",C Major Piano Chord,"Find the C major piano chord notes C, E and G. Compare root position and two inversions with keyboard diagrams, sound examples and a printable reference.",true,"index,follow",https://pianogrid.com/chords/c-major,/chords/c-major,c chords piano,480,ORIGINAL_URL_PLAN,c piano chord,480,ORIGINAL_PLAN,false,true,/chords → Major → C Major,2,KEEP_SEO,Detail Title/H1 not changed in this round.
/chords/g-major,detail,major,major,G,G Major,"G Major Piano Chord (G): Notes, Inversions & PDF | PianoGrid",G Major Piano Chord (G),"Find G major on piano with G, B and D. Compare its inversions, try a note-building exercise and print the three-position keyboard reference.",true,"index,follow",https://pianogrid.com/chords/g-major,/chords/g-major,g chord piano,,ORIGINAL_URL_PLAN,g piano chord,,UNKNOWN,false,true,/chords → Major → G Major,2,REVIEW_KEYWORD,"In original URL plan, but volume was explicitly unverified/null. Not treated as 0. Detail Title/H1 not changed in this round."
/chords/c-minor,detail,minor,minor,C,C Minor,"C Minor Piano Chord (Cm): Notes, Inversions & PDF | PianoGrid",C Minor Piano Chord (Cm),"Learn the C minor piano chord: C, E-flat and G. Compare Cm/E-flat and Cm/G, check the major-minor difference and print the keyboard diagrams.",true,"index,follow",https://pianogrid.com/chords/c-minor,/chords/c-minor,c minor in piano,260,ORIGINAL_URL_PLAN,cm piano chord,260,ORIGINAL_PLAN,false,true,/chords → Minor → C Minor,2,KEEP_SEO,Detail Title/H1 not changed in this round.
/chords/e-major,detail,major,major,E,E Major,"E Major Piano Chord (E): Notes, Inversions & PDF | PianoGrid",E Major Piano Chord (E),"Find E major on piano: E, G-sharp and B. See the keyboard positions, compare E/G-sharp and E/B, and print a three-position reference.",true,"index,follow",https://pianogrid.com/chords/e-major,/chords/e-major,piano e chord,590,ORIGINAL_URL_PLAN,e piano chord,590,ORIGINAL_PLAN,false,true,/chords → Major → E Major,2,KEEP_SEO,Detail Title/H1 not changed in this round.
/chords/b-major,detail,major,major,B,B Major,"B Major Piano Chord (B): Notes, Inversions & PDF | PianoGrid",B Major Piano Chord (B),"Learn B major on piano with B, D-sharp and F-sharp. Read its bass notes and inversions, try the note exercise and print the reference.",true,"index,follow",https://pianogrid.com/chords/b-major,/chords/b-major,b chord piano,3600,ORIGINAL_URL_PLAN,b piano chord,3600,ORIGINAL_PLAN,false,true,/chords → Major → B Major,2,KEEP_SEO,Detail Title/H1 not changed in this round.
/chords/a-flat-major,detail,major,major,Ab,A♭ Major,"A-flat Major Piano Chord (Ab): Notes, Inversions & PDF",A-flat Major Piano Chord (A♭),"Find the A-flat major piano chord: A-flat, C and E-flat. Compare its inversions, keep the spelling clear and print the keyboard reference.",true,"index,follow",https://pianogrid.com/chords/a-flat-major,/chords/a-flat-major,a flat chord piano,1000,ORIGINAL_URL_PLAN,ab piano chord,1000,ORIGINAL_PLAN,false,true,/chords → Major → A♭ Major,2,KEEP_SEO,Detail Title/H1 not changed in this round.
/chords/c-flat-major,detail,major,major,Cb,C♭ Major,"C-flat Major Piano Chord (Cb): Notes, Inversions & PDF",C-flat Major Piano Chord (C♭),"Read C-flat major as C-flat, E-flat and G-flat. Match C-flat4 to the B3 key, compare inversions and print an enharmonic reference.",true,"index,follow",https://pianogrid.com/chords/c-flat-major,/chords/c-flat-major,cb piano chord,260,ORIGINAL_URL_PLAN,cb piano chord,260,ORIGINAL_PLAN,false,true,/chords → Major → C♭ Major,2,KEEP_SEO,Detail Title/H1 not changed in this round.
/chords/f-major,detail,major,major,F,F Major,"F Major Piano Chord (F): Notes, Inversions & PDF | PianoGrid",F Major Piano Chord,"Find the f major chord on piano: F, A, C. See keyboard positions, compare three inversions, hear the notes and print a reference.",true,"index,follow",https://pianogrid.com/chords/f-major,,,,GENERATED_WITHOUT_ORIGINAL_KEYWORD_MAPPING,f major chord piano,,NO_DATA,true,true,/chords → Major → F Major,2,KEEP_REFERENCE,Later taxonomy/product-completion detail. Keep as chord-library reference until keyword check. Detail Title/H1 not changed in this round.
/chords/d-minor,detail,minor,minor,D,D Minor,"D Minor Piano Chord (Dm): Notes, Inversions & PDF | PianoGrid",D Minor Piano Chord,"Find the d minor chord on piano: D, F, A. See keyboard positions, compare three inversions, hear the notes and print a reference.",true,"index,follow",https://pianogrid.com/chords/d-minor,,,,GENERATED_WITHOUT_ORIGINAL_KEYWORD_MAPPING,d minor chord piano,,NO_DATA,true,true,/chords → Minor → D Minor,2,KEEP_REFERENCE,Later taxonomy/product-completion detail. Keep as chord-library reference until keyword check. Detail Title/H1 not changed in this round.
/chords/e-minor,detail,minor,minor,E,E Minor,"E Minor Piano Chord (Em): Notes, Inversions & PDF | PianoGrid",E Minor Piano Chord,"Find the e minor chord on piano: E, G, B. See keyboard positions, compare three inversions, hear the notes and print a reference.",true,"index,follow",https://pianogrid.com/chords/e-minor,,,,GENERATED_WITHOUT_ORIGINAL_KEYWORD_MAPPING,e minor chord piano,,NO_DATA,true,true,/chords → Minor → E Minor,2,KEEP_REFERENCE,Later taxonomy/product-completion detail. Keep as chord-library reference until keyword check. Detail Title/H1 not changed in this round.
/chords/d-major,detail,major,major,D,D Major,"D Major Piano Chord (D): Notes, Inversions & PDF | PianoGrid",D Major Piano Chord,"Find the d major chord on piano: D, F♯, A. See keyboard positions, compare three inversions, hear the notes and print a reference.",true,"index,follow",https://pianogrid.com/chords/d-major,,,,GENERATED_WITHOUT_ORIGINAL_KEYWORD_MAPPING,d major chord piano,,NO_DATA,true,true,/chords → Major → D Major,2,KEEP_REFERENCE,Later taxonomy/product-completion detail. Keep as chord-library reference until keyword check. Detail Title/H1 not changed in this round.
/chords/b-minor,detail,minor,minor,B,B Minor,"B Minor Piano Chord (Bm): Notes, Inversions & PDF | PianoGrid",B Minor Piano Chord,"Find the b minor chord on piano: B, D, F♯. See keyboard positions, compare three inversions, hear the notes and print a reference.",true,"index,follow",https://pianogrid.com/chords/b-minor,,,,GENERATED_WITHOUT_ORIGINAL_KEYWORD_MAPPING,b minor chord piano,,NO_DATA,true,true,/chords → Minor → B Minor,2,KEEP_REFERENCE,Later taxonomy/product-completion detail. Keep as chord-library reference until keyword check. Detail Title/H1 not changed in this round.
/chords/f-sharp-minor,detail,minor,minor,F♯,F-sharp Minor,"F-sharp Minor Piano Chord (F♯m): Notes, Inversions & PDF",F-sharp Minor Piano Chord,"Find the f-sharp minor chord on piano: F♯, A, C♯. See keyboard positions, compare three inversions, hear the notes and print a reference.",true,"index,follow",https://pianogrid.com/chords/f-sharp-minor,,,,GENERATED_WITHOUT_ORIGINAL_KEYWORD_MAPPING,f-sharp minor chord piano,,NO_DATA,true,true,/chords → Minor → F-sharp Minor,2,KEEP_REFERENCE,Later taxonomy/product-completion detail. Keep as chord-library reference until keyword check. Detail Title/H1 not changed in this round.
/chords/c-sharp-minor,detail,minor,minor,C♯,C-sharp Minor,"C-sharp Minor Piano Chord (C♯m): Notes, Inversions & PDF",C-sharp Minor Piano Chord,"Find the c-sharp minor chord on piano: C♯, E, G♯. See keyboard positions, compare three inversions, hear the notes and print a reference.",true,"index,follow",https://pianogrid.com/chords/c-sharp-minor,,,,GENERATED_WITHOUT_ORIGINAL_KEYWORD_MAPPING,c-sharp minor chord piano,,NO_DATA,true,true,/chords → Minor → C-sharp Minor,2,KEEP_REFERENCE,Later taxonomy/product-completion detail. Keep as chord-library reference until keyword check. Detail Title/H1 not changed in this round.
/chords/g-sharp-minor,detail,minor,minor,G♯,G-sharp Minor,"G-sharp Minor Piano Chord (G♯m): Notes, Inversions & PDF",G-sharp Minor Piano Chord,"Find the g-sharp minor chord on piano: G♯, B, D♯. See keyboard positions, compare three inversions, hear the notes and print a reference.",true,"index,follow",https://pianogrid.com/chords/g-sharp-minor,,,,GENERATED_WITHOUT_ORIGINAL_KEYWORD_MAPPING,g-sharp minor chord piano,,NO_DATA,true,true,/chords → Minor → G-sharp Minor,2,KEEP_REFERENCE,Later taxonomy/product-completion detail. Keep as chord-library reference until keyword check. Detail Title/H1 not changed in this round.
/chords/b-flat-major,detail,major,major,B♭,B-flat Major,"B-flat Major Piano Chord (B♭): Notes, Inversions & PDF",B-flat Major Piano Chord,"Find the b-flat major chord on piano: B♭, D, F. See keyboard positions, compare three inversions, hear the notes and print a reference.",true,"index,follow",https://pianogrid.com/chords/b-flat-major,,,,GENERATED_WITHOUT_ORIGINAL_KEYWORD_MAPPING,b-flat major chord piano,,NO_DATA,true,true,/chords → Major → B-flat Major,2,KEEP_REFERENCE,Later taxonomy/product-completion detail. Keep as chord-library reference until keyword check. Detail Title/H1 not changed in this round.
/chords/g-minor,detail,minor,minor,G,G Minor,"G Minor Piano Chord (Gm): Notes, Inversions & PDF | PianoGrid",G Minor Piano Chord,"Find the g minor chord on piano: G, B♭, D. See keyboard positions, compare three inversions, hear the notes and print a reference.",true,"index,follow",https://pianogrid.com/chords/g-minor,,,,GENERATED_WITHOUT_ORIGINAL_KEYWORD_MAPPING,g minor chord piano,,NO_DATA,true,true,/chords → Minor → G Minor,2,KEEP_REFERENCE,Later taxonomy/product-completion detail. Keep as chord-library reference until keyword check. Detail Title/H1 not changed in this round.
/chords/d-flat-major,detail,major,major,D♭,D-flat Major,"D-flat Major Piano Chord (D♭): Notes, Inversions & PDF",D-flat Major Piano Chord,"Find the d-flat major chord on piano: D♭, F, A♭. See keyboard positions, compare three inversions, hear the notes and print a reference.",true,"index,follow",https://pianogrid.com/chords/d-flat-major,,,,GENERATED_WITHOUT_ORIGINAL_KEYWORD_MAPPING,d-flat major chord piano,,NO_DATA,true,true,/chords → Major → D-flat Major,2,KEEP_REFERENCE,Later taxonomy/product-completion detail. Keep as chord-library reference until keyword check. Detail Title/H1 not changed in this round.
/chords/e-flat-major,detail,major,major,E♭,E-flat Major,"E-flat Major Piano Chord (E♭): Notes, Inversions & PDF",E-flat Major Piano Chord,"Find the e-flat major chord on piano: E♭, G, B♭. See keyboard positions, compare three inversions, hear the notes and print a reference.",true,"index,follow",https://pianogrid.com/chords/e-flat-major,,,,GENERATED_WITHOUT_ORIGINAL_KEYWORD_MAPPING,e-flat major chord piano,,NO_DATA,true,true,/chords → Major → E-flat Major,2,KEEP_REFERENCE,Later taxonomy/product-completion detail. Keep as chord-library reference until keyword check. Detail Title/H1 not changed in this round.
/chords/f-sharp-major,detail,major,major,F♯,F-sharp Major,"F-sharp Major Piano Chord (F♯): Notes, Inversions & PDF",F-sharp Major Piano Chord,"Find the f-sharp major chord on piano: F♯, A♯, C♯. See keyboard positions, compare three inversions, hear the notes and print a reference.",true,"index,follow",https://pianogrid.com/chords/f-sharp-major,,,,GENERATED_WITHOUT_ORIGINAL_KEYWORD_MAPPING,f-sharp major chord piano,,NO_DATA,true,true,/chords → Major → F-sharp Major,2,KEEP_REFERENCE,Later taxonomy/product-completion detail. Keep as chord-library reference until keyword check. Detail Title/H1 not changed in this round.
/chords/f-minor,detail,minor,minor,F,F Minor,"F Minor Piano Chord (Fm): Notes, Inversions & PDF | PianoGrid",F Minor Piano Chord,"Find the f minor chord on piano: F, A♭, C. See keyboard positions, compare three inversions, hear the notes and print a reference.",true,"index,follow",https://pianogrid.com/chords/f-minor,,,,GENERATED_WITHOUT_ORIGINAL_KEYWORD_MAPPING,f minor chord piano,,NO_DATA,true,true,/chords → Minor → F Minor,2,KEEP_REFERENCE,Later taxonomy/product-completion detail. Keep as chord-library reference until keyword check. Detail Title/H1 not changed in this round.
/chords/b-flat-minor,detail,minor,minor,B♭,B-flat Minor,"B-flat Minor Piano Chord (B♭m): Notes, Inversions & PDF",B-flat Minor Piano Chord,"Find the b-flat minor chord on piano: B♭, D♭, F. See keyboard positions, compare three inversions, hear the notes and print a reference.",true,"index,follow",https://pianogrid.com/chords/b-flat-minor,,,,GENERATED_WITHOUT_ORIGINAL_KEYWORD_MAPPING,b-flat minor chord piano,,NO_DATA,true,true,/chords → Minor → B-flat Minor,2,KEEP_REFERENCE,Later taxonomy/product-completion detail. Keep as chord-library reference until keyword check. Detail Title/H1 not changed in this round.
/chords/e-flat-minor,detail,minor,minor,E♭,E-flat Minor,"E-flat Minor Piano Chord (E♭m): Notes, Inversions & PDF",E-flat Minor Piano Chord,"Find the e-flat minor chord on piano: E♭, G♭, B♭. See keyboard positions, compare three inversions, hear the notes and print a reference.",true,"index,follow",https://pianogrid.com/chords/e-flat-minor,,,,GENERATED_WITHOUT_ORIGINAL_KEYWORD_MAPPING,e-flat minor chord piano,,NO_DATA,true,true,/chords → Minor → E-flat Minor,2,KEEP_REFERENCE,Later taxonomy/product-completion detail. Keep as chord-library reference until keyword check. Detail Title/H1 not changed in this round.
/chords/by-key,tool,support,,,Piano Chords by Key,Piano Chords by Key: Triads & Seventh Chords | PianoGrid,Piano Chords by Key,"Compare triads and seventh chords in the available keys. Read Roman numerals and chord notes, and distinguish natural-minor from altered options.",true,"index,follow",https://pianogrid.com/chords/by-key,/chords/by-key,chords of key,1900,ORIGINAL_URL_PLAN,chords of key,1900,ORIGINAL_PLAN,false,true,Header Chords → Explore → Piano Chords by Key,1,KEEP_SEO,
/chords/finder,tool,support,,,Piano Chord Finder,Piano Chord Finder: Identify Chords from Notes | PianoGrid,Piano Chord Finder,"Select piano notes to find possible chord names. Compare bass notes and alternative spellings, and see when your notes fall outside the supported library.",true,"index,follow",https://pianogrid.com/chords/finder,/chords/finder,chord finder piano,1300,ORIGINAL_URL_PLAN,chord finder piano,1300,ORIGINAL_PLAN,false,true,Header Chords → Explore → Piano Chord Finder,1,KEEP_SEO,
/chord-progressions,tool,support,,,Piano Chord Progressions,Piano Chord Progressions: Patterns & Practice | PianoGrid,Piano Chord Progressions,"Explore piano chord progressions, read Roman numerals and chord notes, and compare the available key examples before practicing each change.",true,"index,follow",https://pianogrid.com/chord-progressions,/chord-progressions,piano chord progressions,1600,ORIGINAL_URL_PLAN,piano chord progressions,1600,ORIGINAL_PLAN,false,true,Header Chords → Explore → Piano Chord Progressions,1,KEEP_SEO,
