url,family,chord_name,candidate_keyword_1,candidate_keyword_2,candidate_keyword_3,current_title,current_h1,original_mapping,volume_us,status
/chords/seventh,Seventh,Seventh Piano Chords,7th chords,seventh chords,piano 7th chords,"Seventh Piano Chords: 7, Maj7, Min7 & Half-Diminished",Seventh Piano Chords,GENERATED_WITHOUT_ORIGINAL_KEYWORD_MAPPING,,NEEDS_KEYWORD_REVIEW
/chords/c-add9,Add9,C add9,cadd9 chord,c add9 chord,cadd9 piano chord,"Cadd9 Piano Chord: Notes, Voicings & Practice | PianoGrid",Cadd9 Piano Chord,GENERATED_WITHOUT_ORIGINAL_KEYWORD_MAPPING,,UNVERIFIED_DETAIL
/chords/d-flat-add9,Add9,D-flat add9,dbadd9 chord,d flat add9 chord,dbadd9 piano chord,"D♭add9 Piano Chord: Notes, Voicings & Practice | PianoGrid",D♭add9 Piano Chord,GENERATED_WITHOUT_ORIGINAL_KEYWORD_MAPPING,,UNVERIFIED_DETAIL
/chords/d-add9,Add9,D add9,dadd9 chord,d add9 chord,dadd9 piano chord,"Dadd9 Piano Chord: Notes, Voicings & Practice | PianoGrid",Dadd9 Piano Chord,GENERATED_WITHOUT_ORIGINAL_KEYWORD_MAPPING,,UNVERIFIED_DETAIL
/chords/e-flat-add9,Add9,E-flat add9,ebadd9 chord,e flat add9 chord,ebadd9 piano chord,"E♭add9 Piano Chord: Notes, Voicings & Practice | PianoGrid",E♭add9 Piano Chord,GENERATED_WITHOUT_ORIGINAL_KEYWORD_MAPPING,,UNVERIFIED_DETAIL
/chords/e-add9,Add9,E add9,eadd9 chord,e add9 chord,eadd9 piano chord,"Eadd9 Piano Chord: Notes, Voicings & Practice | PianoGrid",Eadd9 Piano Chord,GENERATED_WITHOUT_ORIGINAL_KEYWORD_MAPPING,,UNVERIFIED_DETAIL
/chords/f-add9,Add9,F add9,fadd9 chord,f add9 chord,fadd9 piano chord,"Fadd9 Piano Chord: Notes, Voicings & Practice | PianoGrid",Fadd9 Piano Chord,GENERATED_WITHOUT_ORIGINAL_KEYWORD_MAPPING,,UNVERIFIED_DETAIL
/chords/f-sharp-add9,Add9,F-sharp add9,f#add9 chord,f sharp add9 chord,f#add9 piano chord,"F♯add9 Piano Chord: Notes, Voicings & Practice | PianoGrid",F♯add9 Piano Chord,GENERATED_WITHOUT_ORIGINAL_KEYWORD_MAPPING,,UNVERIFIED_DETAIL
/chords/g-add9,Add9,G add9,gadd9 chord,g add9 chord,gadd9 piano chord,"Gadd9 Piano Chord: Notes, Voicings & Practice | PianoGrid",Gadd9 Piano Chord,GENERATED_WITHOUT_ORIGINAL_KEYWORD_MAPPING,,UNVERIFIED_DETAIL
/chords/a-flat-add9,Add9,A-flat add9,abadd9 chord,a flat add9 chord,abadd9 piano chord,"A♭add9 Piano Chord: Notes, Voicings & Practice | PianoGrid",A♭add9 Piano Chord,GENERATED_WITHOUT_ORIGINAL_KEYWORD_MAPPING,,UNVERIFIED_DETAIL
/chords/a-add9,Add9,A add9,aadd9 chord,a add9 chord,aadd9 piano chord,"Aadd9 Piano Chord: Notes, Voicings & Practice | PianoGrid",Aadd9 Piano Chord,GENERATED_WITHOUT_ORIGINAL_KEYWORD_MAPPING,,UNVERIFIED_DETAIL
/chords/b-flat-add9,Add9,B-flat add9,bbadd9 chord,b flat add9 chord,bbadd9 piano chord,"B♭add9 Piano Chord: Notes, Voicings & Practice | PianoGrid",B♭add9 Piano Chord,GENERATED_WITHOUT_ORIGINAL_KEYWORD_MAPPING,,UNVERIFIED_DETAIL
/chords/b-add9,Add9,B add9,badd9 chord,b add9 chord,badd9 piano chord,"Badd9 Piano Chord: Notes, Voicings & Practice | PianoGrid",Badd9 Piano Chord,GENERATED_WITHOUT_ORIGINAL_KEYWORD_MAPPING,,UNVERIFIED_DETAIL
/chords/c-madd9,Minor Add9,C minor add9,cm(add9) chord,c minor add9 chord,cm(add9) piano chord,"Cm(add9) Piano Chord: Notes, Voicings & Practice | PianoGrid",Cm(add9) Piano Chord,GENERATED_WITHOUT_ORIGINAL_KEYWORD_MAPPING,,UNVERIFIED_DETAIL
/chords/d-flat-madd9,Minor Add9,D-flat minor add9,dbm(add9) chord,d flat minor add9 chord,dbm(add9) piano chord,"D♭m(add9) Piano Chord: Notes, Voicings & Practice | PianoGrid",D♭m(add9) Piano Chord,GENERATED_WITHOUT_ORIGINAL_KEYWORD_MAPPING,,UNVERIFIED_DETAIL
/chords/d-madd9,Minor Add9,D minor add9,dm(add9) chord,d minor add9 chord,dm(add9) piano chord,"Dm(add9) Piano Chord: Notes, Voicings & Practice | PianoGrid",Dm(add9) Piano Chord,GENERATED_WITHOUT_ORIGINAL_KEYWORD_MAPPING,,UNVERIFIED_DETAIL
/chords/e-flat-madd9,Minor Add9,E-flat minor add9,ebm(add9) chord,e flat minor add9 chord,ebm(add9) piano chord,"E♭m(add9) Piano Chord: Notes, Voicings & Practice | PianoGrid",E♭m(add9) Piano Chord,GENERATED_WITHOUT_ORIGINAL_KEYWORD_MAPPING,,UNVERIFIED_DETAIL
/chords/e-madd9,Minor Add9,E minor add9,em(add9) chord,e minor add9 chord,em(add9) piano chord,"Em(add9) Piano Chord: Notes, Voicings & Practice | PianoGrid",Em(add9) Piano Chord,GENERATED_WITHOUT_ORIGINAL_KEYWORD_MAPPING,,UNVERIFIED_DETAIL
/chords/f-madd9,Minor Add9,F minor add9,fm(add9) chord,f minor add9 chord,fm(add9) piano chord,"Fm(add9) Piano Chord: Notes, Voicings & Practice | PianoGrid",Fm(add9) Piano Chord,GENERATED_WITHOUT_ORIGINAL_KEYWORD_MAPPING,,UNVERIFIED_DETAIL
/chords/f-sharp-madd9,Minor Add9,F-sharp minor add9,f#m(add9) chord,f sharp minor add9 chord,f#m(add9) piano chord,"F♯m(add9) Piano Chord: Notes, Voicings & Practice | PianoGrid",F♯m(add9) Piano Chord,GENERATED_WITHOUT_ORIGINAL_KEYWORD_MAPPING,,UNVERIFIED_DETAIL
/chords/g-madd9,Minor Add9,G minor add9,gm(add9) chord,g minor add9 chord,gm(add9) piano chord,"Gm(add9) Piano Chord: Notes, Voicings & Practice | PianoGrid",Gm(add9) Piano Chord,GENERATED_WITHOUT_ORIGINAL_KEYWORD_MAPPING,,UNVERIFIED_DETAIL
/chords/a-flat-madd9,Minor Add9,A-flat minor add9,abm(add9) chord,a flat minor add9 chord,abm(add9) piano chord,"A♭m(add9) Piano Chord: Notes, Voicings & Practice | PianoGrid",A♭m(add9) Piano Chord,GENERATED_WITHOUT_ORIGINAL_KEYWORD_MAPPING,,UNVERIFIED_DETAIL
/chords/a-madd9,Minor Add9,A minor add9,am(add9) chord,a minor add9 chord,am(add9) piano chord,"Am(add9) Piano Chord: Notes, Voicings & Practice | PianoGrid",Am(add9) Piano Chord,GENERATED_WITHOUT_ORIGINAL_KEYWORD_MAPPING,,UNVERIFIED_DETAIL
/chords/b-flat-madd9,Minor Add9,B-flat minor add9,bbm(add9) chord,b flat minor add9 chord,bbm(add9) piano chord,"B♭m(add9) Piano Chord: Notes, Voicings & Practice | PianoGrid",B♭m(add9) Piano Chord,GENERATED_WITHOUT_ORIGINAL_KEYWORD_MAPPING,,UNVERIFIED_DETAIL
/chords/b-madd9,Minor Add9,B minor add9,bm(add9) chord,b minor add9 chord,bm(add9) piano chord,"Bm(add9) Piano Chord: Notes, Voicings & Practice | PianoGrid",Bm(add9) Piano Chord,GENERATED_WITHOUT_ORIGINAL_KEYWORD_MAPPING,,UNVERIFIED_DETAIL
/chords/a-7,Dominant 7,A Dominant Seventh,a7 chord,a7 piano chord,a dominant 7 chord,A Dominant Seventh Piano Chord (A7): Notes & Inversions,A Dominant Seventh Piano Chord,GENERATED_WITHOUT_ORIGINAL_KEYWORD_MAPPING,,UNVERIFIED_DETAIL
/chords/a-flat-7,Dominant 7,A♭ Dominant Seventh,ab7 chord,ab7 piano chord,a flat dominant 7 chord,A♭ Dominant Seventh Piano Chord (A♭7): Notes & Inversions,A♭ Dominant Seventh Piano Chord,GENERATED_WITHOUT_ORIGINAL_KEYWORD_MAPPING,,UNVERIFIED_DETAIL
/chords/a-flat-m7,Minor 7,A♭ Minor Seventh,abm7 chord,a flat minor 7 chord,a flat minor 7 piano chord,A♭ Minor Seventh Piano Chord (A♭m7): Notes & Inversions,A♭ Minor Seventh Piano Chord,GENERATED_WITHOUT_ORIGINAL_KEYWORD_MAPPING,,UNVERIFIED_DETAIL
/chords/a-flat-m7-flat5,Half-diminished 7,A♭ Half-Diminished Seventh,abm7b5 chord,a flat half diminished chord,a flat half diminished 7 piano chord,A♭ Half-Diminished Seventh Piano Chord (A♭m7♭5): Notes & Inversions,A♭ Half-Diminished Seventh Piano Chord,GENERATED_WITHOUT_ORIGINAL_KEYWORD_MAPPING,,UNVERIFIED_DETAIL
/chords/a-flat-maj7,Major 7,A♭ Major Seventh,abmaj7 chord,a flat major 7 chord,a flat major 7 piano chord,A♭ Major Seventh Piano Chord (A♭maj7): Notes & Inversions,A♭ Major Seventh Piano Chord,GENERATED_WITHOUT_ORIGINAL_KEYWORD_MAPPING,,UNVERIFIED_DETAIL
/chords/a-m7,Minor 7,A Minor Seventh,am7 chord,a minor 7 chord,a minor 7 piano chord,A Minor Seventh Piano Chord (Am7): Notes & Inversions,A Minor Seventh Piano Chord,GENERATED_WITHOUT_ORIGINAL_KEYWORD_MAPPING,,UNVERIFIED_DETAIL
/chords/a-m7-flat5,Half-diminished 7,A Half-Diminished Seventh,am7b5 chord,a half diminished chord,a half diminished 7 piano chord,A Half-Diminished Seventh Piano Chord (Am7♭5): Notes & Inversions,A Half-Diminished Seventh Piano Chord,GENERATED_WITHOUT_ORIGINAL_KEYWORD_MAPPING,,UNVERIFIED_DETAIL
/chords/a-maj7,Major 7,A Major Seventh,amaj7 chord,a major 7 chord,a major 7 piano chord,A Major Seventh Piano Chord (Amaj7): Notes & Inversions,A Major Seventh Piano Chord,GENERATED_WITHOUT_ORIGINAL_KEYWORD_MAPPING,,UNVERIFIED_DETAIL
/chords/b-7,Dominant 7,B Dominant Seventh,b7 chord,b7 piano chord,b dominant 7 chord,B Dominant Seventh Piano Chord (B7): Notes & Inversions,B Dominant Seventh Piano Chord,GENERATED_WITHOUT_ORIGINAL_KEYWORD_MAPPING,,UNVERIFIED_DETAIL
/chords/b-flat-7,Dominant 7,B♭ Dominant Seventh,bb7 chord,bb7 piano chord,b flat dominant 7 chord,B♭ Dominant Seventh Piano Chord (B♭7): Notes & Inversions,B♭ Dominant Seventh Piano Chord,GENERATED_WITHOUT_ORIGINAL_KEYWORD_MAPPING,,UNVERIFIED_DETAIL
/chords/b-flat-m7,Minor 7,B♭ Minor Seventh,bbm7 chord,b flat minor 7 chord,b flat minor 7 piano chord,B♭ Minor Seventh Piano Chord (B♭m7): Notes & Inversions,B♭ Minor Seventh Piano Chord,GENERATED_WITHOUT_ORIGINAL_KEYWORD_MAPPING,,UNVERIFIED_DETAIL
/chords/b-flat-m7-flat5,Half-diminished 7,B♭ Half-Diminished Seventh,bbm7b5 chord,b flat half diminished chord,b flat half diminished 7 piano chord,B♭ Half-Diminished Seventh Piano Chord (B♭m7♭5): Notes & Inversions,B♭ Half-Diminished Seventh Piano Chord,GENERATED_WITHOUT_ORIGINAL_KEYWORD_MAPPING,,UNVERIFIED_DETAIL
/chords/b-flat-maj7,Major 7,B♭ Major Seventh,bbmaj7 chord,b flat major 7 chord,b flat major 7 piano chord,B♭ Major Seventh Piano Chord (B♭maj7): Notes & Inversions,B♭ Major Seventh Piano Chord,GENERATED_WITHOUT_ORIGINAL_KEYWORD_MAPPING,,UNVERIFIED_DETAIL
/chords/b-m7,Minor 7,B Minor Seventh,bm7 chord,b minor 7 chord,b minor 7 piano chord,B Minor Seventh Piano Chord (Bm7): Notes & Inversions,B Minor Seventh Piano Chord,GENERATED_WITHOUT_ORIGINAL_KEYWORD_MAPPING,,UNVERIFIED_DETAIL
/chords/b-m7-flat5,Half-diminished 7,B Half-Diminished Seventh,bm7b5 chord,b half diminished chord,b half diminished 7 piano chord,B Half-Diminished Seventh Piano Chord (Bm7♭5): Notes & Inversions,B Half-Diminished Seventh Piano Chord,GENERATED_WITHOUT_ORIGINAL_KEYWORD_MAPPING,,UNVERIFIED_DETAIL
/chords/b-maj7,Major 7,B Major Seventh,bmaj7 chord,b major 7 chord,b major 7 piano chord,B Major Seventh Piano Chord (Bmaj7): Notes & Inversions,B Major Seventh Piano Chord,GENERATED_WITHOUT_ORIGINAL_KEYWORD_MAPPING,,UNVERIFIED_DETAIL
/chords/c-7,Dominant 7,C Dominant Seventh,c7 chord,c7 piano chord,c dominant 7 chord,C Dominant Seventh Piano Chord (C7): Notes & Inversions,C Dominant Seventh Piano Chord,GENERATED_WITHOUT_ORIGINAL_KEYWORD_MAPPING,,UNVERIFIED_DETAIL
/chords/c-m7,Minor 7,C Minor Seventh,cm7 chord,c minor 7 chord,c minor 7 piano chord,C Minor Seventh Piano Chord (Cm7): Notes & Inversions,C Minor Seventh Piano Chord,GENERATED_WITHOUT_ORIGINAL_KEYWORD_MAPPING,,UNVERIFIED_DETAIL
/chords/c-m7-flat5,Half-diminished 7,C Half-Diminished Seventh,cm7b5 chord,c half diminished chord,c half diminished 7 piano chord,C Half-Diminished Seventh Piano Chord (Cm7♭5): Notes & Inversions,C Half-Diminished Seventh Piano Chord,GENERATED_WITHOUT_ORIGINAL_KEYWORD_MAPPING,,UNVERIFIED_DETAIL
/chords/c-maj7,Major 7,C Major Seventh,cmaj7 chord,c major 7 chord,c major 7 piano chord,C Major Seventh Piano Chord (Cmaj7): Notes & Inversions,C Major Seventh Piano Chord,GENERATED_WITHOUT_ORIGINAL_KEYWORD_MAPPING,,UNVERIFIED_DETAIL
/chords/d-7,Dominant 7,D Dominant Seventh,d7 chord,d7 piano chord,d dominant 7 chord,D Dominant Seventh Piano Chord (D7): Notes & Inversions,D Dominant Seventh Piano Chord,GENERATED_WITHOUT_ORIGINAL_KEYWORD_MAPPING,,UNVERIFIED_DETAIL
/chords/d-flat-7,Dominant 7,D♭ Dominant Seventh,db7 chord,db7 piano chord,d flat dominant 7 chord,D♭ Dominant Seventh Piano Chord (D♭7): Notes & Inversions,D♭ Dominant Seventh Piano Chord,GENERATED_WITHOUT_ORIGINAL_KEYWORD_MAPPING,,UNVERIFIED_DETAIL
/chords/d-flat-m7,Minor 7,D♭ Minor Seventh,dbm7 chord,d flat minor 7 chord,d flat minor 7 piano chord,D♭ Minor Seventh Piano Chord (D♭m7): Notes & Inversions,D♭ Minor Seventh Piano Chord,GENERATED_WITHOUT_ORIGINAL_KEYWORD_MAPPING,,UNVERIFIED_DETAIL
/chords/d-flat-m7-flat5,Half-diminished 7,D♭ Half-Diminished Seventh,dbm7b5 chord,d flat half diminished chord,d flat half diminished 7 piano chord,D♭ Half-Diminished Seventh Piano Chord (D♭m7♭5): Notes & Inversions,D♭ Half-Diminished Seventh Piano Chord,GENERATED_WITHOUT_ORIGINAL_KEYWORD_MAPPING,,UNVERIFIED_DETAIL
/chords/d-flat-maj7,Major 7,D♭ Major Seventh,dbmaj7 chord,d flat major 7 chord,d flat major 7 piano chord,D♭ Major Seventh Piano Chord (D♭maj7): Notes & Inversions,D♭ Major Seventh Piano Chord,GENERATED_WITHOUT_ORIGINAL_KEYWORD_MAPPING,,UNVERIFIED_DETAIL
/chords/d-m7,Minor 7,D Minor Seventh,dm7 chord,d minor 7 chord,d minor 7 piano chord,D Minor Seventh Piano Chord (Dm7): Notes & Inversions,D Minor Seventh Piano Chord,GENERATED_WITHOUT_ORIGINAL_KEYWORD_MAPPING,,UNVERIFIED_DETAIL
/chords/d-m7-flat5,Half-diminished 7,D Half-Diminished Seventh,dm7b5 chord,d half diminished chord,d half diminished 7 piano chord,D Half-Diminished Seventh Piano Chord (Dm7♭5): Notes & Inversions,D Half-Diminished Seventh Piano Chord,GENERATED_WITHOUT_ORIGINAL_KEYWORD_MAPPING,,UNVERIFIED_DETAIL
/chords/d-maj7,Major 7,D Major Seventh,dmaj7 chord,d major 7 chord,d major 7 piano chord,D Major Seventh Piano Chord (Dmaj7): Notes & Inversions,D Major Seventh Piano Chord,GENERATED_WITHOUT_ORIGINAL_KEYWORD_MAPPING,,UNVERIFIED_DETAIL
/chords/e-7,Dominant 7,E Dominant Seventh,e7 chord,e7 piano chord,e dominant 7 chord,E Dominant Seventh Piano Chord (E7): Notes & Inversions,E Dominant Seventh Piano Chord,GENERATED_WITHOUT_ORIGINAL_KEYWORD_MAPPING,,UNVERIFIED_DETAIL
/chords/e-flat-7,Dominant 7,E♭ Dominant Seventh,eb7 chord,eb7 piano chord,e flat dominant 7 chord,E♭ Dominant Seventh Piano Chord (E♭7): Notes & Inversions,E♭ Dominant Seventh Piano Chord,GENERATED_WITHOUT_ORIGINAL_KEYWORD_MAPPING,,UNVERIFIED_DETAIL
/chords/e-flat-m7,Minor 7,E♭ Minor Seventh,ebm7 chord,e flat minor 7 chord,e flat minor 7 piano chord,E♭ Minor Seventh Piano Chord (E♭m7): Notes & Inversions,E♭ Minor Seventh Piano Chord,GENERATED_WITHOUT_ORIGINAL_KEYWORD_MAPPING,,UNVERIFIED_DETAIL
/chords/e-flat-m7-flat5,Half-diminished 7,E♭ Half-Diminished Seventh,ebm7b5 chord,e flat half diminished chord,e flat half diminished 7 piano chord,E♭ Half-Diminished Seventh Piano Chord (E♭m7♭5): Notes & Inversions,E♭ Half-Diminished Seventh Piano Chord,GENERATED_WITHOUT_ORIGINAL_KEYWORD_MAPPING,,UNVERIFIED_DETAIL
/chords/e-flat-maj7,Major 7,E♭ Major Seventh,ebmaj7 chord,e flat major 7 chord,e flat major 7 piano chord,E♭ Major Seventh Piano Chord (E♭maj7): Notes & Inversions,E♭ Major Seventh Piano Chord,GENERATED_WITHOUT_ORIGINAL_KEYWORD_MAPPING,,UNVERIFIED_DETAIL
/chords/e-m7,Minor 7,E Minor Seventh,em7 chord,e minor 7 chord,e minor 7 piano chord,E Minor Seventh Piano Chord (Em7): Notes & Inversions,E Minor Seventh Piano Chord,GENERATED_WITHOUT_ORIGINAL_KEYWORD_MAPPING,,UNVERIFIED_DETAIL
/chords/e-m7-flat5,Half-diminished 7,E Half-Diminished Seventh,em7b5 chord,e half diminished chord,e half diminished 7 piano chord,E Half-Diminished Seventh Piano Chord (Em7♭5): Notes & Inversions,E Half-Diminished Seventh Piano Chord,GENERATED_WITHOUT_ORIGINAL_KEYWORD_MAPPING,,UNVERIFIED_DETAIL
/chords/e-maj7,Major 7,E Major Seventh,emaj7 chord,e major 7 chord,e major 7 piano chord,E Major Seventh Piano Chord (Emaj7): Notes & Inversions,E Major Seventh Piano Chord,GENERATED_WITHOUT_ORIGINAL_KEYWORD_MAPPING,,UNVERIFIED_DETAIL
/chords/f-7,Dominant 7,F Dominant Seventh,f7 chord,f7 piano chord,f dominant 7 chord,F Dominant Seventh Piano Chord (F7): Notes & Inversions,F Dominant Seventh Piano Chord,GENERATED_WITHOUT_ORIGINAL_KEYWORD_MAPPING,,UNVERIFIED_DETAIL
/chords/f-m7,Minor 7,F Minor Seventh,fm7 chord,f minor 7 chord,f minor 7 piano chord,F Minor Seventh Piano Chord (Fm7): Notes & Inversions,F Minor Seventh Piano Chord,GENERATED_WITHOUT_ORIGINAL_KEYWORD_MAPPING,,UNVERIFIED_DETAIL
/chords/f-m7-flat5,Half-diminished 7,F Half-Diminished Seventh,fm7b5 chord,f half diminished chord,f half diminished 7 piano chord,F Half-Diminished Seventh Piano Chord (Fm7♭5): Notes & Inversions,F Half-Diminished Seventh Piano Chord,GENERATED_WITHOUT_ORIGINAL_KEYWORD_MAPPING,,UNVERIFIED_DETAIL
/chords/f-maj7,Major 7,F Major Seventh,fmaj7 chord,f major 7 chord,f major 7 piano chord,F Major Seventh Piano Chord (Fmaj7): Notes & Inversions,F Major Seventh Piano Chord,GENERATED_WITHOUT_ORIGINAL_KEYWORD_MAPPING,,UNVERIFIED_DETAIL
/chords/f-sharp-7,Dominant 7,F♯ Dominant Seventh,f#7 chord,f#7 piano chord,f sharp dominant 7 chord,F♯ Dominant Seventh Piano Chord (F♯7): Notes & Inversions,F♯ Dominant Seventh Piano Chord,GENERATED_WITHOUT_ORIGINAL_KEYWORD_MAPPING,,UNVERIFIED_DETAIL
/chords/f-sharp-m7,Minor 7,F♯ Minor Seventh,f#m7 chord,f sharp minor 7 chord,f sharp minor 7 piano chord,F♯ Minor Seventh Piano Chord (F♯m7): Notes & Inversions,F♯ Minor Seventh Piano Chord,GENERATED_WITHOUT_ORIGINAL_KEYWORD_MAPPING,,UNVERIFIED_DETAIL
/chords/f-sharp-m7-flat5,Half-diminished 7,F♯ Half-Diminished Seventh,f#m7b5 chord,f sharp half diminished chord,f sharp half diminished 7 piano chord,F♯ Half-Diminished Seventh Piano Chord (F♯m7♭5): Notes & Inversions,F♯ Half-Diminished Seventh Piano Chord,GENERATED_WITHOUT_ORIGINAL_KEYWORD_MAPPING,,UNVERIFIED_DETAIL
/chords/f-sharp-maj7,Major 7,F♯ Major Seventh,f#maj7 chord,f sharp major 7 chord,f sharp major 7 piano chord,F♯ Major Seventh Piano Chord (F♯maj7): Notes & Inversions,F♯ Major Seventh Piano Chord,GENERATED_WITHOUT_ORIGINAL_KEYWORD_MAPPING,,UNVERIFIED_DETAIL
/chords/g-7,Dominant 7,G Dominant Seventh,g7 chord,g7 piano chord,g dominant 7 chord,G Dominant Seventh Piano Chord (G7): Notes & Inversions,G Dominant Seventh Piano Chord,GENERATED_WITHOUT_ORIGINAL_KEYWORD_MAPPING,,UNVERIFIED_DETAIL
/chords/g-m7,Minor 7,G Minor Seventh,gm7 chord,g minor 7 chord,g minor 7 piano chord,G Minor Seventh Piano Chord (Gm7): Notes & Inversions,G Minor Seventh Piano Chord,GENERATED_WITHOUT_ORIGINAL_KEYWORD_MAPPING,,UNVERIFIED_DETAIL
/chords/g-m7-flat5,Half-diminished 7,G Half-Diminished Seventh,gm7b5 chord,g half diminished chord,g half diminished 7 piano chord,G Half-Diminished Seventh Piano Chord (Gm7♭5): Notes & Inversions,G Half-Diminished Seventh Piano Chord,GENERATED_WITHOUT_ORIGINAL_KEYWORD_MAPPING,,UNVERIFIED_DETAIL
/chords/g-maj7,Major 7,G Major Seventh,gmaj7 chord,g major 7 chord,g major 7 piano chord,G Major Seventh Piano Chord (Gmaj7): Notes & Inversions,G Major Seventh Piano Chord,GENERATED_WITHOUT_ORIGINAL_KEYWORD_MAPPING,,UNVERIFIED_DETAIL
/chords/a-augmented,Augmented,A Augmented,a augmented chord,a augmented piano chord,aaug piano chord,A Augmented Piano Chord (Aaug): Notes & Inversions | PianoGrid,A Augmented Piano Chord,GENERATED_WITHOUT_ORIGINAL_KEYWORD_MAPPING,,UNVERIFIED_DETAIL
/chords/a-diminished,Diminished,A Diminished,a diminished chord,a diminished piano chord,adim piano chord,A Diminished Piano Chord (Adim): Notes & Inversions | PianoGrid,A Diminished Piano Chord,GENERATED_WITHOUT_ORIGINAL_KEYWORD_MAPPING,,UNVERIFIED_DETAIL
/chords/a-flat-augmented,Augmented,A♭ Augmented,a flat augmented chord,ab augmented chord,a flat augmented piano chord,A♭ Augmented Piano Chord (A♭aug): Notes & Inversions | PianoGrid,A♭ Augmented Piano Chord,GENERATED_WITHOUT_ORIGINAL_KEYWORD_MAPPING,,UNVERIFIED_DETAIL
/chords/a-flat-diminished,Diminished,A♭ Diminished,a flat diminished chord,ab diminished chord,a flat diminished piano chord,A♭ Diminished Piano Chord (A♭dim): Notes & Inversions,A♭ Diminished Piano Chord,GENERATED_WITHOUT_ORIGINAL_KEYWORD_MAPPING,,UNVERIFIED_DETAIL
/chords/a-flat-sus2,Sus2,A♭ Suspended 2nd,absus2 chord,a flat sus2 chord,a flat sus2 piano chord,A♭ Suspended 2nd Piano Chord (A♭sus2): Notes & Inversions,A♭ Suspended 2nd Piano Chord,GENERATED_WITHOUT_ORIGINAL_KEYWORD_MAPPING,,UNVERIFIED_DETAIL
/chords/a-flat-sus4,Sus4,A♭ Suspended 4th,absus4 chord,a flat sus4 chord,a flat sus4 piano chord,A♭ Suspended 4th Piano Chord (A♭sus4): Notes & Inversions,A♭ Suspended 4th Piano Chord,GENERATED_WITHOUT_ORIGINAL_KEYWORD_MAPPING,,UNVERIFIED_DETAIL
/chords/a-sus2,Sus2,A Suspended 2nd,asus2 chord,a sus2 chord,a sus2 piano chord,A Suspended 2nd Piano Chord (Asus2): Notes & Inversions,A Suspended 2nd Piano Chord,GENERATED_WITHOUT_ORIGINAL_KEYWORD_MAPPING,,UNVERIFIED_DETAIL
/chords/a-sus4,Sus4,A Suspended 4th,asus4 chord,a sus4 chord,a sus4 piano chord,A Suspended 4th Piano Chord (Asus4): Notes & Inversions,A Suspended 4th Piano Chord,GENERATED_WITHOUT_ORIGINAL_KEYWORD_MAPPING,,UNVERIFIED_DETAIL
/chords/b-augmented,Augmented,B Augmented,b augmented chord,b augmented piano chord,baug piano chord,B Augmented Piano Chord (Baug): Notes & Inversions | PianoGrid,B Augmented Piano Chord,GENERATED_WITHOUT_ORIGINAL_KEYWORD_MAPPING,,UNVERIFIED_DETAIL
/chords/b-diminished,Diminished,B Diminished,b diminished chord,b diminished piano chord,bdim piano chord,B Diminished Piano Chord (Bdim): Notes & Inversions | PianoGrid,B Diminished Piano Chord,GENERATED_WITHOUT_ORIGINAL_KEYWORD_MAPPING,,UNVERIFIED_DETAIL
/chords/b-flat-augmented,Augmented,B♭ Augmented,b flat augmented chord,bb augmented chord,b flat augmented piano chord,B♭ Augmented Piano Chord (B♭aug): Notes & Inversions | PianoGrid,B♭ Augmented Piano Chord,GENERATED_WITHOUT_ORIGINAL_KEYWORD_MAPPING,,UNVERIFIED_DETAIL
/chords/b-flat-diminished,Diminished,B♭ Diminished,b flat diminished chord,bb diminished chord,b flat diminished piano chord,B♭ Diminished Piano Chord (B♭dim): Notes & Inversions,B♭ Diminished Piano Chord,GENERATED_WITHOUT_ORIGINAL_KEYWORD_MAPPING,,UNVERIFIED_DETAIL
/chords/b-flat-sus2,Sus2,B♭ Suspended 2nd,bbsus2 chord,b flat sus2 chord,b flat sus2 piano chord,B♭ Suspended 2nd Piano Chord (B♭sus2): Notes & Inversions,B♭ Suspended 2nd Piano Chord,GENERATED_WITHOUT_ORIGINAL_KEYWORD_MAPPING,,UNVERIFIED_DETAIL
/chords/b-flat-sus4,Sus4,B♭ Suspended 4th,bbsus4 chord,b flat sus4 chord,b flat sus4 piano chord,B♭ Suspended 4th Piano Chord (B♭sus4): Notes & Inversions,B♭ Suspended 4th Piano Chord,GENERATED_WITHOUT_ORIGINAL_KEYWORD_MAPPING,,UNVERIFIED_DETAIL
/chords/b-sus2,Sus2,B Suspended 2nd,bsus2 chord,b sus2 chord,b sus2 piano chord,B Suspended 2nd Piano Chord (Bsus2): Notes & Inversions,B Suspended 2nd Piano Chord,GENERATED_WITHOUT_ORIGINAL_KEYWORD_MAPPING,,UNVERIFIED_DETAIL
/chords/b-sus4,Sus4,B Suspended 4th,bsus4 chord,b sus4 chord,b sus4 piano chord,B Suspended 4th Piano Chord (Bsus4): Notes & Inversions,B Suspended 4th Piano Chord,GENERATED_WITHOUT_ORIGINAL_KEYWORD_MAPPING,,UNVERIFIED_DETAIL
/chords/c-augmented,Augmented,C Augmented,c augmented chord,c augmented piano chord,caug piano chord,C Augmented Piano Chord (Caug): Notes & Inversions | PianoGrid,C Augmented Piano Chord,GENERATED_WITHOUT_ORIGINAL_KEYWORD_MAPPING,,UNVERIFIED_DETAIL
/chords/c-diminished,Diminished,C Diminished,c diminished chord,c diminished piano chord,cdim piano chord,C Diminished Piano Chord (Cdim): Notes & Inversions | PianoGrid,C Diminished Piano Chord,GENERATED_WITHOUT_ORIGINAL_KEYWORD_MAPPING,,UNVERIFIED_DETAIL
/chords/c-sus2,Sus2,C Suspended 2nd,csus2 chord,c sus2 chord,c sus2 piano chord,C Suspended 2nd Piano Chord (Csus2): Notes & Inversions,C Suspended 2nd Piano Chord,GENERATED_WITHOUT_ORIGINAL_KEYWORD_MAPPING,,UNVERIFIED_DETAIL
/chords/c-sus4,Sus4,C Suspended 4th,csus4 chord,c sus4 chord,c sus4 piano chord,C Suspended 4th Piano Chord (Csus4): Notes & Inversions,C Suspended 4th Piano Chord,GENERATED_WITHOUT_ORIGINAL_KEYWORD_MAPPING,,UNVERIFIED_DETAIL
/chords/d-augmented,Augmented,D Augmented,d augmented chord,d augmented piano chord,daug piano chord,D Augmented Piano Chord (Daug): Notes & Inversions | PianoGrid,D Augmented Piano Chord,GENERATED_WITHOUT_ORIGINAL_KEYWORD_MAPPING,,UNVERIFIED_DETAIL
/chords/d-diminished,Diminished,D Diminished,d diminished chord,d diminished piano chord,ddim piano chord,D Diminished Piano Chord (Ddim): Notes & Inversions | PianoGrid,D Diminished Piano Chord,GENERATED_WITHOUT_ORIGINAL_KEYWORD_MAPPING,,UNVERIFIED_DETAIL
/chords/d-flat-augmented,Augmented,D♭ Augmented,d flat augmented chord,db augmented chord,d flat augmented piano chord,D♭ Augmented Piano Chord (D♭aug): Notes & Inversions | PianoGrid,D♭ Augmented Piano Chord,GENERATED_WITHOUT_ORIGINAL_KEYWORD_MAPPING,,UNVERIFIED_DETAIL
/chords/d-flat-diminished,Diminished,D♭ Diminished,d flat diminished chord,db diminished chord,d flat diminished piano chord,D♭ Diminished Piano Chord (D♭dim): Notes & Inversions,D♭ Diminished Piano Chord,GENERATED_WITHOUT_ORIGINAL_KEYWORD_MAPPING,,UNVERIFIED_DETAIL
/chords/d-flat-sus2,Sus2,D♭ Suspended 2nd,dbsus2 chord,d flat sus2 chord,d flat sus2 piano chord,D♭ Suspended 2nd Piano Chord (D♭sus2): Notes & Inversions,D♭ Suspended 2nd Piano Chord,GENERATED_WITHOUT_ORIGINAL_KEYWORD_MAPPING,,UNVERIFIED_DETAIL
/chords/d-flat-sus4,Sus4,D♭ Suspended 4th,dbsus4 chord,d flat sus4 chord,d flat sus4 piano chord,D♭ Suspended 4th Piano Chord (D♭sus4): Notes & Inversions,D♭ Suspended 4th Piano Chord,GENERATED_WITHOUT_ORIGINAL_KEYWORD_MAPPING,,UNVERIFIED_DETAIL
/chords/d-sus2,Sus2,D Suspended 2nd,dsus2 chord,d sus2 chord,d sus2 piano chord,D Suspended 2nd Piano Chord (Dsus2): Notes & Inversions,D Suspended 2nd Piano Chord,GENERATED_WITHOUT_ORIGINAL_KEYWORD_MAPPING,,UNVERIFIED_DETAIL
/chords/d-sus4,Sus4,D Suspended 4th,dsus4 chord,d sus4 chord,d sus4 piano chord,D Suspended 4th Piano Chord (Dsus4): Notes & Inversions,D Suspended 4th Piano Chord,GENERATED_WITHOUT_ORIGINAL_KEYWORD_MAPPING,,UNVERIFIED_DETAIL
/chords/e-augmented,Augmented,E Augmented,e augmented chord,e augmented piano chord,eaug piano chord,E Augmented Piano Chord (Eaug): Notes & Inversions | PianoGrid,E Augmented Piano Chord,GENERATED_WITHOUT_ORIGINAL_KEYWORD_MAPPING,,UNVERIFIED_DETAIL
/chords/e-diminished,Diminished,E Diminished,e diminished chord,e diminished piano chord,edim piano chord,E Diminished Piano Chord (Edim): Notes & Inversions | PianoGrid,E Diminished Piano Chord,GENERATED_WITHOUT_ORIGINAL_KEYWORD_MAPPING,,UNVERIFIED_DETAIL
/chords/e-flat-augmented,Augmented,E♭ Augmented,e flat augmented chord,eb augmented chord,e flat augmented piano chord,E♭ Augmented Piano Chord (E♭aug): Notes & Inversions | PianoGrid,E♭ Augmented Piano Chord,GENERATED_WITHOUT_ORIGINAL_KEYWORD_MAPPING,,UNVERIFIED_DETAIL
/chords/e-flat-diminished,Diminished,E♭ Diminished,e flat diminished chord,eb diminished chord,e flat diminished piano chord,E♭ Diminished Piano Chord (E♭dim): Notes & Inversions,E♭ Diminished Piano Chord,GENERATED_WITHOUT_ORIGINAL_KEYWORD_MAPPING,,UNVERIFIED_DETAIL
/chords/e-flat-sus2,Sus2,E♭ Suspended 2nd,ebsus2 chord,e flat sus2 chord,e flat sus2 piano chord,E♭ Suspended 2nd Piano Chord (E♭sus2): Notes & Inversions,E♭ Suspended 2nd Piano Chord,GENERATED_WITHOUT_ORIGINAL_KEYWORD_MAPPING,,UNVERIFIED_DETAIL
/chords/e-flat-sus4,Sus4,E♭ Suspended 4th,ebsus4 chord,e flat sus4 chord,e flat sus4 piano chord,E♭ Suspended 4th Piano Chord (E♭sus4): Notes & Inversions,E♭ Suspended 4th Piano Chord,GENERATED_WITHOUT_ORIGINAL_KEYWORD_MAPPING,,UNVERIFIED_DETAIL
/chords/e-sus2,Sus2,E Suspended 2nd,esus2 chord,e sus2 chord,e sus2 piano chord,E Suspended 2nd Piano Chord (Esus2): Notes & Inversions,E Suspended 2nd Piano Chord,GENERATED_WITHOUT_ORIGINAL_KEYWORD_MAPPING,,UNVERIFIED_DETAIL
/chords/e-sus4,Sus4,E Suspended 4th,esus4 chord,e sus4 chord,e sus4 piano chord,E Suspended 4th Piano Chord (Esus4): Notes & Inversions,E Suspended 4th Piano Chord,GENERATED_WITHOUT_ORIGINAL_KEYWORD_MAPPING,,UNVERIFIED_DETAIL
/chords/f-augmented,Augmented,F Augmented,f augmented chord,f augmented piano chord,faug piano chord,F Augmented Piano Chord (Faug): Notes & Inversions | PianoGrid,F Augmented Piano Chord,GENERATED_WITHOUT_ORIGINAL_KEYWORD_MAPPING,,UNVERIFIED_DETAIL
/chords/f-diminished,Diminished,F Diminished,f diminished chord,f diminished piano chord,fdim piano chord,F Diminished Piano Chord (Fdim): Notes & Inversions | PianoGrid,F Diminished Piano Chord,GENERATED_WITHOUT_ORIGINAL_KEYWORD_MAPPING,,UNVERIFIED_DETAIL
/chords/f-sharp-augmented,Augmented,F♯ Augmented,f sharp augmented chord,f# augmented chord,f sharp augmented piano chord,F♯ Augmented Piano Chord (F♯aug): Notes & Inversions | PianoGrid,F♯ Augmented Piano Chord,GENERATED_WITHOUT_ORIGINAL_KEYWORD_MAPPING,,UNVERIFIED_DETAIL
/chords/f-sharp-diminished,Diminished,F♯ Diminished,f sharp diminished chord,f# diminished chord,f sharp diminished piano chord,F♯ Diminished Piano Chord (F♯dim): Notes & Inversions,F♯ Diminished Piano Chord,GENERATED_WITHOUT_ORIGINAL_KEYWORD_MAPPING,,UNVERIFIED_DETAIL
/chords/f-sharp-sus2,Sus2,F♯ Suspended 2nd,f#sus2 chord,f sharp sus2 chord,f sharp sus2 piano chord,F♯ Suspended 2nd Piano Chord (F♯sus2): Notes & Inversions,F♯ Suspended 2nd Piano Chord,GENERATED_WITHOUT_ORIGINAL_KEYWORD_MAPPING,,UNVERIFIED_DETAIL
/chords/f-sharp-sus4,Sus4,F♯ Suspended 4th,f#sus4 chord,f sharp sus4 chord,f sharp sus4 piano chord,F♯ Suspended 4th Piano Chord (F♯sus4): Notes & Inversions,F♯ Suspended 4th Piano Chord,GENERATED_WITHOUT_ORIGINAL_KEYWORD_MAPPING,,UNVERIFIED_DETAIL
/chords/f-sus2,Sus2,F Suspended 2nd,fsus2 chord,f sus2 chord,f sus2 piano chord,F Suspended 2nd Piano Chord (Fsus2): Notes & Inversions,F Suspended 2nd Piano Chord,GENERATED_WITHOUT_ORIGINAL_KEYWORD_MAPPING,,UNVERIFIED_DETAIL
/chords/f-sus4,Sus4,F Suspended 4th,fsus4 chord,f sus4 chord,f sus4 piano chord,F Suspended 4th Piano Chord (Fsus4): Notes & Inversions,F Suspended 4th Piano Chord,GENERATED_WITHOUT_ORIGINAL_KEYWORD_MAPPING,,UNVERIFIED_DETAIL
/chords/g-augmented,Augmented,G Augmented,g augmented chord,g augmented piano chord,gaug piano chord,G Augmented Piano Chord (Gaug): Notes & Inversions | PianoGrid,G Augmented Piano Chord,GENERATED_WITHOUT_ORIGINAL_KEYWORD_MAPPING,,UNVERIFIED_DETAIL
/chords/g-diminished,Diminished,G Diminished,g diminished chord,g diminished piano chord,gdim piano chord,G Diminished Piano Chord (Gdim): Notes & Inversions | PianoGrid,G Diminished Piano Chord,GENERATED_WITHOUT_ORIGINAL_KEYWORD_MAPPING,,UNVERIFIED_DETAIL
/chords/g-sus2,Sus2,G Suspended 2nd,gsus2 chord,g sus2 chord,g sus2 piano chord,G Suspended 2nd Piano Chord (Gsus2): Notes & Inversions,G Suspended 2nd Piano Chord,GENERATED_WITHOUT_ORIGINAL_KEYWORD_MAPPING,,UNVERIFIED_DETAIL
/chords/g-sus4,Sus4,G Suspended 4th,gsus4 chord,g sus4 chord,g sus4 piano chord,G Suspended 4th Piano Chord (Gsus4): Notes & Inversions,G Suspended 4th Piano Chord,GENERATED_WITHOUT_ORIGINAL_KEYWORD_MAPPING,,UNVERIFIED_DETAIL
/chords/g-major,Major,G Major,g major chord,g major piano chord,g chord piano,"G Major Piano Chord (G): Notes, Inversions & PDF | PianoGrid",G Major Piano Chord (G),ORIGINAL_URL_PLAN,,UNVERIFIED_DETAIL
/chords/f-major,Major,F Major,f major chord,f major piano chord,f chord piano,"F Major Piano Chord (F): Notes, Inversions & PDF | PianoGrid",F Major Piano Chord,GENERATED_WITHOUT_ORIGINAL_KEYWORD_MAPPING,,UNVERIFIED_DETAIL
/chords/d-minor,Minor,D Minor,d minor chord,d minor piano chord,dm piano chord,"D Minor Piano Chord (Dm): Notes, Inversions & PDF | PianoGrid",D Minor Piano Chord,GENERATED_WITHOUT_ORIGINAL_KEYWORD_MAPPING,,UNVERIFIED_DETAIL
/chords/e-minor,Minor,E Minor,e minor chord,e minor piano chord,em piano chord,"E Minor Piano Chord (Em): Notes, Inversions & PDF | PianoGrid",E Minor Piano Chord,GENERATED_WITHOUT_ORIGINAL_KEYWORD_MAPPING,,UNVERIFIED_DETAIL
/chords/d-major,Major,D Major,d major chord,d major piano chord,d chord piano,"D Major Piano Chord (D): Notes, Inversions & PDF | PianoGrid",D Major Piano Chord,GENERATED_WITHOUT_ORIGINAL_KEYWORD_MAPPING,,UNVERIFIED_DETAIL
/chords/b-minor,Minor,B Minor,b minor chord,b minor piano chord,bm piano chord,"B Minor Piano Chord (Bm): Notes, Inversions & PDF | PianoGrid",B Minor Piano Chord,GENERATED_WITHOUT_ORIGINAL_KEYWORD_MAPPING,,UNVERIFIED_DETAIL
/chords/f-sharp-minor,Minor,F-sharp Minor,f sharp minor chord,f# minor chord,f sharp minor piano chord,"F-sharp Minor Piano Chord (F♯m): Notes, Inversions & PDF",F-sharp Minor Piano Chord,GENERATED_WITHOUT_ORIGINAL_KEYWORD_MAPPING,,UNVERIFIED_DETAIL
/chords/c-sharp-minor,Minor,C-sharp Minor,c sharp minor chord,c# minor chord,c sharp minor piano chord,"C-sharp Minor Piano Chord (C♯m): Notes, Inversions & PDF",C-sharp Minor Piano Chord,GENERATED_WITHOUT_ORIGINAL_KEYWORD_MAPPING,,UNVERIFIED_DETAIL
/chords/g-sharp-minor,Minor,G-sharp Minor,g sharp minor chord,g# minor chord,g sharp minor piano chord,"G-sharp Minor Piano Chord (G♯m): Notes, Inversions & PDF",G-sharp Minor Piano Chord,GENERATED_WITHOUT_ORIGINAL_KEYWORD_MAPPING,,UNVERIFIED_DETAIL
/chords/b-flat-major,Major,B-flat Major,b flat major chord,bb major chord,b flat major piano chord,"B-flat Major Piano Chord (B♭): Notes, Inversions & PDF",B-flat Major Piano Chord,GENERATED_WITHOUT_ORIGINAL_KEYWORD_MAPPING,,UNVERIFIED_DETAIL
/chords/g-minor,Minor,G Minor,g minor chord,g minor piano chord,gm piano chord,"G Minor Piano Chord (Gm): Notes, Inversions & PDF | PianoGrid",G Minor Piano Chord,GENERATED_WITHOUT_ORIGINAL_KEYWORD_MAPPING,,UNVERIFIED_DETAIL
/chords/d-flat-major,Major,D-flat Major,d flat major chord,db major chord,d flat major piano chord,"D-flat Major Piano Chord (D♭): Notes, Inversions & PDF",D-flat Major Piano Chord,GENERATED_WITHOUT_ORIGINAL_KEYWORD_MAPPING,,UNVERIFIED_DETAIL
/chords/e-flat-major,Major,E-flat Major,e flat major chord,eb major chord,e flat major piano chord,"E-flat Major Piano Chord (E♭): Notes, Inversions & PDF",E-flat Major Piano Chord,GENERATED_WITHOUT_ORIGINAL_KEYWORD_MAPPING,,UNVERIFIED_DETAIL
/chords/f-sharp-major,Major,F-sharp Major,f sharp major chord,f# major chord,f sharp major piano chord,"F-sharp Major Piano Chord (F♯): Notes, Inversions & PDF",F-sharp Major Piano Chord,GENERATED_WITHOUT_ORIGINAL_KEYWORD_MAPPING,,UNVERIFIED_DETAIL
/chords/f-minor,Minor,F Minor,f minor chord,f minor piano chord,fm piano chord,"F Minor Piano Chord (Fm): Notes, Inversions & PDF | PianoGrid",F Minor Piano Chord,GENERATED_WITHOUT_ORIGINAL_KEYWORD_MAPPING,,UNVERIFIED_DETAIL
/chords/b-flat-minor,Minor,B-flat Minor,b flat minor chord,bb minor chord,b flat minor piano chord,"B-flat Minor Piano Chord (B♭m): Notes, Inversions & PDF",B-flat Minor Piano Chord,GENERATED_WITHOUT_ORIGINAL_KEYWORD_MAPPING,,UNVERIFIED_DETAIL
/chords/e-flat-minor,Minor,E-flat Minor,e flat minor chord,eb minor chord,e flat minor piano chord,"E-flat Minor Piano Chord (E♭m): Notes, Inversions & PDF",E-flat Minor Piano Chord,GENERATED_WITHOUT_ORIGINAL_KEYWORD_MAPPING,,UNVERIFIED_DETAIL
