site_volume_rank,volume_us,path,url,group,page_kind,primary_keyword,volume_status,in_sitemap,bing_submitted,bing_submitted_date,notes
1,33100,/keyboard-notes,https://pianogrid.com/keyboard-notes,keyboard-notes,hub,piano keys,url_plan_2026-09-08,yes,yes,2026-09-23,
2,18100,/chords/b-minor,https://pianogrid.com/chords/b-minor,chords,detail,b minor chord,semrush_2026-09-17,yes,no,,
3,18100,/guide/read-sheet-music,https://pianogrid.com/guide/read-sheet-music,guide,category,how to read sheet music piano,url_plan_2026-09-08,yes,no,,
4,18100,/songs/easy,https://pianogrid.com/songs/easy,songs,category,easy piano songs,url_plan_2026-09-08,yes,no,,
5,14800,/songs,https://pianogrid.com/songs,songs,hub,piano songs,url_plan_2026-09-08,yes,yes,2026-09-23,
6,12100,/chords/d-minor,https://pianogrid.com/chords/d-minor,chords,detail,d minor chord,semrush_2026-09-17,yes,no,,
7,12100,/chords/e-minor,https://pianogrid.com/chords/e-minor,chords,detail,e minor chord,semrush_2026-09-17,yes,no,,
8,12100,/chords/g-minor,https://pianogrid.com/chords/g-minor,chords,detail,g minor chord,semrush_2026-09-17,yes,no,,
9,12100,/keyboard-notes/labeled,https://pianogrid.com/keyboard-notes/labeled,keyboard-notes,tool,keys on a piano keyboard labeled,url_plan_2026-09-08,yes,no,,
10,9900,/chords/b-7,https://pianogrid.com/chords/b-7,chords,detail,b7 chord,semrush_2026-09-17,yes,no,,
11,8100,/chords/a-7,https://pianogrid.com/chords/a-7,chords,detail,a7 chord,semrush_2026-09-17,yes,no,,
12,8100,/chords/g-7,https://pianogrid.com/chords/g-7,chords,detail,g7 chord,semrush_2026-09-17,yes,no,,
13,8100,/sheet-music/easy,https://pianogrid.com/sheet-music/easy,sheet-music,category,easy piano sheet music,url_plan_2026-09-08,yes,no,,
14,6600,/chords,https://pianogrid.com/chords,chords,hub,piano chord chart,url_plan_2026-09-08,yes,yes,2026-09-23,
15,6600,/chords/d-7,https://pianogrid.com/chords/d-7,chords,detail,d7 chord,semrush_2026-09-17,yes,no,,
16,6600,/chords/e-7,https://pianogrid.com/chords/e-7,chords,detail,e7 chord,semrush_2026-09-17,yes,no,,
17,6600,/chords/f-minor,https://pianogrid.com/chords/f-minor,chords,detail,f minor chord,semrush_2026-09-17,yes,no,,
18,6600,/scales,https://pianogrid.com/scales,scales,hub,piano scales,url_plan_2026-09-08,yes,yes,2026-09-23,
19,6600,/sheet-music/beginner,https://pianogrid.com/sheet-music/beginner,sheet-music,category,beginner piano sheet music,url_plan_2026-09-08,yes,no,,
20,5400,/chords/c-7,https://pianogrid.com/chords/c-7,chords,detail,c7 chord,semrush_2026-09-17,yes,no,,
21,5400,/chords/g-major,https://pianogrid.com/chords/g-major,chords,detail,g major chord,semrush_2026-09-17,yes,no,,
22,4400,/chords/a-major,https://pianogrid.com/chords/a-major,chords,detail,a chord piano,url_plan_2026-09-08,yes,no,,
23,4400,/chords/d-major,https://pianogrid.com/chords/d-major,chords,detail,d major chord,semrush_2026-09-17,yes,no,,
24,4400,/chords/f-major,https://pianogrid.com/chords/f-major,chords,detail,f major chord,semrush_2026-09-17,yes,no,,
25,4400,/keyboard-notes/chart,https://pianogrid.com/keyboard-notes/chart,keyboard-notes,tool,piano notes chart,url_plan_2026-09-08,yes,yes,2026-09-23,
26,3600,/chords/a-m7,https://pianogrid.com/chords/a-m7,chords,detail,am7 chord,semrush_2026-09-17,yes,no,,
27,3600,/chords/b-major,https://pianogrid.com/chords/b-major,chords,detail,b chord piano,url_plan_2026-09-08,yes,no,,
28,3600,/chords/d-m7,https://pianogrid.com/chords/d-m7,chords,detail,dm7 chord,semrush_2026-09-17,yes,no,,
29,3600,/chords/e-m7,https://pianogrid.com/chords/e-m7,chords,detail,em7 chord,semrush_2026-09-17,yes,no,,
30,3600,/chords/f-sharp-minor,https://pianogrid.com/chords/f-sharp-minor,chords,detail,f sharp minor chord,semrush_2026-09-17,yes,no,,
31,2900,/chords/c-maj7,https://pianogrid.com/chords/c-maj7,chords,detail,cmaj7 chord,semrush_2026-09-17,yes,no,,
32,2900,/sheet-music,https://pianogrid.com/sheet-music,sheet-music,hub,piano music sheet,url_plan_2026-09-08,yes,yes,2026-09-23,
33,2400,/chords/b-m7,https://pianogrid.com/chords/b-m7,chords,detail,bm7 chord,semrush_2026-09-17,yes,no,,
34,2400,/chords/f-7,https://pianogrid.com/chords/f-7,chords,detail,f7 chord,semrush_2026-09-17,yes,no,,
35,1900,/chords/a-minor,https://pianogrid.com/chords/a-minor,chords,detail,am piano chord,url_plan_2026-09-08,yes,yes,2026-09-23,
36,1900,/chords/b-flat-major,https://pianogrid.com/chords/b-flat-major,chords,detail,b flat major chord,semrush_2026-09-17,yes,no,,
37,1900,/chords/by-key,https://pianogrid.com/chords/by-key,chords,tool,chords of key,url_plan_2026-09-08,yes,no,,
38,1900,/chords/e-flat-major,https://pianogrid.com/chords/e-flat-major,chords,detail,e flat major chord,semrush_2026-09-17,yes,no,,
39,1900,/chords/seventh,https://pianogrid.com/chords/seventh,chords,category,7th chords,semrush_2026-09-17,yes,no,,
40,1900,/guide/piano-chords,https://pianogrid.com/guide/piano-chords,guide,category,how to play chords on piano,url_plan_2026-09-08,yes,no,,
41,1600,/chord-progressions,https://pianogrid.com/chord-progressions,chord-progressions,hub,piano chord progressions,url_plan_2026-09-08,yes,yes,2026-09-23,
42,1600,/chords/c-diminished,https://pianogrid.com/chords/c-diminished,chords,detail,c diminished chord,semrush_2026-09-17,yes,no,,
43,1600,/chords/c-sharp-minor,https://pianogrid.com/chords/c-sharp-minor,chords,detail,c sharp minor chord,semrush_2026-09-17,yes,no,,
44,1600,/scales/modes,https://pianogrid.com/scales/modes,scales,detail,scale modes,url_plan_2026-09-08,yes,no,,
45,1300,/chords/e-diminished,https://pianogrid.com/chords/e-diminished,chords,detail,e diminished chord,semrush_2026-09-17,yes,no,,
46,1300,/chords/finder,https://pianogrid.com/chords/finder,chords,tool,chord finder piano,url_plan_2026-09-08,yes,no,,
47,1300,/chords/g-m7,https://pianogrid.com/chords/g-m7,chords,detail,gm7 chord,semrush_2026-09-17,yes,no,,
48,1300,/guide,https://pianogrid.com/guide,guide,hub,how to play piano for beginners,url_plan_2026-09-08,yes,yes,2026-09-23,
49,1300,/keyboard-notes/finger-numbers,https://pianogrid.com/keyboard-notes/finger-numbers,keyboard-notes,tool,piano fingering chart,url_plan_2026-09-08,yes,no,,
50,1300,/keyboard-notes/frequencies,https://pianogrid.com/keyboard-notes/frequencies,keyboard-notes,tool,note frequency chart,url_plan_2026-09-08,yes,no,,
51,1300,/scales/c-major,https://pianogrid.com/scales/c-major,scales,detail,c major scale piano,url_plan_2026-09-08,yes,yes,2026-09-23,
52,1000,/chords/a-flat-major,https://pianogrid.com/chords/a-flat-major,chords,detail,a flat chord piano,url_plan_2026-09-08,yes,no,,
53,1000,/chords/b-flat-minor,https://pianogrid.com/chords/b-flat-minor,chords,detail,b flat minor chord,semrush_2026-09-17,yes,no,,
54,1000,/chords/c-m7,https://pianogrid.com/chords/c-m7,chords,detail,cm7 chord,semrush_2026-09-17,yes,no,,
55,1000,/chords/f-maj7,https://pianogrid.com/chords/f-maj7,chords,detail,fmaj7 chord,semrush_2026-09-17,yes,no,,
56,1000,/chords/g-maj7,https://pianogrid.com/chords/g-maj7,chords,detail,gmaj7 chord,semrush_2026-09-17,yes,no,,
57,1000,/scales/a-minor,https://pianogrid.com/scales/a-minor,scales,detail,a minor scale piano,url_plan_2026-09-08,yes,yes,2026-09-23,
58,1000,/scales/blues,https://pianogrid.com/scales/blues,scales,detail,blues scale piano,url_plan_2026-09-08,yes,no,,
59,1000,/scales/d-major,https://pianogrid.com/scales/d-major,scales,detail,d major scale piano,url_plan_2026-09-08,yes,no,,
60,1000,/scales/e-minor,https://pianogrid.com/scales/e-minor,scales,detail,e minor scale piano,url_plan_2026-09-08,yes,no,,
61,1000,/scales/f-major,https://pianogrid.com/scales/f-major,scales,detail,f major scale for piano,url_plan_2026-09-08,yes,no,,
62,1000,/scales/g-major,https://pianogrid.com/scales/g-major,scales,detail,g major scale piano,url_plan_2026-09-08,yes,no,,
63,1000,/scales/pentatonic,https://pianogrid.com/scales/pentatonic,scales,detail,pentatonic scale piano,url_plan_2026-09-08,yes,no,,
64,880,/chords/a-diminished,https://pianogrid.com/chords/a-diminished,chords,detail,a diminished chord,semrush_2026-09-17,yes,no,,
65,880,/chords/d-diminished,https://pianogrid.com/chords/d-diminished,chords,detail,d diminished chord,semrush_2026-09-17,yes,no,,
66,880,/chords/d-flat-major,https://pianogrid.com/chords/d-flat-major,chords,detail,d flat major chord,semrush_2026-09-17,yes,no,,
67,880,/chords/f-m7,https://pianogrid.com/chords/f-m7,chords,detail,fm7 chord,semrush_2026-09-17,yes,no,,
68,880,/chords/f-sharp-major,https://pianogrid.com/chords/f-sharp-major,chords,detail,f sharp major chord,semrush_2026-09-17,yes,no,,
69,880,/guide/piano-scales,https://pianogrid.com/guide/piano-scales,guide,category,piano scales for beginners,url_plan_2026-09-08,yes,no,,
70,880,/keyboard-notes/blank,https://pianogrid.com/keyboard-notes/blank,keyboard-notes,tool,piano keys blank page,url_plan_2026-09-08,yes,no,,
71,880,/scales/a-major,https://pianogrid.com/scales/a-major,scales,detail,a major scale for piano,url_plan_2026-09-08,yes,no,,
72,880,/scales/c-minor,https://pianogrid.com/scales/c-minor,scales,detail,c minor scale piano,url_plan_2026-09-08,yes,no,,
73,880,/scales/d-minor,https://pianogrid.com/scales/d-minor,scales,detail,d minor scale piano,url_plan_2026-09-08,yes,no,,
74,880,/scales/e-major,https://pianogrid.com/scales/e-major,scales,detail,e major scale piano,url_plan_2026-09-08,yes,no,,
75,720,/chords/a-sus2,https://pianogrid.com/chords/a-sus2,chords,detail,asus2 chord,semrush_2026-09-17,yes,no,,
76,720,/chords/d-maj7,https://pianogrid.com/chords/d-maj7,chords,detail,dmaj7 chord,semrush_2026-09-17,yes,no,,
77,720,/chords/g-diminished,https://pianogrid.com/chords/g-diminished,chords,detail,g diminished chord,semrush_2026-09-17,yes,no,,
78,720,/scales/b-minor,https://pianogrid.com/scales/b-minor,scales,detail,b minor scale piano,url_plan_2026-09-08,yes,no,,
79,720,/scales/f-minor,https://pianogrid.com/scales/f-minor,scales,detail,f minor scale piano,url_plan_2026-09-08,yes,no,,
80,720,/scales/harmonic-major,https://pianogrid.com/scales/harmonic-major,scales,detail,harmonic major scale,url_plan_2026-09-08,yes,no,,
81,590,/chords/a-sus4,https://pianogrid.com/chords/a-sus4,chords,detail,asus4 chord,semrush_2026-09-17,yes,no,,
82,590,/chords/b-flat-7,https://pianogrid.com/chords/b-flat-7,chords,detail,bb7 chord,semrush_2026-09-17,yes,no,,
83,590,/chords/c-augmented,https://pianogrid.com/chords/c-augmented,chords,detail,c augmented chord,semrush_2026-09-17,yes,no,,
84,590,/chords/e-flat-minor,https://pianogrid.com/chords/e-flat-minor,chords,detail,e flat minor chord,semrush_2026-09-17,yes,no,,
85,590,/chords/e-major,https://pianogrid.com/chords/e-major,chords,detail,piano e chord,url_plan_2026-09-08,yes,no,,
86,590,/chords/f-diminished,https://pianogrid.com/chords/f-diminished,chords,detail,f diminished chord,semrush_2026-09-17,yes,no,,
87,590,/chords/f-sharp-7,https://pianogrid.com/chords/f-sharp-7,chords,detail,f#7 chord,semrush_2026-09-17,yes,no,,
88,590,/chords/f-sharp-diminished,https://pianogrid.com/chords/f-sharp-diminished,chords,detail,f sharp diminished chord,semrush_2026-09-17,yes,no,,
89,590,/chords/g-sharp-minor,https://pianogrid.com/chords/g-sharp-minor,chords,detail,g sharp minor chord,semrush_2026-09-17,yes,no,,
90,590,/chords/g-sus4,https://pianogrid.com/chords/g-sus4,chords,detail,gsus4 chord,semrush_2026-09-17,yes,no,,
91,590,/scales/a-sharp-minor,https://pianogrid.com/scales/a-sharp-minor,scales,detail,a# minor scale,url_plan_2026-09-08,yes,no,,
92,590,/scales/b-major,https://pianogrid.com/scales/b-major,scales,detail,b major scale piano,url_plan_2026-09-08,yes,no,,
93,480,/chords/a-maj7,https://pianogrid.com/chords/a-maj7,chords,detail,amaj7 chord,semrush_2026-09-17,yes,no,,
94,480,/chords/b-flat-diminished,https://pianogrid.com/chords/b-flat-diminished,chords,detail,b flat diminished chord,semrush_2026-09-17,yes,no,,
95,480,/chords/c-major,https://pianogrid.com/chords/c-major,chords,detail,c chords piano,url_plan_2026-09-08,yes,yes,2026-09-23,
96,480,/scales/b-flat-major,https://pianogrid.com/scales/b-flat-major,scales,detail,b flat major scale piano,url_plan_2026-09-08,yes,no,,
97,480,/scales/g-minor,https://pianogrid.com/scales/g-minor,scales,detail,g minor scale piano,url_plan_2026-09-08,yes,no,,
98,390,/chords/d-augmented,https://pianogrid.com/chords/d-augmented,chords,detail,d augmented chord,semrush_2026-09-17,yes,no,,
99,390,/chords/d-sus2,https://pianogrid.com/chords/d-sus2,chords,detail,dsus2 chord,semrush_2026-09-17,yes,no,,
100,390,/chords/d-sus4,https://pianogrid.com/chords/d-sus4,chords,detail,dsus4 chord,semrush_2026-09-17,yes,no,,
101,390,/chords/e-flat-7,https://pianogrid.com/chords/e-flat-7,chords,detail,eb7 chord,semrush_2026-09-17,yes,no,,
102,390,/chords/e-flat-diminished,https://pianogrid.com/chords/e-flat-diminished,chords,detail,e flat diminished chord,semrush_2026-09-17,yes,no,,
103,390,/chords/g-augmented,https://pianogrid.com/chords/g-augmented,chords,detail,g augmented chord,semrush_2026-09-17,yes,no,,
104,390,/scales/chromatic,https://pianogrid.com/scales/chromatic,scales,detail,chromatic scale piano,url_plan_2026-09-08,yes,no,,
105,390,/scales/e-flat-major,https://pianogrid.com/scales/e-flat-major,scales,detail,e flat major scale piano,url_plan_2026-09-08,yes,no,,
106,390,/scales/f-sharp-minor,https://pianogrid.com/scales/f-sharp-minor,scales,detail,f#m piano scale,url_plan_2026-09-08,yes,no,,
107,390,/tools/blank-sheet-music,https://pianogrid.com/tools/blank-sheet-music,tools,tool,empty piano sheet music,url_plan_2026-09-08,yes,no,,
108,320,/chords/a-flat-7,https://pianogrid.com/chords/a-flat-7,chords,detail,ab7 chord,semrush_2026-09-17,yes,no,,
109,320,/chords/e-augmented,https://pianogrid.com/chords/e-augmented,chords,detail,e augmented chord,semrush_2026-09-17,yes,no,,
110,320,/chords/e-maj7,https://pianogrid.com/chords/e-maj7,chords,detail,emaj7 chord,semrush_2026-09-17,yes,no,,
111,320,/chords/f-add9,https://pianogrid.com/chords/f-add9,chords,detail,fadd9 chord,semrush_2026-09-17,yes,no,,
112,320,/scales/c-flat-major,https://pianogrid.com/scales/c-flat-major,scales,detail,cb major scale piano,url_plan_2026-09-08,yes,no,,
113,320,/sheet-music/hot-cross-buns,https://pianogrid.com/sheet-music/hot-cross-buns,sheet-music,detail,hot cross buns piano keys,url_plan_2026-09-08,yes,no,,
114,260,/chords/a-augmented,https://pianogrid.com/chords/a-augmented,chords,detail,a augmented chord,semrush_2026-09-17,yes,no,,
115,260,/chords/c-flat-major,https://pianogrid.com/chords/c-flat-major,chords,detail,cb piano chord,url_plan_2026-09-08,yes,no,,
116,260,/chords/c-minor,https://pianogrid.com/chords/c-minor,chords,detail,c minor in piano,url_plan_2026-09-08,yes,no,,
117,260,/chords/c-sus2,https://pianogrid.com/chords/c-sus2,chords,detail,csus2 chord,semrush_2026-09-17,yes,no,,
118,260,/chords/d-flat-7,https://pianogrid.com/chords/d-flat-7,chords,detail,db7 chord,semrush_2026-09-17,yes,no,,
119,260,/chords/f-augmented,https://pianogrid.com/chords/f-augmented,chords,detail,f augmented chord,semrush_2026-09-17,yes,no,,
120,260,/chords/f-sharp-m7,https://pianogrid.com/chords/f-sharp-m7,chords,detail,f#m7 chord,semrush_2026-09-17,yes,no,,
121,210,/chords/b-augmented,https://pianogrid.com/chords/b-augmented,chords,detail,b augmented chord,semrush_2026-09-17,yes,no,,
122,210,/chords/b-maj7,https://pianogrid.com/chords/b-maj7,chords,detail,bmaj7 chord,semrush_2026-09-17,yes,no,,
123,210,/chords/c-sus4,https://pianogrid.com/chords/c-sus4,chords,detail,csus4 chord,semrush_2026-09-17,yes,no,,
124,210,/chords/e-sus4,https://pianogrid.com/chords/e-sus4,chords,detail,esus4 chord,semrush_2026-09-17,yes,no,,
125,170,/chords/a-flat-diminished,https://pianogrid.com/chords/a-flat-diminished,chords,detail,a flat diminished chord,semrush_2026-09-17,yes,no,,
126,170,/chords/b-flat-maj7,https://pianogrid.com/chords/b-flat-maj7,chords,detail,bbmaj7 chord,semrush_2026-09-17,yes,no,,
127,170,/chords/e-flat-maj7,https://pianogrid.com/chords/e-flat-maj7,chords,detail,ebmaj7 chord,semrush_2026-09-17,yes,no,,
128,170,/chords/f-sus2,https://pianogrid.com/chords/f-sus2,chords,detail,fsus2 chord,semrush_2026-09-17,yes,no,,
129,170,/chords/g-add9,https://pianogrid.com/chords/g-add9,chords,detail,gadd9 chord,semrush_2026-09-17,yes,no,,
130,170,/chords/g-sus2,https://pianogrid.com/chords/g-sus2,chords,detail,gsus2 chord,semrush_2026-09-17,yes,no,,
131,140,/chords/a-flat-maj7,https://pianogrid.com/chords/a-flat-maj7,chords,detail,abmaj7 chord,semrush_2026-09-17,yes,no,,
132,140,/chords/b-flat-m7,https://pianogrid.com/chords/b-flat-m7,chords,detail,bbm7 chord,semrush_2026-09-17,yes,no,,
133,140,/chords/b-sus4,https://pianogrid.com/chords/b-sus4,chords,detail,bsus4 chord,semrush_2026-09-17,yes,no,,
134,140,/chords/d-add9,https://pianogrid.com/chords/d-add9,chords,detail,dadd9 chord,semrush_2026-09-17,yes,no,,
135,140,/chords/e-flat-m7,https://pianogrid.com/chords/e-flat-m7,chords,detail,ebm7 chord,semrush_2026-09-17,yes,no,,
136,110,/chords/b-m7-flat5,https://pianogrid.com/chords/b-m7-flat5,chords,detail,b half diminished chord,semrush_2026-09-17,yes,no,,
137,110,/chords/b-sus2,https://pianogrid.com/chords/b-sus2,chords,detail,bsus2 chord,semrush_2026-09-17,yes,no,,
138,110,/chords/d-m7-flat5,https://pianogrid.com/chords/d-m7-flat5,chords,detail,d half diminished chord,semrush_2026-09-17,yes,no,,
139,90,/chords/a-add9,https://pianogrid.com/chords/a-add9,chords,detail,aadd9 chord,semrush_2026-09-17,yes,no,,
140,90,/chords/b-flat-augmented,https://pianogrid.com/chords/b-flat-augmented,chords,detail,b flat augmented chord,semrush_2026-09-17,yes,no,,
141,90,/chords/d-flat-diminished,https://pianogrid.com/chords/d-flat-diminished,chords,detail,d flat diminished chord,semrush_2026-09-17,yes,no,,
142,90,/chords/e-sus2,https://pianogrid.com/chords/e-sus2,chords,detail,esus2 chord,semrush_2026-09-17,yes,no,,
143,90,/chords/f-sharp-maj7,https://pianogrid.com/chords/f-sharp-maj7,chords,detail,f sharp major 7 chord,semrush_2026-09-17,yes,no,,
144,70,/chords/e-flat-augmented,https://pianogrid.com/chords/e-flat-augmented,chords,detail,e flat augmented chord,semrush_2026-09-17,yes,no,,
145,50,/chords/a-flat-m7,https://pianogrid.com/chords/a-flat-m7,chords,detail,abm7 chord,semrush_2026-09-17,yes,no,,
146,50,/chords/a-m7-flat5,https://pianogrid.com/chords/a-m7-flat5,chords,detail,a half diminished chord,semrush_2026-09-17,yes,no,,
147,40,/chords/a-flat-augmented,https://pianogrid.com/chords/a-flat-augmented,chords,detail,a flat augmented chord,semrush_2026-09-17,yes,no,,
148,40,/chords/d-flat-maj7,https://pianogrid.com/chords/d-flat-maj7,chords,detail,dbmaj7 chord,semrush_2026-09-17,yes,no,,
149,30,/chords/e-add9,https://pianogrid.com/chords/e-add9,chords,detail,eadd9 chord,semrush_2026-09-17,yes,no,,
150,20,/chords/a-flat-m7-flat5,https://pianogrid.com/chords/a-flat-m7-flat5,chords,detail,abm7b5 chord,semrush_2026-09-17,yes,no,,
151,20,/chords/a-flat-sus2,https://pianogrid.com/chords/a-flat-sus2,chords,detail,absus2 chord,semrush_2026-09-17,yes,no,,
152,20,/chords/a-flat-sus4,https://pianogrid.com/chords/a-flat-sus4,chords,detail,absus4 chord,semrush_2026-09-17,yes,no,,
153,20,/chords/b-add9,https://pianogrid.com/chords/b-add9,chords,detail,badd9 chord,semrush_2026-09-17,yes,no,,
154,20,/chords/b-flat-add9,https://pianogrid.com/chords/b-flat-add9,chords,detail,bbadd9 chord,semrush_2026-09-17,yes,no,,
155,20,/chords/b-flat-m7-flat5,https://pianogrid.com/chords/b-flat-m7-flat5,chords,detail,bbm7b5 chord,semrush_2026-09-17,yes,no,,
156,20,/chords/b-flat-sus2,https://pianogrid.com/chords/b-flat-sus2,chords,detail,bbsus2 chord,semrush_2026-09-17,yes,no,,
157,20,/chords/b-flat-sus4,https://pianogrid.com/chords/b-flat-sus4,chords,detail,bbsus4 chord,semrush_2026-09-17,yes,no,,
158,20,/chords/c-m7-flat5,https://pianogrid.com/chords/c-m7-flat5,chords,detail,cm7b5 chord,semrush_2026-09-17,yes,no,,
159,20,/chords/d-flat-augmented,https://pianogrid.com/chords/d-flat-augmented,chords,detail,d flat augmented chord,semrush_2026-09-17,yes,no,,
160,20,/chords/d-flat-m7,https://pianogrid.com/chords/d-flat-m7,chords,detail,dbm7 chord,semrush_2026-09-17,yes,no,,
161,20,/chords/d-madd9,https://pianogrid.com/chords/d-madd9,chords,detail,dmadd9 chord,semrush_2026-09-17,yes,no,,
162,20,/chords/e-flat-add9,https://pianogrid.com/chords/e-flat-add9,chords,detail,ebadd9 chord,semrush_2026-09-17,yes,no,,
163,20,/chords/e-flat-m7-flat5,https://pianogrid.com/chords/e-flat-m7-flat5,chords,detail,ebm7b5 chord,semrush_2026-09-17,yes,no,,
164,20,/chords/e-flat-sus2,https://pianogrid.com/chords/e-flat-sus2,chords,detail,ebsus2 chord,semrush_2026-09-17,yes,no,,
165,20,/chords/e-flat-sus4,https://pianogrid.com/chords/e-flat-sus4,chords,detail,ebsus4 chord,semrush_2026-09-17,yes,no,,
166,20,/chords/e-m7-flat5,https://pianogrid.com/chords/e-m7-flat5,chords,detail,em7b5 chord,semrush_2026-09-17,yes,no,,
167,20,/chords/e-madd9,https://pianogrid.com/chords/e-madd9,chords,detail,emadd9 chord,semrush_2026-09-17,yes,no,,
168,20,/chords/f-m7-flat5,https://pianogrid.com/chords/f-m7-flat5,chords,detail,fm7b5 chord,semrush_2026-09-17,yes,no,,
169,20,/chords/f-sharp-augmented,https://pianogrid.com/chords/f-sharp-augmented,chords,detail,f sharp augmented chord,semrush_2026-09-17,yes,no,,
170,20,/chords/f-sharp-m7-flat5,https://pianogrid.com/chords/f-sharp-m7-flat5,chords,detail,f sharp half diminished chord,semrush_2026-09-17,yes,no,,
171,20,/chords/f-sus4,https://pianogrid.com/chords/f-sus4,chords,detail,fsus4 chord,semrush_2026-09-17,yes,no,,
172,20,/chords/g-m7-flat5,https://pianogrid.com/chords/g-m7-flat5,chords,detail,gm7b5 chord,semrush_2026-09-17,yes,no,,
173,10,/chords/a-madd9,https://pianogrid.com/chords/a-madd9,chords,detail,amadd9 chord,semrush_2026-09-17,yes,no,,
174,10,/chords/f-madd9,https://pianogrid.com/chords/f-madd9,chords,detail,fmadd9 chord,semrush_2026-09-17,yes,no,,
175,10,/chords/f-sharp-sus4,https://pianogrid.com/chords/f-sharp-sus4,chords,detail,f#sus4 chord,semrush_2026-09-17,yes,no,,
176,10,/chords/g-madd9,https://pianogrid.com/chords/g-madd9,chords,detail,gmadd9 chord,semrush_2026-09-17,yes,no,,
177,0,/chords/a-flat-add9,https://pianogrid.com/chords/a-flat-add9,chords,detail,abadd9 chord,semrush_2026-09-17,yes,no,,
178,0,/chords/b-madd9,https://pianogrid.com/chords/b-madd9,chords,detail,bmadd9 chord,semrush_2026-09-17,yes,no,,
179,0,/chords/c-madd9,https://pianogrid.com/chords/c-madd9,chords,detail,c minor add9 chord,semrush_2026-09-17,yes,no,,
180,0,/chords/d-flat-sus4,https://pianogrid.com/chords/d-flat-sus4,chords,detail,dbsus4 chord,semrush_2026-09-17,yes,no,,
181,0,/chords/f-sharp-add9,https://pianogrid.com/chords/f-sharp-add9,chords,detail,f#add9 chord,semrush_2026-09-17,yes,no,,
182,0,/chords/f-sharp-madd9,https://pianogrid.com/chords/f-sharp-madd9,chords,detail,f sharp minor add9 chord,semrush_2026-09-17,yes,no,,
183,0,/chords/f-sharp-sus2,https://pianogrid.com/chords/f-sharp-sus2,chords,detail,f#sus2 chord,semrush_2026-09-17,yes,no,,
,,/,https://pianogrid.com/,homepage,hub,,unknown,yes,yes,2026-09-23,
,,/arpeggios,https://pianogrid.com/arpeggios,arpeggios,hub,arpeggios piano,url_plan_2026-09-08; volume missing,yes,no,,
,,/chords/a-flat-madd9,https://pianogrid.com/chords/a-flat-madd9,chords,detail,,unknown,yes,no,,
,,/chords/add,https://pianogrid.com/chords/add,chords,category,,unknown,yes,no,,
,,/chords/altered,https://pianogrid.com/chords/altered,chords,category,,unknown,yes,no,,
,,/chords/augmented,https://pianogrid.com/chords/augmented,chords,category,,unknown,yes,no,,
,,/chords/b-diminished,https://pianogrid.com/chords/b-diminished,chords,detail,,unknown,yes,no,,
,,/chords/b-flat-madd9,https://pianogrid.com/chords/b-flat-madd9,chords,detail,,unknown,yes,no,,
,,/chords/c-add9,https://pianogrid.com/chords/c-add9,chords,detail,,unknown,yes,no,,
,,/chords/d-flat-add9,https://pianogrid.com/chords/d-flat-add9,chords,detail,,unknown,yes,no,,
,,/chords/d-flat-m7-flat5,https://pianogrid.com/chords/d-flat-m7-flat5,chords,detail,,unknown,yes,no,,
,,/chords/d-flat-madd9,https://pianogrid.com/chords/d-flat-madd9,chords,detail,,unknown,yes,no,,
,,/chords/d-flat-sus2,https://pianogrid.com/chords/d-flat-sus2,chords,detail,,unknown,yes,no,,
,,/chords/diminished,https://pianogrid.com/chords/diminished,chords,category,,unknown,yes,no,,
,,/chords/e-flat-madd9,https://pianogrid.com/chords/e-flat-madd9,chords,detail,,unknown,yes,no,,
,,/chords/extended,https://pianogrid.com/chords/extended,chords,category,,unknown,yes,no,,
,,/chords/major,https://pianogrid.com/chords/major,chords,category,,unknown,yes,no,,
,,/chords/minor,https://pianogrid.com/chords/minor,chords,category,,unknown,yes,no,,
,,/chords/suspended,https://pianogrid.com/chords/suspended,chords,category,,unknown,yes,no,,
,,/sheet-music/ode-to-joy,https://pianogrid.com/sheet-music/ode-to-joy,sheet-music,detail,ode to joy easy piano sheet music,url_plan_2026-09-08; volume missing,yes,no,,
,,/sheet-music/twinkle-twinkle-little-star,https://pianogrid.com/sheet-music/twinkle-twinkle-little-star,sheet-music,detail,twinkle twinkle little star piano sheet music,url_plan_2026-09-08; volume missing,yes,no,,
,,/tools,https://pianogrid.com/tools,tools,hub,,unknown,yes,yes,2026-09-23,
,,/tools/hear-the-difference,https://pianogrid.com/tools/hear-the-difference,tools,tool,,unknown,yes,no,,
