关键词ID	关键词（原规范词）	搜索量（US原值）	原清洗状态	建议URL	URL ID	优先级	URL处理状态	与URL主词关系	原任务组ID	原页面代表词	原归并关系	原分类	URL分类	搜索意图分组	同页分区	KD	CPC_USD	原工具Intent	原搜索量状态	原来源类型	原来源记录ID	原来源位置	原始拼写	原翻译/纠错记录	原清洗依据	本次URL判断依据	本版交付状态	本版页面模板	本版必须交付
K0018	piano chord chart	6600	保留	/chords	U075	先做	有规划URL	URL主关键词	P148	piano chord chart	页面代表词	chords	chords	查和弦键位		28	1.42	I	Semrush US原词估算	Semrush US 单词数据; Semrush Strategy Builder 页面建议	S0291; S1746; S1868; S1936	piano_keyword_research_combined.xlsx｜关键词数据!A296:G296; 关键词策略构建器数据汇总.md｜L73｜piano chord chart > piano chord chart; 关键词策略构建器数据汇总.md｜L318｜beginner piano sheet music > easy piano sheet music with chords; 关键词策略构建器数据汇总.md｜L460｜piano scales > piano chords and progressions	piano chord chart		同一对象与同一交付任务；人工词义归并	同一字典中的类型、print/PDF和读图FAQ不单独重复建页；七和弦集合不改写成major7	已确认基础范围	T06	默认有图表；根音/类型选择、试听、打印及读图说明。
K0027	keyboard chord sheet	5400	保留	/chords	U075	先做	有规划URL	URL主词的原同义词	P148	piano chord chart	同义词合并	chords	chords	查和弦键位		30	1.42	I	Semrush US原词估算	Semrush US 单词数据	S0293	piano_keyword_research_combined.xlsx｜关键词数据!A298:G298	keyboard chord sheet		同一对象与同一交付任务；人工词义归并	同一字典中的类型、print/PDF和读图FAQ不单独重复建页；七和弦集合不改写成major7	已确认基础范围	T06	默认有图表；根音/类型选择、试听、打印及读图说明。
K0030	a chord piano	4400	保留	/chords/a-major	U076	先做	有规划URL	URL主关键词	P149	a chord piano	页面代表词	chords	chords	查和弦键位		25	0.58	I	Semrush US原词估算	Semrush US 单词数据; Semrush Strategy Builder 页面建议	S0294; S1747; S1869; S1937	piano_keyword_research_combined.xlsx｜关键词数据!A299:G299; 关键词策略构建器数据汇总.md｜L74｜piano chord chart > piano chord chart; 关键词策略构建器数据汇总.md｜L319｜beginner piano sheet music > easy piano sheet music with chords; 关键词策略构建器数据汇总.md｜L461｜piano scales > piano chords and progressions	a chord piano		同一对象与同一交付任务；人工词义归并	音名/和弦品质不同且来源已有该对象需求，允许共享模板但独立内容；不生成未在词表中的音符组合	模板已确认；此实例内容待审核	T07	当前和弦的音名/键位/音程；原位和转位；可用时播放；清晰指法说明；相关查询链接
K0037	b chord piano	3600	保留	/chords/b-major	U077	后做	有规划URL	URL主关键词	P150	b chord piano	页面代表词	chords	chords	查和弦键位		18	0	I	Semrush US原词估算	Semrush US 单词数据; Semrush Strategy Builder 页面建议	S0295; S1967	piano_keyword_research_combined.xlsx｜关键词数据!A300:G300; 关键词策略构建器数据汇总.md｜L512｜piano scales > piano scales and fingering	b chord piano		同一对象与同一交付任务；人工词义归并	音名/和弦品质不同且来源已有该对象需求，允许共享模板但独立内容；不生成未在词表中的音符组合	模板已确认；此实例内容待审核	T07	当前和弦的音名/键位/音程；原位和转位；可用时播放；清晰指法说明；相关查询链接
K0052	keyboard chord chart	2900	保留	/chords	U075	先做	有规划URL	URL主词的原同义词	P148	piano chord chart	同义词合并	chords	chords	查和弦键位		27	1.42	I	Semrush US原词估算	Semrush US 单词数据	S0297	piano_keyword_research_combined.xlsx｜关键词数据!A302:G302	keyboard chord chart		同一对象与同一交付任务；人工词义归并	同一字典中的类型、print/PDF和读图FAQ不单独重复建页；七和弦集合不改写成major7	已确认基础范围	T06	默认有图表；根音/类型选择、试听、打印及读图说明。
K0059	a piano chord	2400	保留	/chords/a-major	U076	先做	有规划URL	URL主词的原同义词	P149	a chord piano	同义词合并	chords	chords	查和弦键位		27	0.58	I	Semrush US原词估算	Semrush US 单词数据	S0299	piano_keyword_research_combined.xlsx｜关键词数据!A304:G304	a piano chord		同一对象与同一交付任务；人工词义归并	音名/和弦品质不同且来源已有该对象需求，允许共享模板但独立内容；不生成未在词表中的音符组合	模板已确认；此实例内容待审核	T07	当前和弦的音名/键位/音程；原位和转位；可用时播放；清晰指法说明；相关查询链接
K0060	b piano chord	2400	保留	/chords/b-major	U077	后做	有规划URL	URL主词的原同义词	P150	b chord piano	同义词合并	chords	chords	查和弦键位		17	0	I	Semrush US原词估算	Semrush US 单词数据	S0300	piano_keyword_research_combined.xlsx｜关键词数据!A305:G305	b piano chord		同一对象与同一交付任务；人工词义归并	音名/和弦品质不同且来源已有该对象需求，允许共享模板但独立内容；不生成未在词表中的音符组合	模板已确认；此实例内容待审核	T07	当前和弦的音名/键位/音程；原位和转位；可用时播放；清晰指法说明；相关查询链接
K0062	common chord progressions	2400	保留	/chord-progressions	U087	后做	有规划URL	同页其他任务/查询；原归并关系另存	P172	common chord progressions	页面代表词	chord_progressions	chord_progressions	查和弦走向	common	30	0.35	I	Semrush US原词估算	Semrush US 单词数据	S0302	piano_keyword_research_combined.xlsx｜关键词数据!A307:G307	common chord progressions		同一对象与同一交付任务；人工词义归并	common、调性、情绪先在同一有例子的走向库筛选；并非同义合并；不把通用common词量替代piano主词量	后续同页补齐	T10	常见和弦走向集合；必须在该页提供实际结果，不只增加一个关键词。
K0073	am piano chord	1900	保留	/chords/a-minor	U078	先做	有规划URL	URL主关键词	P151	am piano chord	页面代表词	chords	chords	查和弦键位		19	0	I	Semrush US原词估算	Semrush US 单词数据	S0303	piano_keyword_research_combined.xlsx｜关键词数据!A308:G308	am piano chord		同一对象与同一交付任务；人工词义归并	音名/和弦品质不同且来源已有该对象需求，允许共享模板但独立内容；不生成未在词表中的音符组合	模板已确认；此实例内容待审核	T07	当前和弦的音名/键位/音程；原位和转位；可用时播放；清晰指法说明；相关查询链接
K0074	chords of key	1900	保留	/chords/by-key	U085	后做	有规划URL	URL主关键词	P152	chords of key	页面代表词	chords	chords	查调内和弦		20	2.38	I	Semrush US原词估算	Semrush US 单词数据; Semrush Strategy Builder 页面建议	S0305; S1872	piano_keyword_research_combined.xlsx｜关键词数据!A310:G310; 关键词策略构建器数据汇总.md｜L322｜beginner piano sheet music > easy piano sheet music with chords	chords of key		同一对象与同一交付任务；人工词义归并	调内和弦集合不等于单个同名和弦；初版各调先用一张查询表承接，不机械复制调性URL	按页面准备顺序验收	T08	有内容的调性选择器与各级和弦表；支持已有G/D/C/E/A/F及D minor任务
K0082	how to play chords on piano	1900	保留	/guide/piano-chords	U117	后做	有规划URL	URL主关键词	P220	how to play chords on piano	页面代表词	guide	guide	学习弹奏步骤		30	1.71	I	Semrush US原词估算	Semrush US 单词数据	S0306	piano_keyword_research_combined.xlsx｜关键词数据!A311:G311	how to play chords on piano		同一对象与同一交付任务；人工词义归并	基础和弦选学与连接动作按学习顺序合页；和弦表本身归/chords，不做重复的第二字典	按页面准备顺序验收	T22	步骤、构成、指法示意及连接练习；链接查图工具
K0086	music chord charts piano	1900	保留	/chords	U075	先做	有规划URL	URL主词的原同义词	P148	piano chord chart	同义词合并	chords	chords	查和弦键位		20	1.42	I	Semrush US原词估算	Semrush US 单词数据	S0308	piano_keyword_research_combined.xlsx｜关键词数据!A313:G313	music chord charts piano		同一对象与同一交付任务；人工词义归并	同一字典中的类型、print/PDF和读图FAQ不单独重复建页；七和弦集合不改写成major7	已确认基础范围	T06	默认有图表；根音/类型选择、试听、打印及读图说明。
K0100	chord chart piano	1600	保留	/chords	U075	先做	有规划URL	URL主词的原同义词	P148	piano chord chart	同义词合并	chords	chords	查和弦键位		20	1.54	I	Semrush US原词估算	Semrush US 单词数据	S0309	piano_keyword_research_combined.xlsx｜关键词数据!A314:G314	chord chart piano		同一对象与同一交付任务；人工词义归并	同一字典中的类型、print/PDF和读图FAQ不单独重复建页；七和弦集合不改写成major7	已确认基础范围	T06	默认有图表；根音/类型选择、试听、打印及读图说明。
K0116	piano chord progressions	1600	保留	/chord-progressions	U087	后做	有规划URL	URL主关键词	P173	piano chord progressions	页面代表词	chord_progressions	chord_progressions	查和弦走向		21	1.55	IC	Semrush US原词估算	Semrush US 单词数据; Semrush Strategy Builder 页面建议	S0290; S1766; S1940; S0312; S1875	piano_keyword_research_combined.xlsx｜关键词数据!A295:G295; 关键词策略构建器数据汇总.md｜L107｜piano chord chart > piano chord accompaniment; 关键词策略构建器数据汇总.md｜L464｜piano scales > piano chords and progressions; piano_keyword_research_combined.xlsx｜关键词数据!A317:G317; 关键词策略构建器数据汇总.md｜L325｜beginner piano sheet music > easy piano sheet music with chords	akkordfolgen piano; piano chord progressions	德语翻译	同一对象与同一交付任务；人工词义归并	common、调性、情绪先在同一有例子的走向库筛选；并非同义合并；不把通用common词量替代piano主词量	按页面准备顺序验收	T10	常见走向列表；C/E/A调转写选择；优美/愉快效果标签；含义与使用说明；打印
K0132	a major chord piano	1300	保留	/chords/a-major	U076	先做	有规划URL	URL主词的原同义词	P149	a chord piano	同义词合并	chords	chords	查和弦键位		16	0	I	Semrush US原词估算	Semrush US 单词数据	S0315	piano_keyword_research_combined.xlsx｜关键词数据!A320:G320	a major chord piano		同一对象与同一交付任务；人工词义归并	音名/和弦品质不同且来源已有该对象需求，允许共享模板但独立内容；不生成未在词表中的音符组合	模板已确认；此实例内容待审核	T07	当前和弦的音名/键位/音程；原位和转位；可用时播放；清晰指法说明；相关查询链接
K0134	am on piano chord	1300	保留	/chords/a-minor	U078	先做	有规划URL	URL主词的原同义词	P151	am piano chord	同义词合并	chords	chords	查和弦键位		19	0	I	Semrush US原词估算	Semrush US 单词数据	S0317	piano_keyword_research_combined.xlsx｜关键词数据!A322:G322	am on piano chord		同一对象与同一交付任务；人工词义归并	音名/和弦品质不同且来源已有该对象需求，允许共享模板但独立内容；不生成未在词表中的音符组合	模板已确认；此实例内容待审核	T07	当前和弦的音名/键位/音程；原位和转位；可用时播放；清晰指法说明；相关查询链接
K0136	b major chord in piano	1300	保留	/chords/b-major	U077	后做	有规划URL	URL主词的原同义词	P150	b chord piano	同义词合并	chords	chords	查和弦键位		17	0	I	Semrush US原词估算	Semrush US 单词数据	S0318	piano_keyword_research_combined.xlsx｜关键词数据!A323:G323	b major chord in piano		同一对象与同一交付任务；人工词义归并	音名/和弦品质不同且来源已有该对象需求，允许共享模板但独立内容；不生成未在词表中的音符组合	模板已确认；此实例内容待审核	T07	当前和弦的音名/键位/音程；原位和转位；可用时播放；清晰指法说明；相关查询链接
K0137	b major chords on piano	1300	保留	/chords/b-major	U077	后做	有规划URL	URL主词的原同义词	P150	b chord piano	同义词合并	chords	chords	查和弦键位		16	0	I	Semrush US原词估算	Semrush US 单词数据	S0319	piano_keyword_research_combined.xlsx｜关键词数据!A324:G324	b major chords on piano		同一对象与同一交付任务；人工词义归并	音名/和弦品质不同且来源已有该对象需求，允许共享模板但独立内容；不生成未在词表中的音符组合	模板已确认；此实例内容待审核	T07	当前和弦的音名/键位/音程；原位和转位；可用时播放；清晰指法说明；相关查询链接
K0138	basic piano chords	1300	保留	/guide/piano-chords	U117	后做	有规划URL	同页其他任务/查询；原归并关系另存	P225	basic piano chords	页面代表词	guide	guide	学习弹奏步骤	beginner	28	3.21	I	Semrush US原词估算	Semrush US 单词数据	S0320	piano_keyword_research_combined.xlsx｜关键词数据!A325:G325	basic piano chords		同一对象与同一交付任务；人工词义归并	基础和弦选学与连接动作按学习顺序合页；和弦表本身归/chords，不做重复的第二字典	后续同页补齐	T22	初学钢琴基础和弦选择与弹法；必须在该页提供实际结果，不只增加一个关键词。
K0145	chord b on piano	1300	保留	/chords/b-major	U077	后做	有规划URL	URL主词的原同义词	P150	b chord piano	同义词合并	chords	chords	查和弦键位		16	0	I	Semrush US原词估算	Semrush US 单词数据	S0321	piano_keyword_research_combined.xlsx｜关键词数据!A326:G326	chord b on piano		同一对象与同一交付任务；人工词义归并	音名/和弦品质不同且来源已有该对象需求，允许共享模板但独立内容；不生成未在词表中的音符组合	模板已确认；此实例内容待审核	T07	当前和弦的音名/键位/音程；原位和转位；可用时播放；清晰指法说明；相关查询链接
K0146	chord finder piano	1300	保留	/chords/finder	U086	后做	有规划URL	URL主关键词	P153	chord finder piano	页面代表词	chords	chords	识别和弦		14	1.15	I	Semrush US原词估算	Semrush US 单词数据	S0322	piano_keyword_research_combined.xlsx｜关键词数据!A327:G327	chord finder piano		同一对象与同一交付任务；人工词义归并	输入音符求名称与已知和弦查图的输入输出不同，保留独立工具页	按页面准备顺序验收	T09	选择音符；列出可能命名、低音与拼写说明
K0147	chords in the key of a	1300	保留	/chords/by-key	U085	后做	有规划URL	同页其他任务/查询；原归并关系另存	P161	piano chords in a	同页补充/条件/问题（非同义）	chords	chords	查调内和弦	a-major	19	0	I	Semrush US原词估算	Semrush US 单词数据	S0323	piano_keyword_research_combined.xlsx｜关键词数据!A328:G328	chords in the key of a		共享乐理可由本任务内容覆盖；非同义，不使用其量替代钢琴代表词量	调内和弦集合不等于单个同名和弦；初版各调先用一张查询表承接，不机械复制调性URL	后续同页补齐	T08	查询A大调和弦集合；必须在该页提供实际结果，不只增加一个关键词。
K0170	minor chords piano	1300	保留	/chords	U075	先做	有规划URL	同页其他任务/查询；原归并关系另存	P154	minor chords piano	页面代表词	chords	chords	查和弦键位	minor	19	0	I	Semrush US原词估算	Semrush US 单词数据	S0325	piano_keyword_research_combined.xlsx｜关键词数据!A330:G330	minor chords piano		同一对象与同一交付任务；人工词义归并	同一字典中的类型、print/PDF和读图FAQ不单独重复建页；七和弦集合不改写成major7	后续同页补齐	T06	minor 选择后显示经过核对的实际和弦结果。
K0177	piano fingering chart	1300	保留	/keyboard-notes/finger-numbers	U071	后做	有规划URL	URL主关键词	P126	piano fingering chart	页面代表词	keyboard_notes	keyboard_notes	查手指编号		12	2.1	I	Semrush US原词估算	Semrush US 单词数据; Semrush Strategy Builder 页面建议	S0040; S1965	piano_keyword_research_combined.xlsx｜关键词数据!A45:G45; 关键词策略构建器数据汇总.md｜L510｜piano scales > piano scales and fingering	piano fingering chart		同一对象与同一交付任务；人工词义归并	手指编号与键盘数字、具体音阶指法分开说明，不靠同一个numbers词强合	按页面准备顺序验收	T20	左右手编号图；基础使用说明；链接到具体和弦/音阶指法
K0187	a flat chord piano	1000	保留	/chords/a-flat-major	U079	后做	有规划URL	URL主关键词	P155	a flat chord piano	页面代表词	chords	chords	查和弦键位		18	0	I	Semrush US原词估算	Semrush US 单词数据	S0330	piano_keyword_research_combined.xlsx｜关键词数据!A335:G335	a flat chord piano		同一对象与同一交付任务；人工词义归并	音名/和弦品质不同且来源已有该对象需求，允许共享模板但独立内容；不生成未在词表中的音符组合	模板已确认；此实例内容待审核	T07	当前和弦的音名/键位/音程；原位和转位；可用时播放；清晰指法说明；相关查询链接
K0188	a flat piano chord	1000	保留	/chords/a-flat-major	U079	后做	有规划URL	URL主词的原同义词	P155	a flat chord piano	同义词合并	chords	chords	查和弦键位		17	0	I	Semrush US原词估算	Semrush US 单词数据	S0331	piano_keyword_research_combined.xlsx｜关键词数据!A336:G336	a flat piano chord		同一对象与同一交付任务；人工词义归并	音名/和弦品质不同且来源已有该对象需求，允许共享模板但独立内容；不生成未在词表中的音符组合	模板已确认；此实例内容待审核	T07	当前和弦的音名/键位/音程；原位和转位；可用时播放；清晰指法说明；相关查询链接
K0189	a minor piano chord	1000	保留	/chords/a-minor	U078	先做	有规划URL	URL主词的原同义词	P151	am piano chord	同义词合并	chords	chords	查和弦键位		12	0	I	Semrush US原词估算	Semrush US 单词数据	S0332	piano_keyword_research_combined.xlsx｜关键词数据!A337:G337	a minor piano chord		同一对象与同一交付任务；人工词义归并	音名/和弦品质不同且来源已有该对象需求，允许共享模板但独立内容；不生成未在词表中的音符组合	模板已确认；此实例内容待审核	T07	当前和弦的音名/键位/音程；原位和转位；可用时播放；清晰指法说明；相关查询链接
K0196	chords in g major scale piano	1000	保留	/chords/by-key	U085	后做	有规划URL	同页其他任务/查询；原归并关系另存	P156	chords in g major scale piano	页面代表词	chords	chords	查调内和弦	g-major	15	0	I	Semrush US原词估算	Semrush US 单词数据	S0044	piano_keyword_research_combined.xlsx｜关键词数据!A49:G49	chords in g major scale piano		人工复核为同一查询任务	调内和弦集合不等于单个同名和弦；初版各调先用一张查询表承接，不机械复制调性URL	后续同页补齐	T08	查G大调各级和弦；必须在该页提供实际结果，不只增加一个关键词。
K0197	chords of a major key	1000	保留	/chords/by-key	U085	后做	有规划URL	同页其他任务/查询；原归并关系另存	P161	piano chords in a	同页补充/条件/问题（非同义）	chords	chords	查调内和弦	a-major	16	0	I	Semrush US原词估算	Semrush US 单词数据	S0333	piano_keyword_research_combined.xlsx｜关键词数据!A338:G338	chords of a major key		共享乐理可由本任务内容覆盖；非同义，不使用其量替代钢琴代表词量	调内和弦集合不等于单个同名和弦；初版各调先用一张查询表承接，不机械复制调性URL	后续同页补齐	T08	查询A大调和弦集合；必须在该页提供实际结果，不只增加一个关键词。
K0224	major key chords	1000	保留	/chords/by-key	U085	后做	有规划URL	URL主词的原同义词	P152	chords of key	同义词合并	chords	chords	查调内和弦		20	0	I	Semrush US原词估算	Semrush US 单词数据	S0334	piano_keyword_research_combined.xlsx｜关键词数据!A339:G339	major key chords		同一对象与同一交付任务；人工词义归并	调内和弦集合不等于单个同名和弦；初版各调先用一张查询表承接，不机械复制调性URL	按页面准备顺序验收	T08	有内容的调性选择器与各级和弦表；支持已有G/D/C/E/A/F及D minor任务
K0238	piano chords and progressions	1000	保留	/chord-progressions	U087	后做	有规划URL	URL主词的原同义词	P173	piano chord progressions	同义词合并	chord_progressions	chord_progressions	查和弦走向		28	1.18	I	Semrush US原词估算	Semrush US 单词数据	S0337	piano_keyword_research_combined.xlsx｜关键词数据!A342:G342	piano chords and progressions		同一对象与同一交付任务；人工词义归并	common、调性、情绪先在同一有例子的走向库筛选；并非同义合并；不把通用common词量替代piano主词量	按页面准备顺序验收	T10	常见走向列表；C/E/A调转写选择；优美/愉快效果标签；含义与使用说明；打印
K0260	a major key chords	880	保留	/chords/by-key	U085	后做	有规划URL	同页其他任务/查询；原归并关系另存	P161	piano chords in a	同页补充/条件/问题（非同义）	chords	chords	查调内和弦	a-major	19	2.38	I	Semrush US原词估算	Semrush US 单词数据	S0341	piano_keyword_research_combined.xlsx｜关键词数据!A346:G346	a major key chords		共享乐理可由本任务内容覆盖；非同义，不使用其量替代钢琴代表词量	调内和弦集合不等于单个同名和弦；初版各调先用一张查询表承接，不机械复制调性URL	后续同页补齐	T08	查询A大调和弦集合；必须在该页提供实际结果，不只增加一个关键词。
K0266	chord progressions piano	880	保留	/chord-progressions	U087	后做	有规划URL	URL主词的原同义词	P173	piano chord progressions	同义词合并	chord_progressions	chord_progressions	查和弦走向		23	1.55	IC	Semrush US原词估算	Semrush US 单词数据	S0343	piano_keyword_research_combined.xlsx｜关键词数据!A348:G348	chord progressions piano		同一对象与同一交付任务；人工词义归并	common、调性、情绪先在同一有例子的走向库筛选；并非同义合并；不把通用common词量替代piano主词量	按页面准备顺序验收	T10	常见走向列表；C/E/A调转写选择；优美/愉快效果标签；含义与使用说明；打印
K0267	chords in the key of a major	880	保留	/chords/by-key	U085	后做	有规划URL	同页其他任务/查询；原归并关系另存	P161	piano chords in a	同页补充/条件/问题（非同义）	chords	chords	查调内和弦	a-major	19	2.38	I	Semrush US原词估算	Semrush US 单词数据	S0344	piano_keyword_research_combined.xlsx｜关键词数据!A349:G349	chords in the key of a major		共享乐理可由本任务内容覆盖；非同义，不使用其量替代钢琴代表词量	调内和弦集合不等于单个同名和弦；初版各调先用一张查询表承接，不机械复制调性URL	后续同页补齐	T08	查询A大调和弦集合；必须在该页提供实际结果，不只增加一个关键词。
K0268	d major scale piano chords	880	保留	/chords/by-key	U085	后做	有规划URL	同页其他任务/查询；原归并关系另存	P157	d major scale piano chords	页面代表词	chords	chords	查调内和弦	d-major	21	0	I	Semrush US原词估算	Semrush US 单词数据	S0069	piano_keyword_research_combined.xlsx｜关键词数据!A74:G74	d major scale piano chords		同一对象与同一交付任务；人工词义归并	调内和弦集合不等于单个同名和弦；初版各调先用一张查询表承接，不机械复制调性URL	后续同页补齐	T08	查D大调各级和弦；必须在该页提供实际结果，不只增加一个关键词。
K0275	easy piano chords	880	保留	/guide/piano-chords	U117	后做	有规划URL	同页其他任务/查询；原归并关系另存	P225	basic piano chords	同义词合并	guide	guide	学习弹奏步骤	beginner	23	2.75	I	Semrush US原词估算	Semrush US 单词数据	S0346	piano_keyword_research_combined.xlsx｜关键词数据!A351:G351	easy piano chords		同一对象与同一交付任务；人工词义归并	基础和弦选学与连接动作按学习顺序合页；和弦表本身归/chords，不做重复的第二字典	后续同页补齐	T22	初学钢琴基础和弦选择与弹法；必须在该页提供实际结果，不只增加一个关键词。
K0288	g major scale piano chords	880	保留	/chords/by-key	U085	后做	有规划URL	同页其他任务/查询；原归并关系另存	P156	chords in g major scale piano	同义词合并	chords	chords	查调内和弦	g-major	22	0	I	Semrush US原词估算	Semrush US 单词数据	S0078	piano_keyword_research_combined.xlsx｜关键词数据!A83:G83	g major scale piano chords		同一对象与同一交付任务；人工词义归并	调内和弦集合不等于单个同名和弦；初版各调先用一张查询表承接，不机械复制调性URL	后续同页补齐	T08	查G大调各级和弦；必须在该页提供实际结果，不只增加一个关键词。
K0294	major chords piano	880	保留	/chords	U075	先做	有规划URL	同页其他任务/查询；原归并关系另存	P158	major chords piano	页面代表词	chords	chords	查和弦键位	major	22	1.17	I	Semrush US原词估算	Semrush US 单词数据	S0347	piano_keyword_research_combined.xlsx｜关键词数据!A352:G352	major chords piano		同义表达；保留全部来源	同一字典中的类型、print/PDF和读图FAQ不单独重复建页；七和弦集合不改写成major7	已确认基础范围	T06	major 选择后显示经过核对的实际和弦结果。
K0318	popular chord progressions	880	保留	/chord-progressions	U087	后做	有规划URL	同页其他任务/查询；原归并关系另存	P172	common chord progressions	同义词合并	chord_progressions	chord_progressions	查和弦走向	common	27	0.19	I	Semrush US原词估算	Semrush US 单词数据	S0350	piano_keyword_research_combined.xlsx｜关键词数据!A355:G355	popular chord progressions		同一对象与同一交付任务；人工词义归并	common、调性、情绪先在同一有例子的走向库筛选；并非同义合并；不把通用common词量替代piano主词量	后续同页补齐	T10	常见和弦走向集合；必须在该页提供实际结果，不只增加一个关键词。
K0334	a major piano chord	720	保留	/chords/a-major	U076	先做	有规划URL	URL主词的原同义词	P149	a chord piano	同义词合并	chords	chords	查和弦键位		23	0	I	Semrush US原词估算	Semrush US 单词数据	S0351	piano_keyword_research_combined.xlsx｜关键词数据!A356:G356	a major piano chord		同一对象与同一交付任务；人工词义归并	音名/和弦品质不同且来源已有该对象需求，允许共享模板但独立内容；不生成未在词表中的音符组合	模板已确认；此实例内容待审核	T07	当前和弦的音名/键位/音程；原位和转位；可用时播放；清晰指法说明；相关查询链接
K0335	a major scale chords	720	保留	/chords/by-key	U085	后做	有规划URL	同页其他任务/查询；原归并关系另存	P161	piano chords in a	同页补充/条件/问题（非同义）	chords	chords	查调内和弦	a-major	16	0	I	Semrush US原词估算	Semrush US 单词数据	S0093	piano_keyword_research_combined.xlsx｜关键词数据!A98:G98	a major scale chords		共享乐理可由本任务内容覆盖；非同义，不使用其量替代钢琴代表词量	调内和弦集合不等于单个同名和弦；初版各调先用一张查询表承接，不机械复制调性URL	后续同页补齐	T08	查询A大调和弦集合；必须在该页提供实际结果，不只增加一个关键词。
K0343	c major scale chords piano	720	保留	/chords/by-key	U085	后做	有规划URL	同页其他任务/查询；原归并关系另存	P159	c major scale chords piano	页面代表词	chords	chords	查调内和弦	c-major	19	1.09	I	Semrush US原词估算	Semrush US 单词数据	S0097	piano_keyword_research_combined.xlsx｜关键词数据!A102:G102	c major scale chords piano		同一对象与同一交付任务；人工词义归并	调内和弦集合不等于单个同名和弦；初版各调先用一张查询表承接，不机械复制调性URL	后续同页补齐	T08	查C大调各级和弦；必须在该页提供实际结果，不只增加一个关键词。
K0345	chord sequences	720	保留	/chord-progressions	U087	后做	有规划URL	同页其他任务/查询；原归并关系另存	P173	piano chord progressions	同页补充/条件/问题（非同义）	chord_progressions	chord_progressions	查和弦走向		31	0.68	I	Semrush US原词估算	Semrush US 单词数据	S0354	piano_keyword_research_combined.xlsx｜关键词数据!A359:G359	chord sequences		共享乐理可由本任务内容覆盖；非同义，不使用其量替代钢琴代表词量	common、调性、情绪先在同一有例子的走向库筛选；并非同义合并；不把通用common词量替代piano主词量	按页面准备顺序验收	T10	常见走向列表；C/E/A调转写选择；优美/愉快效果标签；含义与使用说明；打印
K0346	chords for the key of a	720	保留	/chords/by-key	U085	后做	有规划URL	同页其他任务/查询；原归并关系另存	P161	piano chords in a	同页补充/条件/问题（非同义）	chords	chords	查调内和弦	a-major	14	2.38	I	Semrush US原词估算	Semrush US 单词数据	S0356	piano_keyword_research_combined.xlsx｜关键词数据!A361:G361	chords for the key of a		共享乐理可由本任务内容覆盖；非同义，不使用其量替代钢琴代表词量	调内和弦集合不等于单个同名和弦；初版各调先用一张查询表承接，不机械复制调性URL	后续同页补齐	T08	查询A大调和弦集合；必须在该页提供实际结果，不只增加一个关键词。
K0347	chords key a	720	保留	/chords/by-key	U085	后做	有规划URL	同页其他任务/查询；原归并关系另存	P161	piano chords in a	同页补充/条件/问题（非同义）	chords	chords	查调内和弦	a-major	20	2.38	I	Semrush US原词估算	Semrush US 单词数据	S0357	piano_keyword_research_combined.xlsx｜关键词数据!A362:G362	chords key a		共享乐理可由本任务内容覆盖；非同义，不使用其量替代钢琴代表词量	调内和弦集合不等于单个同名和弦；初版各调先用一张查询表承接，不机械复制调性URL	后续同页补齐	T08	查询A大调和弦集合；必须在该页提供实际结果，不只增加一个关键词。
K0380	key of a chords	720	保留	/chords/by-key	U085	后做	有规划URL	同页其他任务/查询；原归并关系另存	P161	piano chords in a	同页补充/条件/问题（非同义）	chords	chords	查调内和弦	a-major	14	2.38	I	Semrush US原词估算	Semrush US 单词数据	S0358	piano_keyword_research_combined.xlsx｜关键词数据!A363:G363	key of a chords		共享乐理可由本任务内容覆盖；非同义，不使用其量替代钢琴代表词量	调内和弦集合不等于单个同名和弦；初版各调先用一张查询表承接，不机械复制调性URL	后续同页补齐	T08	查询A大调和弦集合；必须在该页提供实际结果，不只增加一个关键词。
K0388	minor chords on the piano	720	保留	/chords	U075	先做	有规划URL	同页其他任务/查询；原归并关系另存	P154	minor chords piano	同义词合并	chords	chords	查和弦键位	minor	19	0	I	Semrush US原词估算	Semrush US 单词数据	S0359	piano_keyword_research_combined.xlsx｜关键词数据!A364:G364	minor chords on the piano		同一对象与同一交付任务；人工词义归并	同一字典中的类型、print/PDF和读图FAQ不单独重复建页；七和弦集合不改写成major7	后续同页补齐	T06	minor 选择后显示经过核对的实际和弦结果。
K0390	most common chord progressions	720	保留	/chord-progressions	U087	后做	有规划URL	同页其他任务/查询；原归并关系另存	P172	common chord progressions	同义词合并	chord_progressions	chord_progressions	查和弦走向	common	18	0.08	I	Semrush US原词估算	Semrush US 单词数据	S0360	piano_keyword_research_combined.xlsx｜关键词数据!A365:G365	most common chord progressions		同一对象与同一交付任务；人工词义归并	common、调性、情绪先在同一有例子的走向库筛选；并非同义合并；不把通用common词量替代piano主词量	后续同页补齐	T10	常见和弦走向集合；必须在该页提供实际结果，不只增加一个关键词。
K0402	piano chord sequences	720	保留	/chord-progressions	U087	后做	有规划URL	URL主词的原同义词	P173	piano chord progressions	同义词合并	chord_progressions	chord_progressions	查和弦走向		22	1.55	I	Semrush US原词估算	Semrush US 单词数据	S0363	piano_keyword_research_combined.xlsx｜关键词数据!A368:G368	piano chord sequences		同一对象与同一交付任务；人工词义归并	common、调性、情绪先在同一有例子的走向库筛选；并非同义合并；不把通用common词量替代piano主词量	按页面准备顺序验收	T10	常见走向列表；C/E/A调转写选择；优美/愉快效果标签；含义与使用说明；打印
K0403	piano chords in e	720	保留	/chords/by-key	U085	后做	有规划URL	同页其他任务/查询；原归并关系另存	P160	piano chords in e	页面代表词	chords	chords	查调内和弦	e-major	18	1.25	I	Semrush US原词估算	Semrush US 单词数据	S0364	piano_keyword_research_combined.xlsx｜关键词数据!A369:G369	piano chords in e		同义表达；保留全部来源	调内和弦集合不等于单个同名和弦；初版各调先用一张查询表承接，不机械复制调性URL	后续同页补齐	T08	查E大调各级和弦；必须在该页提供实际结果，不只增加一个关键词。
K0404	piano chords in key of g	720	保留	/chords/by-key	U085	后做	有规划URL	同页其他任务/查询；原归并关系另存	P156	chords in g major scale piano	同义词合并	chords	chords	查调内和弦	g-major	22	0	I	Semrush US原词估算	Semrush US 单词数据	S0365	piano_keyword_research_combined.xlsx｜关键词数据!A370:G370	piano chords in key of g		同义表达；保留全部来源	调内和弦集合不等于单个同名和弦；初版各调先用一张查询表承接，不机械复制调性URL	后续同页补齐	T08	查G大调各级和弦；必须在该页提供实际结果，不只增加一个关键词。
K0413	piano progressions	720	保留	/chord-progressions	U087	后做	有规划URL	URL主词的原同义词	P173	piano chord progressions	同义词合并	chord_progressions	chord_progressions	查和弦走向		20	1.18	I	Semrush US原词估算	Semrush US 单词数据	S0366	piano_keyword_research_combined.xlsx｜关键词数据!A371:G371	piano progressions		同一对象与同一交付任务；人工词义归并	common、调性、情绪先在同一有例子的走向库筛选；并非同义合并；不把通用common词量替代piano主词量	按页面准备顺序验收	T10	常见走向列表；C/E/A调转写选择；优美/愉快效果标签；含义与使用说明；打印
K0430	a chord on piano	590	保留	/chords/a-major	U076	先做	有规划URL	URL主词的原同义词	P149	a chord piano	同义词合并	chords	chords	查和弦键位		11	0.58	I	Semrush US原词估算	Semrush US 单词数据	S0368	piano_keyword_research_combined.xlsx｜关键词数据!A373:G373	a chord on piano		同一对象与同一交付任务；人工词义归并	音名/和弦品质不同且来源已有该对象需求，允许共享模板但独立内容；不生成未在词表中的音符组合	模板已确认；此实例内容待审核	T07	当前和弦的音名/键位/音程；原位和转位；可用时播放；清晰指法说明；相关查询链接
K0433	all chords on a piano	590	保留	/chords	U075	先做	有规划URL	URL主词的原同义词	P148	piano chord chart	同义词合并	chords	chords	查和弦键位		30	3.07	I	Semrush US原词估算	Semrush US 单词数据	S0369	piano_keyword_research_combined.xlsx｜关键词数据!A374:G374	all chords on a piano		同一对象与同一交付任务；人工词义归并	同一字典中的类型、print/PDF和读图FAQ不单独重复建页；七和弦集合不改写成major7	已确认基础范围	T06	默认有图表；根音/类型选择、试听、打印及读图说明。
K0434	b chord on piano	590	保留	/chords/b-major	U077	后做	有规划URL	URL主词的原同义词	P150	b chord piano	同义词合并	chords	chords	查和弦键位		17	0	I	Semrush US原词估算	Semrush US 单词数据	S0370	piano_keyword_research_combined.xlsx｜关键词数据!A375:G375	b chord on piano		同一对象与同一交付任务；人工词义归并	音名/和弦品质不同且来源已有该对象需求，允许共享模板但独立内容；不生成未在词表中的音符组合	模板已确认；此实例内容待审核	T07	当前和弦的音名/键位/音程；原位和转位；可用时播放；清晰指法说明；相关查询链接
K0444	c major chord progressions	590	保留	/chord-progressions	U087	后做	有规划URL	同页其他任务/查询；原归并关系另存	P174	c major chord progressions	页面代表词	chord_progressions	chord_progressions	查和弦走向	c-major	21	0	I	Semrush US原词估算	Semrush US 单词数据	S0372	piano_keyword_research_combined.xlsx｜关键词数据!A377:G377	c major chord progressions		同一对象与同一交付任务；人工词义归并	common、调性、情绪先在同一有例子的走向库筛选；并非同义合并；不把通用common词量替代piano主词量	后续同页补齐	T10	C大调和弦走向；必须在该页提供实际结果，不只增加一个关键词。
K0447	chord patterns piano	590	保留	/chord-progressions	U087	后做	有规划URL	URL主词的原同义词	P173	piano chord progressions	同义词合并	chord_progressions	chord_progressions	查和弦走向		23	1.55	I	Semrush US原词估算	Semrush US 单词数据	S0373	piano_keyword_research_combined.xlsx｜关键词数据!A378:G378	chord patterns piano		同一对象与同一交付任务；人工词义归并	common、调性、情绪先在同一有例子的走向库筛选；并非同义合并；不把通用common词量替代piano主词量	按页面准备顺序验收	T10	常见走向列表；C/E/A调转写选择；优美/愉快效果标签；含义与使用说明；打印
K0448	chords in a key	590	保留	/chords/by-key	U085	后做	有规划URL	URL主词的原同义词	P152	chords of key	同义词合并	chords	chords	查调内和弦		15	0	I	Semrush US原词估算	Semrush US 单词数据	S0374	piano_keyword_research_combined.xlsx｜关键词数据!A379:G379	chords in a key		同一对象与同一交付任务；人工词义归并	调内和弦集合不等于单个同名和弦；初版各调先用一张查询表承接，不机械复制调性URL	按页面准备顺序验收	T08	有内容的调性选择器与各级和弦表；支持已有G/D/C/E/A/F及D minor任务
K0450	common chord progressions key of e	590	保留	/chord-progressions	U087	后做	有规划URL	同页其他任务/查询；原归并关系另存	P175	common chord progressions key of e	页面代表词	chord_progressions	chord_progressions	查和弦走向	e-major	14	0	I	Semrush US原词估算	Semrush US 单词数据	S0375	piano_keyword_research_combined.xlsx｜关键词数据!A380:G380	common chord progressions key of e		同一对象与同一交付任务；人工词义归并	common、调性、情绪先在同一有例子的走向库筛选；并非同义合并；不把通用common词量替代piano主词量	后续同页补齐	T10	E调常用和弦走向；必须在该页提供实际结果，不只增加一个关键词。
K0470	famous chord progressions	590	保留	/chord-progressions	U087	后做	有规划URL	同页其他任务/查询；原归并关系另存	P172	common chord progressions	同义词合并	chord_progressions	chord_progressions	查和弦走向	common	31	0.19	I	Semrush US原词估算	Semrush US 单词数据	S0376	piano_keyword_research_combined.xlsx｜关键词数据!A381:G381	famous chord progressions		同一对象与同一交付任务；人工词义归并	common、调性、情绪先在同一有例子的走向库筛选；并非同义合并；不把通用common词量替代piano主词量	后续同页补齐	T10	常见和弦走向集合；必须在该页提供实际结果，不只增加一个关键词。
K0491	key of g piano chords	590	保留	/chords/by-key	U085	后做	有规划URL	同页其他任务/查询；原归并关系另存	P156	chords in g major scale piano	同义词合并	chords	chords	查调内和弦	g-major	22	0	I	Semrush US原词估算	Semrush US 单词数据	S0656	piano_keyword_research_combined.xlsx｜关键词数据!A661:G661	key of g piano chords		同义表达；保留全部来源	调内和弦集合不等于单个同名和弦；初版各调先用一张查询表承接，不机械复制调性URL	后续同页补齐	T08	查G大调各级和弦；必须在该页提供实际结果，不只增加一个关键词。
K0493	keyboard chords	590	保留	/chords	U075	先做	有规划URL	URL主词的原同义词	P148	piano chord chart	同义词合并	chords	chords	查和弦键位		29	2.19	I	Semrush US原词估算	Semrush US 单词数据	S0378	piano_keyword_research_combined.xlsx｜关键词数据!A383:G383	keyboard chords		同一对象与同一交付任务；人工词义归并	同一字典中的类型、print/PDF和读图FAQ不单独重复建页；七和弦集合不改写成major7	已确认基础范围	T06	默认有图表；根音/类型选择、试听、打印及读图说明。
K0521	piano chords in a	590	保留	/chords/by-key	U085	后做	有规划URL	同页其他任务/查询；原归并关系另存	P161	piano chords in a	页面代表词	chords	chords	查调内和弦	a-major	23	0.58	I	Semrush US原词估算	Semrush US 单词数据	S0383	piano_keyword_research_combined.xlsx｜关键词数据!A388:G388	piano chords in a		同一对象与同一交付任务；人工词义归并	调内和弦集合不等于单个同名和弦；初版各调先用一张查询表承接，不机械复制调性URL	后续同页补齐	T08	查询A大调和弦集合；必须在该页提供实际结果，不只增加一个关键词。
K0523	piano e chord	590	保留	/chords/e-major	U080	后做	有规划URL	URL主关键词	P162	piano e chord	页面代表词	chords	chords	查和弦键位		12	0.86	I	Semrush US原词估算	Semrush US 单词数据	S0384	piano_keyword_research_combined.xlsx｜关键词数据!A389:G389	piano e chord		同一对象与同一交付任务；人工词义归并	音名/和弦品质不同且来源已有该对象需求，允许共享模板但独立内容；不生成未在词表中的音符组合	模板已确认；此实例内容待审核	T07	当前和弦的音名/键位/音程；原位和转位；可用时播放；清晰指法说明；相关查询链接
K0567	ab chord on piano	480	保留	/chords/a-flat-major	U079	后做	有规划URL	URL主词的原同义词	P155	a flat chord piano	同义词合并	chords	chords	查和弦键位		14	0	I	Semrush US原词估算	Semrush US 单词数据	S0388	piano_keyword_research_combined.xlsx｜关键词数据!A393:G393	ab chord on piano		同一对象与同一交付任务；人工词义归并	音名/和弦品质不同且来源已有该对象需求，允许共享模板但独立内容；不生成未在词表中的音符组合	模板已确认；此实例内容待审核	T07	当前和弦的音名/键位/音程；原位和转位；可用时播放；清晰指法说明；相关查询链接
K0575	b chord on the piano	480	保留	/chords/b-major	U077	后做	有规划URL	URL主词的原同义词	P150	b chord piano	同义词合并	chords	chords	查和弦键位		16	0	I	Semrush US原词估算	Semrush US 单词数据	S0391	piano_keyword_research_combined.xlsx｜关键词数据!A396:G396	b chord on the piano		同一对象与同一交付任务；人工词义归并	音名/和弦品质不同且来源已有该对象需求，允许共享模板但独立内容；不生成未在词表中的音符组合	模板已确认；此实例内容待审核	T07	当前和弦的音名/键位/音程；原位和转位；可用时播放；清晰指法说明；相关查询链接
K0578	b major piano chord	480	保留	/chords/b-major	U077	后做	有规划URL	URL主词的原同义词	P150	b chord piano	同义词合并	chords	chords	查和弦键位		14	0	I	Semrush US原词估算	Semrush US 单词数据	S0392	piano_keyword_research_combined.xlsx｜关键词数据!A397:G397	b major piano chord		同一对象与同一交付任务；人工词义归并	音名/和弦品质不同且来源已有该对象需求，允许共享模板但独立内容；不生成未在词表中的音符组合	模板已确认；此实例内容待审核	T07	当前和弦的音名/键位/音程；原位和转位；可用时播放；清晰指法说明；相关查询链接
K0584	c chords piano	480	保留	/chords/c-major	U081	先做	有规划URL	URL主关键词	P163	c chords piano	页面代表词	chords	chords	查和弦键位		15	1.04	I	Semrush US原词估算	Semrush US 单词数据	S0395	piano_keyword_research_combined.xlsx｜关键词数据!A400:G400	c chords piano		同一对象与同一交付任务；人工词义归并	音名/和弦品质不同且来源已有该对象需求，允许共享模板但独立内容；不生成未在词表中的音符组合	模板已确认；此实例内容待审核	T07	当前和弦的音名/键位/音程；原位和转位；可用时播放；清晰指法说明；相关查询链接
K0585	c major scale piano chords	480	保留	/chords/by-key	U085	后做	有规划URL	同页其他任务/查询；原归并关系另存	P159	c major scale chords piano	同义词合并	chords	chords	查调内和弦	c-major	19	1.09	I	Semrush US原词估算	Semrush US 单词数据	S0160	piano_keyword_research_combined.xlsx｜关键词数据!A165:G165	c major scale piano chords		同一对象与同一交付任务；人工词义归并	调内和弦集合不等于单个同名和弦；初版各调先用一张查询表承接，不机械复制调性URL	后续同页补齐	T08	查C大调各级和弦；必须在该页提供实际结果，不只增加一个关键词。
K0586	chord structure piano	480	保留	/guide/piano-chords	U117	后做	有规划URL	同页其他任务/查询；原归并关系另存	P220	how to play chords on piano	同页补充/条件/问题（非同义）	guide	guide	学习弹奏步骤		29	1.55	I	Semrush US原词估算	Semrush US 单词数据	S0397	piano_keyword_research_combined.xlsx｜关键词数据!A402:G402	chord structure piano		可由同一任务页的说明/FAQ覆盖；不是同义词	基础和弦选学与连接动作按学习顺序合页；和弦表本身归/chords，不做重复的第二字典	按页面准备顺序验收	T22	步骤、构成、指法示意及连接练习；链接查图工具
K0587	chords in key of a	480	保留	/chords/by-key	U085	后做	有规划URL	同页其他任务/查询；原归并关系另存	P161	piano chords in a	同页补充/条件/问题（非同义）	chords	chords	查调内和弦	a-major	16	2.38	I	Semrush US原词估算	Semrush US 单词数据	S0398	piano_keyword_research_combined.xlsx｜关键词数据!A403:G403	chords in key of a		共享乐理可由本任务内容覆盖；非同义，不使用其量替代钢琴代表词量	调内和弦集合不等于单个同名和弦；初版各调先用一张查询表承接，不机械复制调性URL	后续同页补齐	T08	查询A大调和弦集合；必须在该页提供实际结果，不只增加一个关键词。
K0592	cool chord progressions	480	保留	/chord-progressions	U087	后做	有规划URL	同页其他任务/查询；原归并关系另存	P177	beautiful chord progressions piano	同页补充/条件/问题（非同义）	chord_progressions	chord_progressions	查和弦走向	beautiful	11	0.86	I	Semrush US原词估算	Semrush US 单词数据	S0400	piano_keyword_research_combined.xlsx｜关键词数据!A405:G405	cool chord progressions		同一对象与同一交付任务；人工词义归并	common、调性、情绪先在同一有例子的走向库筛选；并非同义合并；不把通用common词量替代piano主词量	后续同页补齐	T10	查询优美钢琴和弦走向；必须在该页提供实际结果，不只增加一个关键词。
K0598	e major scale chords piano	480	保留	/chords/by-key	U085	后做	有规划URL	同页其他任务/查询；原归并关系另存	P160	piano chords in e	同义词合并	chords	chords	查调内和弦	e-major	15	0	I	Semrush US原词估算	Semrush US 单词数据	S0165	piano_keyword_research_combined.xlsx｜关键词数据!A170:G170	e major scale chords piano		同一对象与同一交付任务；人工词义归并	调内和弦集合不等于单个同名和弦；初版各调先用一张查询表承接，不机械复制调性URL	后续同页补齐	T08	查E大调各级和弦；必须在该页提供实际结果，不只增加一个关键词。
K0627	key of f chords piano	480	保留	/chords/by-key	U085	后做	有规划URL	同页其他任务/查询；原归并关系另存	P164	key of f chords piano	页面代表词	chords	chords	查调内和弦	f-major	16	0	I	Semrush US原词估算	Semrush US 单词数据	S0707	piano_keyword_research_combined.xlsx｜关键词数据!A712:G712	key of f chords piano		同义表达；保留全部来源	调内和弦集合不等于单个同名和弦；初版各调先用一张查询表承接，不机械复制调性URL	后续同页补齐	T08	查F大调各级和弦；必须在该页提供实际结果，不只增加一个关键词。
K0628	key of g chords piano	480	保留	/chords/by-key	U085	后做	有规划URL	同页其他任务/查询；原归并关系另存	P156	chords in g major scale piano	同义词合并	chords	chords	查调内和弦	g-major	22	0	I	Semrush US原词估算	Semrush US 单词数据	S0708	piano_keyword_research_combined.xlsx｜关键词数据!A713:G713	key of g chords piano		同义表达；保留全部来源	调内和弦集合不等于单个同名和弦；初版各调先用一张查询表承接，不机械复制调性URL	后续同页补齐	T08	查G大调各级和弦；必须在该页提供实际结果，不只增加一个关键词。
K0657	piano chord cheat sheet	480	保留	/chords	U075	先做	有规划URL	URL主词的原同义词	P148	piano chord chart	同义词合并	chords	chords	查和弦键位		19	0.87	I	Semrush US原词估算	Semrush US 单词数据; Semrush Strategy Builder 页面建议	S0404; S1752; S1941	piano_keyword_research_combined.xlsx｜关键词数据!A409:G409; 关键词策略构建器数据汇总.md｜L79｜piano chord chart > piano chord chart; 关键词策略构建器数据汇总.md｜L465｜piano scales > piano chords and progressions	piano chord cheat sheet		同一对象与同一交付任务；人工词义归并	同一字典中的类型、print/PDF和读图FAQ不单独重复建页；七和弦集合不改写成major7	已确认基础范围	T06	默认有图表；根音/类型选择、试听、打印及读图说明。
K0658	piano chord diagram	480	保留	/chords	U075	先做	有规划URL	URL主词的原同义词	P148	piano chord chart	同义词合并	chords	chords	查和弦键位		29	1.42	I	Semrush US原词估算	Semrush US 单词数据	S0405	piano_keyword_research_combined.xlsx｜关键词数据!A410:G410	piano chord diagram		同一对象与同一交付任务；人工词义归并	同一字典中的类型、print/PDF和读图FAQ不单独重复建页；七和弦集合不改写成major7	已确认基础范围	T06	默认有图表；根音/类型选择、试听、打印及读图说明。
K0661	piano finger chart	480	保留	/keyboard-notes/finger-numbers	U071	后做	有规划URL	URL主词的原同义词	P126	piano fingering chart	同义词合并	keyboard_notes	keyboard_notes	查手指编号		8	2.1	I	Semrush US原词估算	Semrush US 单词数据	S0182	piano_keyword_research_combined.xlsx｜关键词数据!A187:G187	piano finger chart		同一对象与同一交付任务；人工词义归并	手指编号与键盘数字、具体音阶指法分开说明，不靠同一个numbers词强合	按页面准备顺序验收	T20	左右手编号图；基础使用说明；链接到具体和弦/音阶指法
K0664	piano keyboard chords for beginners	480	保留	/guide/piano-chords	U117	后做	有规划URL	同页其他任务/查询；原归并关系另存	P225	basic piano chords	同义词合并	guide	guide	学习弹奏步骤	beginner	27	2.08	I	Semrush US原词估算	Semrush US 单词数据	S0406	piano_keyword_research_combined.xlsx｜关键词数据!A411:G411	piano keyboard chords for beginners		同一对象与同一交付任务；人工词义归并	基础和弦选学与连接动作按学习顺序合页；和弦表本身归/chords，不做重复的第二字典	后续同页补齐	T22	初学钢琴基础和弦选择与弹法；必须在该页提供实际结果，不只增加一个关键词。
K0668	piano major chords	480	保留	/chords	U075	先做	有规划URL	同页其他任务/查询；原归并关系另存	P158	major chords piano	同义词合并	chords	chords	查和弦键位	major	22	1.17	I	Semrush US原词估算	Semrush US 单词数据	S0407	piano_keyword_research_combined.xlsx｜关键词数据!A412:G412	piano major chords		同义表达；保留全部来源	同一字典中的类型、print/PDF和读图FAQ不单独重复建页；七和弦集合不改写成major7	已确认基础范围	T06	major 选择后显示经过核对的实际和弦结果。
K0671	piano playing by chords	480	保留	/guide/piano-chords	U117	后做	有规划URL	URL主词的原同义词	P220	how to play chords on piano	同义词合并	guide	guide	学习弹奏步骤		29	1.45	I	Semrush US原词估算	Semrush US 单词数据	S0408	piano_keyword_research_combined.xlsx｜关键词数据!A413:G413	piano playing by chords		同一对象与同一交付任务；人工词义归并	基础和弦选学与连接动作按学习顺序合页；和弦表本身归/chords，不做重复的第二字典	按页面准备顺序验收	T22	步骤、构成、指法示意及连接练习；链接查图工具
K0705	a flat chords piano	390	保留	/chords/a-flat-major	U079	后做	有规划URL	URL主词的原同义词	P155	a flat chord piano	同义词合并	chords	chords	查和弦键位		18	0	I	Semrush US原词估算	Semrush US 单词数据	S0410	piano_keyword_research_combined.xlsx｜关键词数据!A415:G415	a flat chords piano		同一对象与同一交付任务；人工词义归并	音名/和弦品质不同且来源已有该对象需求，允许共享模板但独立内容；不生成未在词表中的音符组合	模板已确认；此实例内容待审核	T07	当前和弦的音名/键位/音程；原位和转位；可用时播放；清晰指法说明；相关查询链接
K0706	a major chord progression	390	保留	/chord-progressions	U087	后做	有规划URL	同页其他任务/查询；原归并关系另存	P176	a major chord progression	页面代表词	chord_progressions	chord_progressions	查和弦走向	a-major	15	0	I	Semrush US原词估算	Semrush US 单词数据	S0411	piano_keyword_research_combined.xlsx｜关键词数据!A416:G416	a major chord progression		同一对象与同一交付任务；人工词义归并	common、调性、情绪先在同一有例子的走向库筛选；并非同义合并；不把通用common词量替代piano主词量	后续同页补齐	T10	A大调和弦走向；必须在该页提供实际结果，不只增加一个关键词。
K0708	a minor chord on piano	390	保留	/chords/a-minor	U078	先做	有规划URL	URL主词的原同义词	P151	am piano chord	同义词合并	chords	chords	查和弦键位		7	0	I	Semrush US原词估算	Semrush US 单词数据	S0412	piano_keyword_research_combined.xlsx｜关键词数据!A417:G417	a minor chord on piano		同一对象与同一交付任务；人工词义归并	音名/和弦品质不同且来源已有该对象需求，允许共享模板但独立内容；不生成未在词表中的音符组合	模板已确认；此实例内容待审核	T07	当前和弦的音名/键位/音程；原位和转位；可用时播放；清晰指法说明；相关查询链接
K0709	a minor chords piano	390	保留	/chords/a-minor	U078	先做	有规划URL	URL主词的原同义词	P151	am piano chord	同义词合并	chords	chords	查和弦键位		11	0	I	Semrush US原词估算	Semrush US 单词数据	S0413	piano_keyword_research_combined.xlsx｜关键词数据!A418:G418	a minor chords piano		同一对象与同一交付任务；人工词义归并	音名/和弦品质不同且来源已有该对象需求，允许共享模板但独立内容；不生成未在词表中的音符组合	模板已确认；此实例内容待审核	T07	当前和弦的音名/键位/音程；原位和转位；可用时播放；清晰指法说明；相关查询链接
K0711	all chords piano	390	保留	/chords	U075	先做	有规划URL	URL主词的原同义词	P148	piano chord chart	同义词合并	chords	chords	查和弦键位		29	3.07	I	Semrush US原词估算	Semrush US 单词数据	S0414	piano_keyword_research_combined.xlsx｜关键词数据!A419:G419	all chords piano		同一对象与同一交付任务；人工词义归并	同一字典中的类型、print/PDF和读图FAQ不单独重复建页；七和弦集合不改写成major7	已确认基础范围	T06	默认有图表；根音/类型选择、试听、打印及读图说明。
K0714	am chord on piano	390	保留	/chords/a-minor	U078	先做	有规划URL	URL主词的原同义词	P151	am piano chord	同义词合并	chords	chords	查和弦键位		17	0	I	Semrush US原词估算	Semrush US 单词数据	S0416	piano_keyword_research_combined.xlsx｜关键词数据!A421:G421	am chord on piano		同一对象与同一交付任务；人工词义归并	音名/和弦品质不同且来源已有该对象需求，允许共享模板但独立内容；不生成未在词表中的音符组合	模板已确认；此实例内容待审核	T07	当前和弦的音名/键位/音程；原位和转位；可用时播放；清晰指法说明；相关查询链接
K0716	beautiful chord progressions	390	保留	/chord-progressions	U087	后做	有规划URL	同页其他任务/查询；原归并关系另存	P177	beautiful chord progressions piano	同页补充/条件/问题（非同义）	chord_progressions	chord_progressions	查和弦走向	beautiful	31	0	I	Semrush US原词估算	Semrush US 单词数据	S0417	piano_keyword_research_combined.xlsx｜关键词数据!A422:G422	beautiful chord progressions		共享乐理可由本任务内容覆盖；非同义，不使用其量替代钢琴代表词量	common、调性、情绪先在同一有例子的走向库筛选；并非同义合并；不把通用common词量替代piano主词量	后续同页补齐	T10	查询优美钢琴和弦走向；必须在该页提供实际结果，不只增加一个关键词。
K0728	chord cheat sheet piano	390	保留	/chords	U075	先做	有规划URL	URL主词的原同义词	P148	piano chord chart	同义词合并	chords	chords	查和弦键位		15	0.87	I	Semrush US原词估算	Semrush US 单词数据	S0419	piano_keyword_research_combined.xlsx｜关键词数据!A424:G424	chord cheat sheet piano		同一对象与同一交付任务；人工词义归并	同一字典中的类型、print/PDF和读图FAQ不单独重复建页；七和弦集合不改写成major7	已确认基础范围	T06	默认有图表；根音/类型选择、试听、打印及读图说明。
K0729	chord namer piano	390	保留	/chords/finder	U086	后做	有规划URL	URL主词的原同义词	P153	chord finder piano	同义词合并	chords	chords	识别和弦		19	0	I	Semrush US原词估算	Semrush US 单词数据	S0420	piano_keyword_research_combined.xlsx｜关键词数据!A425:G425	chord namer piano		同一对象与同一交付任务；人工词义归并	输入音符求名称与已知和弦查图的输入输出不同，保留独立工具页	按页面准备顺序验收	T09	选择音符；列出可能命名、低音与拼写说明
K0730	chord sheet piano	390	保留	/chords	U075	先做	有规划URL	URL主词的原同义词	P148	piano chord chart	同义词合并	chords	chords	查和弦键位		18	1.42	I	Semrush US原词估算	Semrush US 单词数据	S0421	piano_keyword_research_combined.xlsx｜关键词数据!A426:G426	chord sheet piano		同一对象与同一交付任务；人工词义归并	同一字典中的类型、print/PDF和读图FAQ不单独重复建页；七和弦集合不改写成major7	已确认基础范围	T06	默认有图表；根音/类型选择、试听、打印及读图说明。
K0731	chords in the a major scale	390	保留	/chords/by-key	U085	后做	有规划URL	同页其他任务/查询；原归并关系另存	P161	piano chords in a	同页补充/条件/问题（非同义）	chords	chords	查调内和弦	a-major	15	0	I	Semrush US原词估算	Semrush US 单词数据	S0199	piano_keyword_research_combined.xlsx｜关键词数据!A204:G204	chords in the a major scale		共享乐理可由本任务内容覆盖；非同义，不使用其量替代钢琴代表词量	调内和弦集合不等于单个同名和弦；初版各调先用一张查询表承接，不机械复制调性URL	后续同页补齐	T08	查询A大调和弦集合；必须在该页提供实际结果，不只增加一个关键词。
K0732	chords piano chart	390	保留	/chords	U075	先做	有规划URL	URL主词的原同义词	P148	piano chord chart	同义词合并	chords	chords	查和弦键位		26	1.42	I	Semrush US原词估算	Semrush US 单词数据	S0422	piano_keyword_research_combined.xlsx｜关键词数据!A427:G427	chords piano chart		同一对象与同一交付任务；人工词义归并	同一字典中的类型、print/PDF和读图FAQ不单独重复建页；七和弦集合不改写成major7	已确认基础范围	T06	默认有图表；根音/类型选择、试听、打印及读图说明。
K0756	f major scale chords piano	390	保留	/chords/by-key	U085	后做	有规划URL	同页其他任务/查询；原归并关系另存	P164	key of f chords piano	同义词合并	chords	chords	查调内和弦	f-major	23	0	I	Semrush US原词估算	Semrush US 单词数据	S0208	piano_keyword_research_combined.xlsx｜关键词数据!A213:G213	f major scale chords piano		同一对象与同一交付任务；人工词义归并	调内和弦集合不等于单个同名和弦；初版各调先用一张查询表承接，不机械复制调性URL	后续同页补齐	T08	查F大调各级和弦；必须在该页提供实际结果，不只增加一个关键词。
K0785	key chord chart	390	保留	/chords/by-key	U085	后做	有规划URL	URL主词的原同义词	P152	chords of key	同义词合并	chords	chords	查调内和弦		19	0	I	Semrush US原词估算	Semrush US 单词数据	S0425	piano_keyword_research_combined.xlsx｜关键词数据!A430:G430	key chord chart		同一对象与同一交付任务；人工词义归并	调内和弦集合不等于单个同名和弦；初版各调先用一张查询表承接，不机械复制调性URL	按页面准备顺序验收	T08	有内容的调性选择器与各级和弦表；支持已有G/D/C/E/A/F及D minor任务
K0786	key of f piano chords	390	保留	/chords/by-key	U085	后做	有规划URL	同页其他任务/查询；原归并关系另存	P164	key of f chords piano	同义词合并	chords	chords	查调内和弦	f-major	8	0	I	Semrush US原词估算	Semrush US 单词数据	S0766	piano_keyword_research_combined.xlsx｜关键词数据!A771:G771	key of f piano chords		同义表达；保留全部来源	调内和弦集合不等于单个同名和弦；初版各调先用一张查询表承接，不机械复制调性URL	后续同页补齐	T08	查F大调各级和弦；必须在该页提供实际结果，不只增加一个关键词。
K0801	major piano chords	390	保留	/chords	U075	先做	有规划URL	同页其他任务/查询；原归并关系另存	P158	major chords piano	同义词合并	chords	chords	查和弦键位	major	18	1.17	I	Semrush US原词估算	Semrush US 单词数据	S0427	piano_keyword_research_combined.xlsx｜关键词数据!A432:G432	major piano chords		同义表达；保留全部来源	同一字典中的类型、print/PDF和读图FAQ不单独重复建页；七和弦集合不改写成major7	已确认基础范围	T06	major 选择后显示经过核对的实际和弦结果。
K0806	minor piano chords	390	保留	/chords	U075	先做	有规划URL	同页其他任务/查询；原归并关系另存	P154	minor chords piano	同义词合并	chords	chords	查和弦键位	minor	15	0	I	Semrush US原词估算	Semrush US 单词数据	S0428	piano_keyword_research_combined.xlsx｜关键词数据!A433:G433	minor piano chords		同一对象与同一交付任务；人工词义归并	同一字典中的类型、print/PDF和读图FAQ不单独重复建页；七和弦集合不改写成major7	后续同页补齐	T06	minor 选择后显示经过核对的实际和弦结果。
K0823	piano a flat chord	390	保留	/chords/a-flat-major	U079	后做	有规划URL	URL主词的原同义词	P155	a flat chord piano	同义词合并	chords	chords	查和弦键位		19	0	I	Semrush US原词估算	Semrush US 单词数据	S0430	piano_keyword_research_combined.xlsx｜关键词数据!A435:G435	piano a flat chord		同一对象与同一交付任务；人工词义归并	音名/和弦品质不同且来源已有该对象需求，允许共享模板但独立内容；不生成未在词表中的音符组合	模板已确认；此实例内容待审核	T07	当前和弦的音名/键位/音程；原位和转位；可用时播放；清晰指法说明；相关查询链接
K0825	piano basic chords	390	保留	/guide/piano-chords	U117	后做	有规划URL	同页其他任务/查询；原归并关系另存	P225	basic piano chords	同义词合并	guide	guide	学习弹奏步骤	beginner	30	3.27	I	Semrush US原词估算	Semrush US 单词数据	S0431	piano_keyword_research_combined.xlsx｜关键词数据!A436:G436	piano basic chords		同一对象与同一交付任务；人工词义归并	基础和弦选学与连接动作按学习顺序合页；和弦表本身归/chords，不做重复的第二字典	后续同页补齐	T22	初学钢琴基础和弦选择与弹法；必须在该页提供实际结果，不只增加一个关键词。
K0826	piano beginner chords	390	保留	/guide/piano-chords	U117	后做	有规划URL	同页其他任务/查询；原归并关系另存	P225	basic piano chords	同义词合并	guide	guide	学习弹奏步骤	beginner	31	2.03	I	Semrush US原词估算	Semrush US 单词数据	S0432	piano_keyword_research_combined.xlsx｜关键词数据!A437:G437	piano beginner chords		同一对象与同一交付任务；人工词义归并	基础和弦选学与连接动作按学习顺序合页；和弦表本身归/chords，不做重复的第二字典	后续同页补齐	T22	初学钢琴基础和弦选择与弹法；必须在该页提供实际结果，不只增加一个关键词。
K0830	piano chord namer	390	保留	/chords/finder	U086	后做	有规划URL	URL主词的原同义词	P153	chord finder piano	同义词合并	chords	chords	识别和弦		20	0	I	Semrush US原词估算	Semrush US 单词数据	S0433	piano_keyword_research_combined.xlsx｜关键词数据!A438:G438	piano chord namer		同一对象与同一交付任务；人工词义归并	输入音符求名称与已知和弦查图的输入输出不同，保留独立工具页	按页面准备顺序验收	T09	选择音符；列出可能命名、低音与拼写说明
K0831	piano chords cheat sheet	390	保留	/chords	U075	先做	有规划URL	URL主词的原同义词	P148	piano chord chart	同义词合并	chords	chords	查和弦键位		24	0.87	I	Semrush US原词估算	Semrush US 单词数据	S0434	piano_keyword_research_combined.xlsx｜关键词数据!A439:G439	piano chords cheat sheet		同一对象与同一交付任务；人工词义归并	同一字典中的类型、print/PDF和读图FAQ不单独重复建页；七和弦集合不改写成major7	已确认基础范围	T06	默认有图表；根音/类型选择、试听、打印及读图说明。
K0849	piano progression chords	390	保留	/chord-progressions	U087	后做	有规划URL	URL主词的原同义词	P173	piano chord progressions	同义词合并	chord_progressions	chord_progressions	查和弦走向		20	1.18	I	Semrush US原词估算	Semrush US 单词数据	S0437	piano_keyword_research_combined.xlsx｜关键词数据!A442:G442	piano progression chords		同一对象与同一交付任务；人工词义归并	common、调性、情绪先在同一有例子的走向库筛选；并非同义合并；不把通用common词量替代piano主词量	按页面准备顺序验收	T10	常见走向列表；C/E/A调转写选择；优美/愉快效果标签；含义与使用说明；打印
K0879	what are chord progressions	390	保留	/chord-progressions	U087	后做	有规划URL	同页其他任务/查询；原归并关系另存	P237	what are chord progressions	页面代表词	guide	chord_progressions	查和弦走向	how-it-works	24	0.21	I	Semrush US原词估算	Semrush US 单词数据	S0439	piano_keyword_research_combined.xlsx｜关键词数据!A444:G444	what are chord progressions		同一对象与同一交付任务；人工词义归并	common、调性、情绪先在同一有例子的走向库筛选；并非同义合并；不把通用common词量替代piano主词量	后续同页补齐	T10	说明走向是什么，附可试弹例子。
K0888	am in piano	320	保留	/chords/a-minor	U078	先做	有规划URL	URL主词的原同义词	P151	am piano chord	同义词合并	chords	chords	查和弦键位		22	0	I	Semrush US原词估算	Semrush US 单词数据	S0442	piano_keyword_research_combined.xlsx｜关键词数据!A447:G447	am in piano		同一对象与同一交付任务；人工词义归并	音名/和弦品质不同且来源已有该对象需求，允许共享模板但独立内容；不生成未在词表中的音符组合	模板已确认；此实例内容待审核	T07	当前和弦的音名/键位/音程；原位和转位；可用时播放；清晰指法说明；相关查询链接
K0891	b chords piano	320	保留	/chords/b-major	U077	后做	有规划URL	URL主词的原同义词	P150	b chord piano	同义词合并	chords	chords	查和弦键位		16	0	I	Semrush US原词估算	Semrush US 单词数据	S0443	piano_keyword_research_combined.xlsx｜关键词数据!A448:G448	b chords piano		同一对象与同一交付任务；人工词义归并	音名/和弦品质不同且来源已有该对象需求，允许共享模板但独立内容；不生成未在词表中的音符组合	模板已确认；此实例内容待审核	T07	当前和弦的音名/键位/音程；原位和转位；可用时播放；清晰指法说明；相关查询链接
K0895	basic piano chord	320	保留	/guide/piano-chords	U117	后做	有规划URL	同页其他任务/查询；原归并关系另存	P225	basic piano chords	同义词合并	guide	guide	学习弹奏步骤	beginner	28	2.13	I	Semrush US原词估算	Semrush US 单词数据	S0445	piano_keyword_research_combined.xlsx｜关键词数据!A450:G450	basic piano chord		同一对象与同一交付任务；人工词义归并	基础和弦选学与连接动作按学习顺序合页；和弦表本身归/chords，不做重复的第二字典	后续同页补齐	T22	初学钢琴基础和弦选择与弹法；必须在该页提供实际结果，不只增加一个关键词。
K0909	chord progression piano	320	保留	/chord-progressions	U087	后做	有规划URL	URL主词的原同义词	P173	piano chord progressions	同义词合并	chord_progressions	chord_progressions	查和弦走向		29	1.55	I	Semrush US原词估算	Semrush US 单词数据	S0447	piano_keyword_research_combined.xlsx｜关键词数据!A452:G452	chord progression piano		同一对象与同一交付任务；人工词义归并	common、调性、情绪先在同一有例子的走向库筛选；并非同义合并；不把通用common词量替代piano主词量	按页面准备顺序验收	T10	常见走向列表；C/E/A调转写选择；优美/愉快效果标签；含义与使用说明；打印
K0910	chord sheets for piano	320	保留	/chords	U075	先做	有规划URL	URL主词的原同义词	P148	piano chord chart	同义词合并	chords	chords	查和弦键位		20	1.42	I	Semrush US原词估算	Semrush US 单词数据	S0448	piano_keyword_research_combined.xlsx｜关键词数据!A453:G453	chord sheets for piano		同一对象与同一交付任务；人工词义归并	同一字典中的类型、print/PDF和读图FAQ不单独重复建页；七和弦集合不改写成major7	已确认基础范围	T06	默认有图表；根音/类型选择、试听、打印及读图说明。
K0911	chords for key of a	320	保留	/chords/by-key	U085	后做	有规划URL	同页其他任务/查询；原归并关系另存	P161	piano chords in a	同页补充/条件/问题（非同义）	chords	chords	查调内和弦	a-major	27	0	I	Semrush US原词估算	Semrush US 单词数据	S0449	piano_keyword_research_combined.xlsx｜关键词数据!A454:G454	chords for key of a		共享乐理可由本任务内容覆盖；非同义，不使用其量替代钢琴代表词量	调内和弦集合不等于单个同名和弦；初版各调先用一张查询表承接，不机械复制调性URL	后续同页补齐	T08	查询A大调和弦集合；必须在该页提供实际结果，不只增加一个关键词。
K0913	chords in key a	320	保留	/chords/by-key	U085	后做	有规划URL	同页其他任务/查询；原归并关系另存	P161	piano chords in a	同页补充/条件/问题（非同义）	chords	chords	查调内和弦	a-major	20	2.38	I	Semrush US原词估算	Semrush US 单词数据	S0451	piano_keyword_research_combined.xlsx｜关键词数据!A456:G456	chords in key a		共享乐理可由本任务内容覆盖；非同义，不使用其量替代钢琴代表词量	调内和弦集合不等于单个同名和弦；初版各调先用一张查询表承接，不机械复制调性URL	后续同页补齐	T08	查询A大调和弦集合；必须在该页提供实际结果，不只增加一个关键词。
K0914	chords in the key of g piano	320	保留	/chords/by-key	U085	后做	有规划URL	同页其他任务/查询；原归并关系另存	P156	chords in g major scale piano	同义词合并	chords	chords	查调内和弦	g-major	22	0	I	Semrush US原词估算	Semrush US 单词数据	S0820	piano_keyword_research_combined.xlsx｜关键词数据!A825:G825	chords in the key of g piano		同义表达；保留全部来源	调内和弦集合不等于单个同名和弦；初版各调先用一张查询表承接，不机械复制调性URL	后续同页补齐	T08	查G大调各级和弦；必须在该页提供实际结果，不只增加一个关键词。
K0920	common chord patterns	320	保留	/chord-progressions	U087	后做	有规划URL	同页其他任务/查询；原归并关系另存	P172	common chord progressions	同义词合并	chord_progressions	chord_progressions	查和弦走向	common	25	0.35	I	Semrush US原词估算	Semrush US 单词数据	S0452	piano_keyword_research_combined.xlsx｜关键词数据!A457:G457	common chord patterns		同一对象与同一交付任务；人工词义归并	common、调性、情绪先在同一有例子的走向库筛选；并非同义合并；不把通用common词量替代piano主词量	后续同页补齐	T10	常见和弦走向集合；必须在该页提供实际结果，不只增加一个关键词。
K0921	common chord sequences	320	保留	/chord-progressions	U087	后做	有规划URL	同页其他任务/查询；原归并关系另存	P172	common chord progressions	同义词合并	chord_progressions	chord_progressions	查和弦走向	common	26	0.35	I	Semrush US原词估算	Semrush US 单词数据	S0453	piano_keyword_research_combined.xlsx｜关键词数据!A458:G458	common chord sequences		同一对象与同一交付任务；人工词义归并	common、调性、情绪先在同一有例子的走向库筛选；并非同义合并；不把通用common词量替代piano主词量	后续同页补齐	T10	常见和弦走向集合；必须在该页提供实际结果，不只增加一个关键词。
K0922	cool chord sequences	320	保留	/chord-progressions	U087	后做	有规划URL	同页其他任务/查询；原归并关系另存	P177	beautiful chord progressions piano	同页补充/条件/问题（非同义）	chord_progressions	chord_progressions	查和弦走向	beautiful	18	0.86	I	Semrush US原词估算	Semrush US 单词数据	S0454	piano_keyword_research_combined.xlsx｜关键词数据!A459:G459	cool chord sequences		同一对象与同一交付任务；人工词义归并	common、调性、情绪先在同一有例子的走向库筛选；并非同义合并；不把通用common词量替代piano主词量	后续同页补齐	T10	查询优美钢琴和弦走向；必须在该页提供实际结果，不只增加一个关键词。
K0925	d major scale chords piano	320	保留	/chords/by-key	U085	后做	有规划URL	同页其他任务/查询；原归并关系另存	P157	d major scale piano chords	同义词合并	chords	chords	查调内和弦	d-major	14	0	I	Semrush US原词估算	Semrush US 单词数据	S0247	piano_keyword_research_combined.xlsx｜关键词数据!A252:G252	d major scale chords piano		同一对象与同一交付任务；人工词义归并	调内和弦集合不等于单个同名和弦；初版各调先用一张查询表承接，不机械复制调性URL	后续同页补齐	T08	查D大调各级和弦；必须在该页提供实际结果，不只增加一个关键词。
K0927	d minor scale piano chords	320	保留	/chords/by-key	U085	后做	有规划URL	同页其他任务/查询；原归并关系另存	P165	d minor scale piano chords	页面代表词	chords	chords	查调内和弦	d-minor	8	0	I	Semrush US原词估算	Semrush US 单词数据	S0249	piano_keyword_research_combined.xlsx｜关键词数据!A254:G254	d minor scale piano chords		同一对象与同一交付任务；人工词义归并	调内和弦集合不等于单个同名和弦；初版各调先用一张查询表承接，不机械复制调性URL	后续同页补齐	T08	查D小调各级和弦；必须在该页提供实际结果，不只增加一个关键词。
K0939	easy piano chord chart	320	保留	/chords	U075	先做	有规划URL	同页其他任务/查询；原归并关系另存	P148	piano chord chart	同页补充/条件/问题（非同义）	chords	chords	查和弦键位		28	1.61	I	Semrush US原词估算	Semrush US 单词数据; Google Related	S0455; S2306	piano_keyword_research_combined.xlsx｜关键词数据!A460:G460; Google 第2批 图10	easy piano chord chart		可由同一任务页的说明/FAQ覆盖；不是同义词	同一字典中的类型、print/PDF和读图FAQ不单独重复建页；七和弦集合不改写成major7	已确认基础范围	T06	默认有图表；根音/类型选择、试听、打印及读图说明。
K0986	key chords	320	保留	/chords/by-key	U085	后做	有规划URL	URL主词的原同义词	P152	chords of key	同义词合并	chords	chords	查调内和弦		20	2.38	I	Semrush US原词估算	Semrush US 单词数据	S0456	piano_keyword_research_combined.xlsx｜关键词数据!A461:G461	key chords		同一对象与同一交付任务；人工词义归并	调内和弦集合不等于单个同名和弦；初版各调先用一张查询表承接，不机械复制调性URL	按页面准备顺序验收	T08	有内容的调性选择器与各级和弦表；支持已有G/D/C/E/A/F及D minor任务
K0988	keyboard chords chart	320	保留	/chords	U075	先做	有规划URL	URL主词的原同义词	P148	piano chord chart	同义词合并	chords	chords	查和弦键位		23	1.54	I	Semrush US原词估算	Semrush US 单词数据	S0457	piano_keyword_research_combined.xlsx｜关键词数据!A462:G462	keyboard chords chart		同一对象与同一交付任务；人工词义归并	同一字典中的类型、print/PDF和读图FAQ不单独重复建页；七和弦集合不改写成major7	已确认基础范围	T06	默认有图表；根音/类型选择、试听、打印及读图说明。
K1009	major and minor chords piano	320	保留	/chords	U075	先做	有规划URL	同页其他任务/查询；原归并关系另存	P238	major and minor chords piano	页面代表词	guide	chords	查和弦键位	major-vs-minor	20	0	I	Semrush US原词估算	Semrush US 单词数据	S0261	piano_keyword_research_combined.xlsx｜关键词数据!A266:G266	major and minor chords piano		同一对象与同一交付任务；人工词义归并	同一字典中的类型、print/PDF和读图FAQ不单独重复建页；七和弦集合不改写成major7	后续同页补齐	T06	大小和弦对比包含音图/示例和区别，不用类型筛选器代替解释。
K1010	major chords in piano	320	保留	/chords	U075	先做	有规划URL	同页其他任务/查询；原归并关系另存	P158	major chords piano	同义词合并	chords	chords	查和弦键位	major	29	1.17	I	Semrush US原词估算	Semrush US 单词数据	S0262	piano_keyword_research_combined.xlsx｜关键词数据!A267:G267	major chords in piano		同一对象与同一交付任务；人工词义归并	同一字典中的类型、print/PDF和读图FAQ不单独重复建页；七和弦集合不改写成major7	已确认基础范围	T06	major 选择后显示经过核对的实际和弦结果。
K1015	minor piano chord	320	保留	/chords	U075	先做	有规划URL	同页其他任务/查询；原归并关系另存	P154	minor chords piano	同义词合并	chords	chords	查和弦键位	minor	21	0	I	Semrush US原词估算	Semrush US 单词数据	S0459	piano_keyword_research_combined.xlsx｜关键词数据!A464:G464	minor piano chord		同一对象与同一交付任务；人工词义归并	同一字典中的类型、print/PDF和读图FAQ不单独重复建页；七和弦集合不改写成major7	后续同页补齐	T06	minor 选择后显示经过核对的实际和弦结果。
K1040	piano a minor chord	320	保留	/chords/a-minor	U078	先做	有规划URL	URL主词的原同义词	P151	am piano chord	同义词合并	chords	chords	查和弦键位		17	0	I	Semrush US原词估算	Semrush US 单词数据	S0460	piano_keyword_research_combined.xlsx｜关键词数据!A465:G465	piano a minor chord		同一对象与同一交付任务；人工词义归并	音名/和弦品质不同且来源已有该对象需求，允许共享模板但独立内容；不生成未在词表中的音符组合	模板已确认；此实例内容待审核	T07	当前和弦的音名/键位/音程；原位和转位；可用时播放；清晰指法说明；相关查询链接
K1043	piano chord b	320	保留	/chords/b-major	U077	后做	有规划URL	URL主词的原同义词	P150	b chord piano	同义词合并	chords	chords	查和弦键位		15	0	I	Semrush US原词估算	Semrush US 单词数据	S0461	piano_keyword_research_combined.xlsx｜关键词数据!A466:G466	piano chord b		同一对象与同一交付任务；人工词义归并	音名/和弦品质不同且来源已有该对象需求，允许共享模板但独立内容；不生成未在词表中的音符组合	模板已确认；此实例内容待审核	T07	当前和弦的音名/键位/音程；原位和转位；可用时播放；清晰指法说明；相关查询链接
K1044	piano chord chart for beginners	320	保留	/chords	U075	先做	有规划URL	同页其他任务/查询；原归并关系另存	P148	piano chord chart	同页补充/条件/问题（非同义）	chords	chords	查和弦键位		20	1.61	I	Semrush US原词估算	Semrush US 单词数据	S0463	piano_keyword_research_combined.xlsx｜关键词数据!A468:G468	piano chord chart for beginners		可由同一任务页的说明/FAQ覆盖；不是同义词	同一字典中的类型、print/PDF和读图FAQ不单独重复建页；七和弦集合不改写成major7	已确认基础范围	T06	默认有图表；根音/类型选择、试听、打印及读图说明。
K1045	piano chord charts	320	保留	/chords	U075	先做	有规划URL	URL主词的原同义词	P148	piano chord chart	同义词合并	chords	chords	查和弦键位		19	1.54	I	Semrush US原词估算	Semrush US 单词数据	S0464	piano_keyword_research_combined.xlsx｜关键词数据!A469:G469	piano chord charts		同一对象与同一交付任务；人工词义归并	同一字典中的类型、print/PDF和读图FAQ不单独重复建页；七和弦集合不改写成major7	已确认基础范围	T06	默认有图表；根音/类型选择、试听、打印及读图说明。
K1047	piano chords in the key of f	320	保留	/chords/by-key	U085	后做	有规划URL	同页其他任务/查询；原归并关系另存	P164	key of f chords piano	同义词合并	chords	chords	查调内和弦	f-major	19	0	I	Semrush US原词估算	Semrush US 单词数据	S0466	piano_keyword_research_combined.xlsx｜关键词数据!A471:G471	piano chords in the key of f		同义表达；保留全部来源	调内和弦集合不等于单个同名和弦；初版各调先用一张查询表承接，不机械复制调性URL	后续同页补齐	T08	查F大调各级和弦；必须在该页提供实际结果，不只增加一个关键词。
K1048	piano chords sheet	320	保留	/chords	U075	先做	有规划URL	URL主词的原同义词	P148	piano chord chart	同义词合并	chords	chords	查和弦键位		27	1.06	I	Semrush US原词估算	Semrush US 单词数据	S0467	piano_keyword_research_combined.xlsx｜关键词数据!A472:G472	piano chords sheet		同一对象与同一交付任务；人工词义归并	同一字典中的类型、print/PDF和读图FAQ不单独重复建页；七和弦集合不改写成major7	已确认基础范围	T06	默认有图表；根音/类型选择、试听、打印及读图说明。
K1049	piano chords table	320	保留	/chords	U075	先做	有规划URL	URL主词的原同义词	P148	piano chord chart	同义词合并	chords	chords	查和弦键位		29	1.42	I	Semrush US原词估算	Semrush US 单词数据	S0468	piano_keyword_research_combined.xlsx｜关键词数据!A473:G473	piano chords table		同一对象与同一交付任务；人工词义归并	同一字典中的类型、print/PDF和读图FAQ不单独重复建页；七和弦集合不改写成major7	已确认基础范围	T06	默认有图表；根音/类型选择、试听、打印及读图说明。
K1086	printable piano chord chart	320	保留	/chords	U075	先做	有规划URL	同页其他任务/查询；原归并关系另存	P148	piano chord chart	同页补充/条件/问题（非同义）	chords	chords	查和弦键位		18	0.84	I	Semrush US原词估算	Semrush US 单词数据	S0472	piano_keyword_research_combined.xlsx｜关键词数据!A477:G477	printable piano chord chart		可由同一任务页的说明/FAQ覆盖；不是同义词	同一字典中的类型、print/PDF和读图FAQ不单独重复建页；七和弦集合不改写成major7	已确认基础范围	T06	默认有图表；根音/类型选择、试听、打印及读图说明。
K1117	what chord is this piano	320	保留	/chords/finder	U086	后做	有规划URL	URL主词的原同义词	P153	chord finder piano	同义词合并	chords	chords	识别和弦		25	0	I	Semrush US原词估算	Semrush US 单词数据	S0474	piano_keyword_research_combined.xlsx｜关键词数据!A479:G479	what chord is this piano		同一对象与同一交付任务；人工词义归并	输入音符求名称与已知和弦查图的输入输出不同，保留独立工具页	按页面准备顺序验收	T09	选择音符；列出可能命名、低音与拼写说明
K1119	a chords piano	260	保留	/chords/a-major	U076	先做	有规划URL	URL主词的原同义词	P149	a chord piano	同义词合并	chords	chords	查和弦键位		11	0.58	I	Semrush US原词估算	Semrush US 单词数据	S0476	piano_keyword_research_combined.xlsx｜关键词数据!A481:G481	a chords piano		同一对象与同一交付任务；人工词义归并	音名/和弦品质不同且来源已有该对象需求，允许共享模板但独立内容；不生成未在词表中的音符组合	模板已确认；此实例内容待审核	T07	当前和弦的音名/键位/音程；原位和转位；可用时播放；清晰指法说明；相关查询链接
K1120	a minor chord for piano	260	保留	/chords/a-minor	U078	先做	有规划URL	URL主词的原同义词	P151	am piano chord	同义词合并	chords	chords	查和弦键位		16	0	I	Semrush US原词估算	Semrush US 单词数据	S0477	piano_keyword_research_combined.xlsx｜关键词数据!A482:G482	a minor chord for piano		同一对象与同一交付任务；人工词义归并	音名/和弦品质不同且来源已有该对象需求，允许共享模板但独立内容；不生成未在词表中的音符组合	模板已确认；此实例内容待审核	T07	当前和弦的音名/键位/音程；原位和转位；可用时播放；清晰指法说明；相关查询链接
K1124	all chords on piano	260	保留	/chords	U075	先做	有规划URL	URL主词的原同义词	P148	piano chord chart	同义词合并	chords	chords	查和弦键位		29	1.69	I	Semrush US原词估算	Semrush US 单词数据	S0479	piano_keyword_research_combined.xlsx｜关键词数据!A484:G484	all chords on piano		同一对象与同一交付任务；人工词义归并	同一字典中的类型、print/PDF和读图FAQ不单独重复建页；七和弦集合不改写成major7	已确认基础范围	T06	默认有图表；根音/类型选择、试听、打印及读图说明。
K1127	beautiful chord progressions piano	260	保留	/chord-progressions	U087	后做	有规划URL	同页其他任务/查询；原归并关系另存	P177	beautiful chord progressions piano	页面代表词	chord_progressions	chord_progressions	查和弦走向	beautiful	18	0	I	Semrush US原词估算	Semrush US 单词数据	S0482	piano_keyword_research_combined.xlsx｜关键词数据!A487:G487	beautiful chord progressions piano		同一对象与同一交付任务；人工词义归并	common、调性、情绪先在同一有例子的走向库筛选；并非同义合并；不把通用common词量替代piano主词量	后续同页补齐	T10	查询优美钢琴和弦走向；必须在该页提供实际结果，不只增加一个关键词。
K1130	c minor in piano	260	保留	/chords/c-minor	U082	后做	有规划URL	URL主关键词	P166	c minor in piano	页面代表词	chords	chords	查和弦键位		26	0	I	Semrush US原词估算	Semrush US 单词数据	S0483	piano_keyword_research_combined.xlsx｜关键词数据!A488:G488	c minor in piano		同一对象与同一交付任务；人工词义归并	音名/和弦品质不同且来源已有该对象需求，允许共享模板但独立内容；不生成未在词表中的音符组合	模板已确认；此实例内容待审核	T07	当前和弦的音名/键位/音程；原位和转位；可用时播放；清晰指法说明；相关查询链接
K1132	cb piano chord	260	保留	/chords/c-flat-major	U083	后做	有规划URL	URL主关键词	P167	cb piano chord	页面代表词	chords	chords	查和弦键位		10	0	I	Semrush US原词估算	Semrush US 单词数据	S0484	piano_keyword_research_combined.xlsx｜关键词数据!A489:G489	cb piano chord		同一对象与同一交付任务；人工词义归并	音名/和弦品质不同且来源已有该对象需求，允许共享模板但独立内容；不生成未在词表中的音符组合	模板已确认；此实例内容待审核	T07	当前和弦的音名/键位/音程；原位和转位；可用时播放；清晰指法说明；相关查询链接
K1133	chords for a major	260	保留	/chords/by-key	U085	后做	有规划URL	同页其他任务/查询；原归并关系另存	P161	piano chords in a	同页补充/条件/问题（非同义）	chords	chords	查调内和弦	a-major	19	0	I	Semrush US原词估算	Semrush US 单词数据	S0486	piano_keyword_research_combined.xlsx｜关键词数据!A491:G491	chords for a major		共享乐理可由本任务内容覆盖；非同义，不使用其量替代钢琴代表词量	调内和弦集合不等于单个同名和弦；初版各调先用一张查询表承接，不机械复制调性URL	后续同页补齐	T08	查询A大调和弦集合；必须在该页提供实际结果，不只增加一个关键词。
K1134	chords in key	260	保留	/chords/by-key	U085	后做	有规划URL	URL主词的原同义词	P152	chords of key	同义词合并	chords	chords	查调内和弦		19	2.38	I	Semrush US原词估算	Semrush US 单词数据	S0487	piano_keyword_research_combined.xlsx｜关键词数据!A492:G492	chords in key		同一对象与同一交付任务；人工词义归并	调内和弦集合不等于单个同名和弦；初版各调先用一张查询表承接，不机械复制调性URL	按页面准备顺序验收	T08	有内容的调性选择器与各级和弦表；支持已有G/D/C/E/A/F及D minor任务
K1135	chords in the key of c piano	260	保留	/chords/by-key	U085	后做	有规划URL	同页其他任务/查询；原归并关系另存	P159	c major scale chords piano	同义词合并	chords	chords	查调内和弦	c-major	13	0	I	Semrush US原词估算	Semrush US 单词数据	S0908	piano_keyword_research_combined.xlsx｜关键词数据!A913:G913	chords in the key of c piano		同义表达；保留全部来源	调内和弦集合不等于单个同名和弦；初版各调先用一张查询表承接，不机械复制调性URL	后续同页补齐	T08	查C大调各级和弦；必须在该页提供实际结果，不只增加一个关键词。
K1140	full piano chord chart	260	保留	/chords	U075	先做	有规划URL	URL主词的原同义词	P148	piano chord chart	同义词合并	chords	chords	查和弦键位		18	1.38	I	Semrush US原词估算	Semrush US 单词数据	S0489	piano_keyword_research_combined.xlsx｜关键词数据!A494:G494	full piano chord chart		同一对象与同一交付任务；人工词义归并	同一字典中的类型、print/PDF和读图FAQ不单独重复建页；七和弦集合不改写成major7	已确认基础范围	T06	默认有图表；根音/类型选择、试听、打印及读图说明。
K1143	happy chord progressions	260	保留	/chord-progressions	U087	后做	有规划URL	同页其他任务/查询；原归并关系另存	P178	happy chord progressions	页面代表词	chord_progressions	chord_progressions	查和弦走向	happy	24	0	I	Semrush US原词估算	Semrush US 单词数据	S0490	piano_keyword_research_combined.xlsx｜关键词数据!A495:G495	happy chord progressions		同一对象与同一交付任务；人工词义归并	common、调性、情绪先在同一有例子的走向库筛选；并非同义合并；不把通用common词量替代piano主词量	后续同页补齐	T10	愉快情绪和弦走向；必须在该页提供实际结果，不只增加一个关键词。
K1161	how to make chord progressions	260	保留	/chord-progressions	U087	后做	有规划URL	同页其他任务/查询；原归并关系另存	P237	what are chord progressions	同义词合并	guide	chord_progressions	查和弦走向	how-it-works	16	1.14	I	Semrush US原词估算	Semrush US 单词数据	S0493	piano_keyword_research_combined.xlsx｜关键词数据!A498:G498	how to make chord progressions		同一对象与同一交付任务；人工词义归并	common、调性、情绪先在同一有例子的走向库筛选；并非同义合并；不把通用common词量替代piano主词量	后续同页补齐	T10	说明走向是什么，附可试弹例子。
K1163	key and chord chart	260	保留	/chords/by-key	U085	后做	有规划URL	URL主词的原同义词	P152	chords of key	同义词合并	chords	chords	查调内和弦		21	0	I	Semrush US原词估算	Semrush US 单词数据	S0494	piano_keyword_research_combined.xlsx｜关键词数据!A499:G499	key and chord chart		同一对象与同一交付任务；人工词义归并	调内和弦集合不等于单个同名和弦；初版各调先用一张查询表承接，不机械复制调性URL	按页面准备顺序验收	T08	有内容的调性选择器与各级和弦表；支持已有G/D/C/E/A/F及D minor任务
K1166	keyboard chords piano	260	保留	/chords	U075	先做	有规划URL	URL主词的原同义词	P148	piano chord chart	同义词合并	chords	chords	查和弦键位		24	2.54	I	Semrush US原词估算	Semrush US 单词数据	S0495	piano_keyword_research_combined.xlsx｜关键词数据!A500:G500	keyboard chords piano		同一对象与同一交付任务；人工词义归并	同一字典中的类型、print/PDF和读图FAQ不单独重复建页；七和弦集合不改写成major7	已确认基础范围	T06	默认有图表；根音/类型选择、试听、打印及读图说明。
K1172	major and minor chords for piano	260	保留	/chords	U075	先做	有规划URL	同页其他任务/查询；原归并关系另存	P238	major and minor chords piano	同义词合并	guide	chords	查和弦键位	major-vs-minor	29	0	I	Semrush US原词估算	Semrush US 单词数据	S0496	piano_keyword_research_combined.xlsx｜关键词数据!A501:G501	major and minor chords for piano		同义表达；保留全部来源	同一字典中的类型、print/PDF和读图FAQ不单独重复建页；七和弦集合不改写成major7	后续同页补齐	T06	大小和弦对比包含音图/示例和区别，不用类型筛选器代替解释。
K1173	major chord piano	260	保留	/chords	U075	先做	有规划URL	同页其他任务/查询；原归并关系另存	P158	major chords piano	同义词合并	chords	chords	查和弦键位	major	22	1.17	I	Semrush US原词估算	Semrush US 单词数据	S0497	piano_keyword_research_combined.xlsx｜关键词数据!A502:G502	major chord piano		同义表达；保留全部来源	同一字典中的类型、print/PDF和读图FAQ不单独重复建页；七和弦集合不改写成major7	已确认基础范围	T06	major 选择后显示经过核对的实际和弦结果。
K1174	major piano chord	260	保留	/chords	U075	先做	有规划URL	同页其他任务/查询；原归并关系另存	P158	major chords piano	同义词合并	chords	chords	查和弦键位	major	24	1.58	I	Semrush US原词估算	Semrush US 单词数据	S0498	piano_keyword_research_combined.xlsx｜关键词数据!A503:G503	major piano chord		同义表达；保留全部来源	同一字典中的类型、print/PDF和读图FAQ不单独重复建页；七和弦集合不改写成major7	已确认基础范围	T06	major 选择后显示经过核对的实际和弦结果。
K1176	most common chord progression	260	保留	/chord-progressions	U087	后做	有规划URL	同页其他任务/查询；原归并关系另存	P172	common chord progressions	同义词合并	chord_progressions	chord_progressions	查和弦走向	common	19	0.08	I	Semrush US原词估算	Semrush US 单词数据	S0499	piano_keyword_research_combined.xlsx｜关键词数据!A504:G504	most common chord progression		同一对象与同一交付任务；人工词义归并	common、调性、情绪先在同一有例子的走向库筛选；并非同义合并；不把通用common词量替代piano主词量	后续同页补齐	T10	常见和弦走向集合；必须在该页提供实际结果，不只增加一个关键词。
K1179	name chord piano	260	保留	/chords/finder	U086	后做	有规划URL	URL主词的原同义词	P153	chord finder piano	同义词合并	chords	chords	识别和弦		31	0	I	Semrush US原词估算	Semrush US 单词数据	S0500	piano_keyword_research_combined.xlsx｜关键词数据!A505:G505	name chord piano		同一对象与同一交付任务；人工词义归并	输入音符求名称与已知和弦查图的输入输出不同，保留独立工具页	按页面准备顺序验收	T09	选择音符；列出可能命名、低音与拼写说明
K1182	naming chords piano	260	保留	/chords/finder	U086	后做	有规划URL	同页其他任务/查询；原归并关系另存	P153	chord finder piano	同页补充/条件/问题（非同义）	chords	chords	识别和弦		27	0	I	Semrush US原词估算	Semrush US 单词数据	S0501	piano_keyword_research_combined.xlsx｜关键词数据!A506:G506	naming chords piano		可由同一任务页的说明/FAQ覆盖；不是同义词	输入音符求名称与已知和弦查图的输入输出不同，保留独立工具页	按页面准备顺序验收	T09	选择音符；列出可能命名、低音与拼写说明
K1193	piano chord chart pdf	260	保留	/chords	U075	先做	有规划URL	同页其他任务/查询；原归并关系另存	P148	piano chord chart	同页补充/条件/问题（非同义）	chords	chords	查和弦键位		6	0.66	I	Semrush US原词估算	Semrush US 单词数据; Google Related; Google Autocomplete	S0505; S2302; S2322	piano_keyword_research_combined.xlsx｜关键词数据!A510:G510; Google 第2批 图10; Google 第2批 图11	piano chord chart pdf		可由同一任务页的说明/FAQ覆盖；不是同义词	同一字典中的类型、print/PDF和读图FAQ不单独重复建页；七和弦集合不改写成major7	已确认基础范围	T06	默认有图表；根音/类型选择、试听、打印及读图说明。
K1194	piano chord progression	260	保留	/chord-progressions	U087	后做	有规划URL	URL主词的原同义词	P173	piano chord progressions	同义词合并	chord_progressions	chord_progressions	查和弦走向		17	1.55	I	Semrush US原词估算	Semrush US 单词数据	S0506	piano_keyword_research_combined.xlsx｜关键词数据!A511:G511	piano chord progression		同一对象与同一交付任务；人工词义归并	common、调性、情绪先在同一有例子的走向库筛选；并非同义合并；不把通用common词量替代piano主词量	按页面准备顺序验收	T10	常见走向列表；C/E/A调转写选择；优美/愉快效果标签；含义与使用说明；打印
K1195	piano chord shapes	260	保留	/guide/piano-chords	U117	后做	有规划URL	同页其他任务/查询；原归并关系另存	P220	how to play chords on piano	同页补充/条件/问题（非同义）	guide	guide	学习弹奏步骤		25	0	I	Semrush US原词估算	Semrush US 单词数据	S0507	piano_keyword_research_combined.xlsx｜关键词数据!A512:G512	piano chord shapes		可由同一任务页的说明/FAQ覆盖；不是同义词	基础和弦选学与连接动作按学习顺序合页；和弦表本身归/chords，不做重复的第二字典	按页面准备顺序验收	T22	步骤、构成、指法示意及连接练习；链接查图工具
K1196	piano chord sheet printable	260	保留	/chords	U075	先做	有规划URL	同页其他任务/查询；原归并关系另存	P148	piano chord chart	同页补充/条件/问题（非同义）	chords	chords	查和弦键位		20	0.65	I	Semrush US原词估算	Semrush US 单词数据	S0508	piano_keyword_research_combined.xlsx｜关键词数据!A513:G513	piano chord sheet printable		可由同一任务页的说明/FAQ覆盖；不是同义词	同一字典中的类型、print/PDF和读图FAQ不单独重复建页；七和弦集合不改写成major7	已确认基础范围	T06	默认有图表；根音/类型选择、试听、打印及读图说明。
K1197	piano chord transitions	260	保留	/guide/piano-chords	U117	后做	有规划URL	同页其他任务/查询；原归并关系另存	P242	piano chord transitions	页面代表词	guide	guide	学习弹奏步骤	transitions	11	1.18	I	Semrush US原词估算	Semrush US 单词数据	S0509	piano_keyword_research_combined.xlsx｜关键词数据!A514:G514	piano chord transitions		同一对象与同一交付任务；人工词义归并	基础和弦选学与连接动作按学习顺序合页；和弦表本身归/chords，不做重复的第二字典	后续同页补齐	T22	练习钢琴和弦连接/换和弦动作；必须在该页提供实际结果，不只增加一个关键词。
K1198	piano chords b major	260	保留	/chords/b-major	U077	后做	有规划URL	URL主词的原同义词	P150	b chord piano	同义词合并	chords	chords	查和弦键位		14	0	I	Semrush US原词估算	Semrush US 单词数据	S0510	piano_keyword_research_combined.xlsx｜关键词数据!A515:G515	piano chords b major		同一对象与同一交付任务；人工词义归并	音名/和弦品质不同且来源已有该对象需求，允许共享模板但独立内容；不生成未在词表中的音符组合	模板已确认；此实例内容待审核	T07	当前和弦的音名/键位/音程；原位和转位；可用时播放；清晰指法说明；相关查询链接
K1199	piano chords in the key of c	260	保留	/chords/by-key	U085	后做	有规划URL	同页其他任务/查询；原归并关系另存	P159	c major scale chords piano	同义词合并	chords	chords	查调内和弦	c-major	14	1.09	I	Semrush US原词估算	Semrush US 单词数据	S0966	piano_keyword_research_combined.xlsx｜关键词数据!A971:G971	piano chords in the key of c		同义表达；保留全部来源	调内和弦集合不等于单个同名和弦；初版各调先用一张查询表承接，不机械复制调性URL	后续同页补齐	T08	查C大调各级和弦；必须在该页提供实际结果，不只增加一个关键词。
K1200	piano chords pdf	260	保留	/chords	U075	先做	有规划URL	同页其他任务/查询；原归并关系另存	P148	piano chord chart	同页补充/条件/问题（非同义）	chords	chords	查和弦键位		10	1.15	I	Semrush US原词估算	Semrush US 单词数据	S0511	piano_keyword_research_combined.xlsx｜关键词数据!A516:G516	piano chords pdf		可由同一任务页的说明/FAQ覆盖；不是同义词	同一字典中的类型、print/PDF和读图FAQ不单独重复建页；七和弦集合不改写成major7	已确认基础范围	T06	默认有图表；根音/类型选择、试听、打印及读图说明。
K1212	piano minor chords	260	保留	/chords	U075	先做	有规划URL	同页其他任务/查询；原归并关系另存	P154	minor chords piano	同义词合并	chords	chords	查和弦键位	minor	21	0	I	Semrush US原词估算	Semrush US 单词数据	S0515	piano_keyword_research_combined.xlsx｜关键词数据!A520:G520	piano minor chords		同一对象与同一交付任务；人工词义归并	同一字典中的类型、print/PDF和读图FAQ不单独重复建页；七和弦集合不改写成major7	后续同页补齐	T06	minor 选择后显示经过核对的实际和弦结果。
K1225	popular chord progression	260	保留	/chord-progressions	U087	后做	有规划URL	同页其他任务/查询；原归并关系另存	P172	common chord progressions	同义词合并	chord_progressions	chord_progressions	查和弦走向	common	20	0	I	Semrush US原词估算	Semrush US 单词数据	S0521	piano_keyword_research_combined.xlsx｜关键词数据!A526:G526	popular chord progression		同一对象与同一交付任务；人工词义归并	common、调性、情绪先在同一有例子的走向库筛选；并非同义合并；不把通用common词量替代piano主词量	后续同页补齐	T10	常见和弦走向集合；必须在该页提供实际结果，不只增加一个关键词。
K1226	power chords piano	260	保留	/chords	U075	先做	有规划URL	同页其他任务/查询；原归并关系另存	P168	power chords piano	页面代表词	chords	chords	查和弦键位	power	25	0	I	Semrush US原词估算	Semrush US 单词数据	S0522	piano_keyword_research_combined.xlsx｜关键词数据!A527:G527	power chords piano		同一对象与同一交付任务；人工词义归并	同一字典中的类型、print/PDF和读图FAQ不单独重复建页；七和弦集合不改写成major7	后续同页补齐	T06	power chord 的实际结果与使用说明，不能只有标签。
K1235	a chord inversions piano pdf		保留	/chords/a-major	U076	先做	有规划URL	同页其他任务/查询；原归并关系另存	P149	a chord piano	同页补充/条件/问题（非同义）	chords	chords	查和弦键位					未验证（不可用聚类量/外语量代填）	Semrush Strategy Builder 页面建议	S1943	关键词策略构建器数据汇总.md｜L467｜piano scales > piano chords and progressions	a chord inversions piano pdf		同一对象与同一交付任务；人工词义归并	音名/和弦品质不同且来源已有该对象需求，允许共享模板但独立内容；不生成未在词表中的音符组合	模板已确认；此实例内容待审核	T07	当前和弦的音名/键位/音程；原位和转位；可用时播放；清晰指法说明；相关查询链接
K1237	a minor chord piano		保留	/chords/a-minor	U078	先做	有规划URL	URL主词的原同义词	P151	am piano chord	同义词合并	chords	chords	查和弦键位					未验证（不可用聚类量/外语量代填）	Semrush Strategy Builder 页面建议	S1939	关键词策略构建器数据汇总.md｜L463｜piano scales > piano chords and progressions	a minor chord piano		同义表达；保留全部来源	音名/和弦品质不同且来源已有该对象需求，允许共享模板但独立内容；不生成未在词表中的音符组合	模板已确认；此实例内容待审核	T07	当前和弦的音名/键位/音程；原位和转位；可用时播放；清晰指法说明；相关查询链接
K1240	ab chord piano		保留	/chords/a-flat-major	U079	后做	有规划URL	URL主词的原同义词	P155	a flat chord piano	同义词合并	chords	chords	查和弦键位					未验证（不可用聚类量/外语量代填）	Semrush Strategy Builder 页面建议	S1748	关键词策略构建器数据汇总.md｜L75｜piano chord chart > piano chord chart	ab chord piano		同义表达；保留全部来源	音名/和弦品质不同且来源已有该对象需求，允许共享模板但独立内容；不生成未在词表中的音符组合	模板已确认；此实例内容待审核	T07	当前和弦的音名/键位/音程；原位和转位；可用时播放；清晰指法说明；相关查询链接
K1241	ab piano chord		保留	/chords/a-flat-major	U079	后做	有规划URL	URL主词的原同义词	P155	a flat chord piano	同义词合并	chords	chords	查和弦键位					未验证（不可用聚类量/外语量代填）	Semrush Strategy Builder 页面建议	S1938	关键词策略构建器数据汇总.md｜L462｜piano scales > piano chords and progressions	ab piano chord		同义表达；保留全部来源	音名/和弦品质不同且来源已有该对象需求，允许共享模板但独立内容；不生成未在词表中的音符组合	模板已确认；此实例内容待审核	T07	当前和弦的音名/键位/音程；原位和转位；可用时播放；清晰指法说明；相关查询链接
K1266	c chord piano		保留	/chords/c-major	U081	先做	有规划URL	URL主词的原同义词	P163	c chords piano	同义词合并	chords	chords	查和弦键位					未验证（不可用聚类量/外语量代填）	Semrush US 单词数据	S0292	piano_keyword_research_combined.xlsx｜关键词数据!A297:G297	accord piano c	法语/英语混合表达翻译	同一对象与同一交付任务；人工词义归并	音名/和弦品质不同且来源已有该对象需求，允许共享模板但独立内容；不生成未在词表中的音符组合	模板已确认；此实例内容待审核	T07	当前和弦的音名/键位/音程；原位和转位；可用时播放；清晰指法说明；相关查询链接
K1292	free piano chord chart		保留	/chords	U075	先做	有规划URL	同页其他任务/查询；原归并关系另存	P148	piano chord chart	同页补充/条件/问题（非同义）	chords	chords	查和弦键位					未验证（不可用聚类量/外语量代填）	Google Related	S2303	Google 第2批 图10	free piano chord chart		同页覆盖/补充问题，不误作同义词	同一字典中的类型、print/PDF和读图FAQ不单独重复建页；七和弦集合不改写成major7	已确认基础范围	T06	默认有图表；根音/类型选择、试听、打印及读图说明。
K1293	free piano chord chart printable pdf		保留	/chords	U075	先做	有规划URL	同页其他任务/查询；原归并关系另存	P148	piano chord chart	同页补充/条件/问题（非同义）	chords	chords	查和弦键位					未验证（不可用聚类量/外语量代填）	Google Related; Google Autocomplete	S2309; S2320	Google 第2批 图10; Google 第2批 图11	free piano chord chart printable pdf		同页覆盖/补充问题，不误作同义词	同一字典中的类型、print/PDF和读图FAQ不单独重复建页；七和弦集合不改写成major7	已确认基础范围	T06	默认有图表；根音/类型选择、试听、打印及读图说明。
K1298	g chord piano		保留	/chords/g-major	U084	后做	有规划URL	URL主关键词	P169	g chord piano	页面代表词	chords	chords	查和弦键位					未验证（不可用聚类量/外语量代填）	Semrush Strategy Builder 页面建议	S1801; S1966	关键词策略构建器数据汇总.md｜L163｜piano chord chart > piano scales; 关键词策略构建器数据汇总.md｜L511｜piano scales > piano scales and fingering	g chord piano		同一对象与同一交付任务；人工词义归并	音名/和弦品质不同且来源已有该对象需求，允许共享模板但独立内容；不生成未在词表中的音符组合	模板已确认；此实例内容待审核	T07	当前和弦的音名/键位/音程；原位和转位；可用时播放；清晰指法说明；相关查询链接
K1307	how many piano chords are there		保留	/chords	U075	先做	有规划URL	同页其他任务/查询；原归并关系另存	P148	piano chord chart	同页补充/条件/问题（非同义）	chords	chords	查和弦键位					未验证（不可用聚类量/外语量代填）	Semrush Strategy Builder 页面建议	S1750; S1871	关键词策略构建器数据汇总.md｜L77｜piano chord chart > piano chord chart; 关键词策略构建器数据汇总.md｜L321｜beginner piano sheet music > easy piano sheet music with chords	how many piano chords are there		同一对象与同一交付任务；人工词义归并	同一字典中的类型、print/PDF和读图FAQ不单独重复建页；七和弦集合不改写成major7	已确认基础范围	T06	默认有图表；根音/类型选择、试听、打印及读图说明。
K1316	how to read a piano chord chart?		保留	/chords	U075	先做	有规划URL	同页其他任务/查询；原归并关系另存	P247	how to read a piano chord chart?	页面代表词	guide	chords	查和弦键位	how-to-read				未验证（不可用聚类量/外语量代填）	Google PAA	S2301	Google 第2批 图10	how to read a piano chord chart?		同一对象与同一交付任务；人工词义归并	同一字典中的类型、print/PDF和读图FAQ不单独重复建页；七和弦集合不改写成major7	已确认基础范围	T06	如何读键盘图、组成音和标记；深入学习连接指南。
K1323	how to use the chord chart		保留	/chords	U075	先做	有规划URL	同页其他任务/查询；原归并关系另存	P247	how to read a piano chord chart?	同页补充/条件/问题（非同义）	guide	chords	查和弦键位	how-to-read				未验证（不可用聚类量/外语量代填）	视频标题提取词	S2382	Google 第2批 图10	how to use the chord chart		同页覆盖/补充问题，不误作同义词	同一字典中的类型、print/PDF和读图FAQ不单独重复建页；七和弦集合不改写成major7	已确认基础范围	T06	如何读键盘图、组成音和标记；深入学习连接指南。
K1328	keyboard piano chords beginner		保留	/guide/piano-chords	U117	后做	有规划URL	同页其他任务/查询；原归并关系另存	P225	basic piano chords	同义词合并	guide	guide	学习弹奏步骤	beginner				未验证（不可用聚类量/外语量代填）	Semrush Strategy Builder 页面建议	S1753; S1876; S1944	关键词策略构建器数据汇总.md｜L80｜piano chord chart > piano chord chart; 关键词策略构建器数据汇总.md｜L326｜beginner piano sheet music > easy piano sheet music with chords; 关键词策略构建器数据汇总.md｜L468｜piano scales > piano chords and progressions	keyboard piano chords beginner		同义表达；保留全部来源	基础和弦选学与连接动作按学习顺序合页；和弦表本身归/chords，不做重复的第二字典	后续同页补齐	T22	初学钢琴基础和弦选择与弹法；必须在该页提供实际结果，不只增加一个关键词。
K1332	major chords piano cheat sheet		保留	/chords	U075	先做	有规划URL	同页其他任务/查询；原归并关系另存	P158	major chords piano	同页补充/条件/问题（非同义）	chords	chords	查和弦键位	major				未验证（不可用聚类量/外语量代填）	短视频标题	S2312	Google 第2批 图10	major chords piano cheat sheet		完整短视频标题原文，可作关键词线索；不当Google查询量	同一字典中的类型、print/PDF和读图FAQ不单独重复建页；七和弦集合不改写成major7	已确认基础范围	T06	major 选择后显示经过核对的实际和弦结果。
K1341	pdf piano chords chart		保留	/chords	U075	先做	有规划URL	同页其他任务/查询；原归并关系另存	P148	piano chord chart	同页补充/条件/问题（非同义）	chords	chords	查和弦键位					未验证（不可用聚类量/外语量代填）	Google Autocomplete	S2318	Google 第2批 图11	pdf piano chords chart		同页覆盖/补充问题，不误作同义词	同一字典中的类型、print/PDF和读图FAQ不单独重复建页；七和弦集合不改写成major7	已确认基础范围	T06	默认有图表；根音/类型选择、试听、打印及读图说明。
K1345	piano chord chart 7th		保留	/chords	U075	先做	有规划URL	同页其他任务/查询；原归并关系另存	P170	piano chord chart 7th	页面代表词	chords	chords	查和弦键位	seventh				未验证（不可用聚类量/外语量代填）	Google Related; Google Autocomplete	S2307; S2319	Google 第2批 图10; Google 第2批 图11	piano chord chart 7th		同一对象与同一交付任务；人工词义归并	同一字典中的类型、print/PDF和读图FAQ不单独重复建页；七和弦集合不改写成major7	后续同页补齐	T06	明确 7th 涉及的类别和输出；不把它无条件改成 major7。
K1346	piano chord chart for beginners pdf		保留	/chords	U075	先做	有规划URL	同页其他任务/查询；原归并关系另存	P148	piano chord chart	同页补充/条件/问题（非同义）	chords	chords	查和弦键位					未验证（不可用聚类量/外语量代填）	Google Related	S2308	Google 第2批 图10	piano chord chart for beginners pdf		同页覆盖/补充问题，不误作同义词	同一字典中的类型、print/PDF和读图FAQ不单独重复建页；七和弦集合不改写成major7	已确认基础范围	T06	默认有图表；根音/类型选择、试听、打印及读图说明。
K1347	piano chord chart jazz		保留	/chords	U075	先做	有规划URL	同页其他任务/查询；原归并关系另存	P171	piano chord chart jazz	页面代表词	chords	chords	查和弦键位	jazz				未验证（不可用聚类量/外语量代填）	Google Autocomplete	S2321	Google 第2批 图11	piano chord chart jazz		同一对象与同一交付任务；人工词义归并	同一字典中的类型、print/PDF和读图FAQ不单独重复建页；七和弦集合不改写成major7	后续同页补齐	T06	jazz 相关和弦的实际示例及说明，不只加一个风格按钮。
K1348	piano chord chart with finger position pdf		保留	/chords	U075	先做	有规划URL	同页其他任务/查询；原归并关系另存	P148	piano chord chart	同页补充/条件/问题（非同义）	chords	chords	查和弦键位					未验证（不可用聚类量/外语量代填）	Google Related; Google Autocomplete	S2305; S2317	Google 第2批 图10; Google 第2批 图11	piano chord chart with finger position pdf		同一对象与同一交付任务；人工词义归并	同一字典中的类型、print/PDF和读图FAQ不单独重复建页；七和弦集合不改写成major7	已确认基础范围	T06	默认有图表；根音/类型选择、试听、打印及读图说明。
K1349	piano chord progressions pdf		保留	/chord-progressions	U087	后做	有规划URL	同页其他任务/查询；原归并关系另存	P173	piano chord progressions	同页补充/条件/问题（非同义）	chord_progressions	chord_progressions	查和弦走向					未验证（不可用聚类量/外语量代填）	Semrush Strategy Builder 页面建议	S1768	关键词策略构建器数据汇总.md｜L109｜piano chord chart > piano chord accompaniment	piano chord progressions pdf		同一对象与同一交付任务；人工词义归并	common、调性、情绪先在同一有例子的走向库筛选；并非同义合并；不把通用common词量替代piano主词量	按页面准备顺序验收	T10	常见走向列表；C/E/A调转写选择；优美/愉快效果标签；含义与使用说明；打印
K1350	piano chords		保留	/chords	U075	先做	有规划URL	URL主词的原同义词	P148	piano chord chart	同义词合并	chords	chords	查和弦键位					未验证（不可用聚类量/外语量代填）	Semrush US 单词数据; Google Autocomplete	S0304; S0389; S0429; S0469; S2323	piano_keyword_research_combined.xlsx｜关键词数据!A309:G309; piano_keyword_research_combined.xlsx｜关键词数据!A394:G394; piano_keyword_research_combined.xlsx｜关键词数据!A434:G434; piano_keyword_research_combined.xlsx｜关键词数据!A474:G474; Google 第2批 图11	chords klavier; acordes piano; paino chords; piano chors; piano chords	德语/英语混合表达翻译; 西班牙语翻译; paino → piano拼写纠正; chors → chords拼写纠正	同一对象与同一交付任务；人工词义归并; 同义表达；保留全部来源	同一字典中的类型、print/PDF和读图FAQ不单独重复建页；七和弦集合不改写成major7	已确认基础范围	T06	默认有图表；根音/类型选择、试听、打印及读图说明。
K1351	piano chords chart		保留	/chords	U075	先做	有规划URL	同页其他任务/查询；原归并关系另存	P148	piano chord chart	同页补充/条件/问题（非同义）	chords	chords	查和弦键位					未验证（不可用聚类量/外语量代填）	Google Autocomplete	S2324	Google 第2批 图11	piano chords chart		同页覆盖/补充问题，不误作同义词	同一字典中的类型、print/PDF和读图FAQ不单独重复建页；七和弦集合不改写成major7	已确认基础范围	T06	默认有图表；根音/类型选择、试听、打印及读图说明。
K1352	piano chords chart for beginners		保留	/guide/piano-chords	U117	后做	有规划URL	同页其他任务/查询；原归并关系另存	P225	basic piano chords	同页补充/条件/问题（非同义）	guide	guide	学习弹奏步骤	beginner				未验证（不可用聚类量/外语量代填）	Google Autocomplete	S2315	Google 第2批 图11	piano chords chart for beginners		同页覆盖/补充问题，不误作同义词	基础和弦选学与连接动作按学习顺序合页；和弦表本身归/chords，不做重复的第二字典	后续同页补齐	T22	初学钢琴基础和弦选择与弹法；必须在该页提供实际结果，不只增加一个关键词。
K1353	piano chords chart pdf		保留	/chords	U075	先做	有规划URL	URL主词的原同义词	P148	piano chord chart	同义词合并	chords	chords	查和弦键位					未验证（不可用聚类量/外语量代填）	Semrush Strategy Builder 页面建议	S1873	关键词策略构建器数据汇总.md｜L323｜beginner piano sheet music > easy piano sheet music with chords	piano chords chart pdf		同义表达；保留全部来源	同一字典中的类型、print/PDF和读图FAQ不单独重复建页；七和弦集合不改写成major7	已确认基础范围	T06	默认有图表；根音/类型选择、试听、打印及读图说明。
K1354	piano chords for beginners pdf		保留	/chords	U075	先做	有规划URL	同页其他任务/查询；原归并关系另存	P148	piano chord chart	同页补充/条件/问题（非同义）	chords	chords	查和弦键位					未验证（不可用聚类量/外语量代填）	Google Autocomplete	S2316	Google 第2批 图11	piano chords for beginners pdf		同页覆盖/补充问题，不误作同义词	同一字典中的类型、print/PDF和读图FAQ不单独重复建页；七和弦集合不改写成major7	已确认基础范围	T06	默认有图表；根音/类型选择、试听、打印及读图说明。
K1406	pretty piano chord progressions		保留	/chord-progressions	U087	后做	有规划URL	同页其他任务/查询；原归并关系另存	P177	beautiful chord progressions piano	同义词合并	chord_progressions	chord_progressions	查和弦走向	beautiful				未验证（不可用聚类量/外语量代填）	Semrush Strategy Builder 页面建议	S1755	关键词策略构建器数据汇总.md｜L82｜piano chord chart > piano chord chart	pretty piano chord progressions		同义表达；保留全部来源	common、调性、情绪先在同一有例子的走向库筛选；并非同义合并；不把通用common词量替代piano主词量	后续同页补齐	T10	查询优美钢琴和弦走向；必须在该页提供实际结果，不只增加一个关键词。
K1419	what are all the chords on piano?		保留	/chords	U075	先做	有规划URL	同页其他任务/查询；原归并关系另存	P148	piano chord chart	同页补充/条件/问题（非同义）	chords	chords	查和弦键位					未验证（不可用聚类量/外语量代填）	Google PAA	S2300; S2328	Google 第2批 图10; Google 第2批 图11	what are all the chords on piano?		同页覆盖/补充问题，不误作同义词	同一字典中的类型、print/PDF和读图FAQ不单独重复建页；七和弦集合不改写成major7	已确认基础范围	T06	默认有图表；根音/类型选择、试听、打印及读图说明。
K1425	what are the 12 chords for piano?		保留	/chords	U075	先做	有规划URL	同页其他任务/查询；原归并关系另存	P148	piano chord chart	同页补充/条件/问题（非同义）	chords	chords	查和弦键位					未验证（不可用聚类量/外语量代填）	Google PAA	S2298; S2326	Google 第2批 图10; Google 第2批 图11	what are the 12 chords for piano?		同页覆盖/补充问题，不误作同义词	同一字典中的类型、print/PDF和读图FAQ不单独重复建页；七和弦集合不改写成major7	已确认基础范围	T06	默认有图表；根音/类型选择、试听、打印及读图说明。
