id,requested_url,checked_at_utc,status,final_url,title_values,h1_values,meta_description_values,canonical_values,meta_robots,x_robots_tag,fetch_error
PG-001,https://pianogrid.com/scales/f-major,2026-09-24T23:53:00.449797+00:00,200,https://pianogrid.com/scales/f-major,"[""F Major Piano Scale: Notes and Fingering | PianoGrid""]","[""F Major Piano Scale: Notes and Fingering""]","[""See F major notes, key signature, keyboard pitches and separately verified one-octave fingering for each hand and direction.""]","[""https://pianogrid.com/scales/f-major""]","[{""agent"": ""robots"", ""content"": ""index, follow""}]",,
PG-002,https://pianogrid.com/scales/g-major,2026-09-24T23:53:00.450845+00:00,200,https://pianogrid.com/scales/g-major,"[""G Major Piano Scale: Notes and Fingering | PianoGrid""]","[""G Major Piano Scale: Notes and Fingering""]","[""See G major notes, key signature, keyboard pitches and separately verified one-octave fingering for each hand and direction.""]","[""https://pianogrid.com/scales/g-major""]","[{""agent"": ""robots"", ""content"": ""index, follow""}]",,
PG-003,https://pianogrid.com/scales/pentatonic,2026-09-24T23:53:01.953952+00:00,200,https://pianogrid.com/scales/pentatonic,"[""Pentatonic Scales on Piano: Major and Minor | PianoGrid""]","[""Pentatonic Scales on Piano: Major and Minor""]","[""See five pentatonic examples, compare major and minor forms, and find their notes on the keyboard.""]","[""https://pianogrid.com/scales/pentatonic""]","[{""agent"": ""robots"", ""content"": ""index, follow""}]",,
PG-004,https://pianogrid.com/chords/a-diminished,2026-09-24T23:53:01.996007+00:00,200,https://pianogrid.com/chords/a-diminished,"[""A Diminished Piano Chord (Adim): Notes & Inversions | PianoGrid""]","[""A Diminished Piano Chord""]","[""Find the A diminished chord on piano: A, C, E♭. See three keyboard positions, sound and a printable reference.""]","[""https://pianogrid.com/chords/a-diminished""]","[{""agent"": ""robots"", ""content"": ""index, follow""}]",,
PG-005,https://pianogrid.com/chords/d-diminished,2026-09-24T23:53:03.642119+00:00,200,https://pianogrid.com/chords/d-diminished,"[""D Diminished Piano Chord (Ddim): Notes & Inversions | PianoGrid""]","[""D Diminished Piano Chord""]","[""Find the D diminished chord on piano: D, F, A♭. See three keyboard positions, sound and a printable reference.""]","[""https://pianogrid.com/chords/d-diminished""]","[{""agent"": ""robots"", ""content"": ""index, follow""}]",,
PG-006,https://pianogrid.com/chords/d-flat-major,2026-09-24T23:53:03.727583+00:00,200,https://pianogrid.com/chords/d-flat-major,"[""D-flat Major Piano Chord (D♭): Notes, Inversions & PDF""]","[""D-flat Major Piano Chord""]","[""Find the d-flat major chord on piano: D♭, F, A♭. See keyboard positions, compare three inversions, hear the notes and print a reference.""]","[""https://pianogrid.com/chords/d-flat-major""]","[{""agent"": ""robots"", ""content"": ""index, follow""}]",,
PG-007,https://pianogrid.com/chords/f-m7,2026-09-24T23:53:05.231774+00:00,200,https://pianogrid.com/chords/f-m7,"[""Fm7 Chord: Piano Notes, Inversions, Sound & PDF | PianoGrid""]","[""Fm7 Chord""]","[""Learn the Fm7 chord on piano: F, A♭, C and E♭. See keyboard diagrams, explore inversions, hear the chord and practice finding its notes.""]","[""https://pianogrid.com/chords/f-m7""]","[{""agent"": ""robots"", ""content"": ""index, follow""}]",,
PG-008,https://pianogrid.com/chords/f-sharp-major,2026-09-24T23:53:05.277928+00:00,200,https://pianogrid.com/chords/f-sharp-major,"[""F-sharp Major Piano Chord (F♯): Notes, Inversions & PDF""]","[""F-sharp Major Piano Chord""]","[""Find the f-sharp major chord on piano: F♯, A♯, C♯. See keyboard positions, compare three inversions, hear the notes and print a reference.""]","[""https://pianogrid.com/chords/f-sharp-major""]","[{""agent"": ""robots"", ""content"": ""index, follow""}]",,
PG-009,https://pianogrid.com/guide/piano-scales,2026-09-24T23:53:06.678688+00:00,200,https://pianogrid.com/guide/piano-scales,"[""Piano Scales for Beginners: A Practice Routine | PianoGrid""]","[""Piano scales for beginners""]","[""Choose one piano scale, check its notes and available fingering, then follow a short routine with playback, note checks and printable resources.""]","[""https://pianogrid.com/guide/piano-scales""]","[{""agent"": ""robots"", ""content"": ""index, follow""}]",,
PG-010,https://pianogrid.com/keyboard-notes/blank,2026-09-24T23:53:06.736288+00:00,200,https://pianogrid.com/keyboard-notes/blank,"[""Blank Piano Keyboard Worksheet | PianoGrid""]","[""Blank Piano Keyboard Worksheet""]","[""Print an unlabeled 13-key or 25-key keyboard segment to write note names, mark a scale or make your own exercise.""]","[""https://pianogrid.com/keyboard-notes/blank""]","[{""agent"": ""robots"", ""content"": ""index, follow""}]",,
PG-011,https://pianogrid.com/scales/a-major,2026-09-24T23:53:07.780069+00:00,200,https://pianogrid.com/scales/a-major,"[""A Major Piano Scale: Notes and Fingering | PianoGrid""]","[""A Major Piano Scale: Notes and Fingering""]","[""See A major notes, key signature, keyboard pitches and separately verified one-octave fingering for each hand and direction.""]","[""https://pianogrid.com/scales/a-major""]","[{""agent"": ""robots"", ""content"": ""index, follow""}]",,
PG-012,https://pianogrid.com/scales/c-minor,2026-09-24T23:53:08.082462+00:00,200,https://pianogrid.com/scales/c-minor,"[""C Minor Scale on Piano: Natural, Harmonic & Melodic | PianoGrid""]","[""C Minor Scale on Piano: Natural, Harmonic & Melodic""]","[""Find the notes of C minor, compare its three forms and descending patterns, and read source-checked piano fingerings.""]","[""https://pianogrid.com/scales/c-minor""]","[{""agent"": ""robots"", ""content"": ""index, follow""}]",,
PG-013,https://pianogrid.com/scales/d-minor,2026-09-24T23:53:09.299929+00:00,200,https://pianogrid.com/scales/d-minor,"[""D Minor Scale on Piano: Natural, Harmonic & Melodic | PianoGrid""]","[""D Minor Scale on Piano: Natural, Harmonic & Melodic""]","[""Find the notes of D minor, compare its three forms and descending patterns, and read source-checked piano fingerings.""]","[""https://pianogrid.com/scales/d-minor""]","[{""agent"": ""robots"", ""content"": ""index, follow""}]",,
PG-014,https://pianogrid.com/scales/e-major,2026-09-24T23:53:09.593072+00:00,200,https://pianogrid.com/scales/e-major,"[""E Major Piano Scale: Notes and Fingering | PianoGrid""]","[""E Major Piano Scale: Notes and Fingering""]","[""See E major notes, key signature, keyboard pitches and separately verified one-octave fingering for each hand and direction.""]","[""https://pianogrid.com/scales/e-major""]","[{""agent"": ""robots"", ""content"": ""index, follow""}]",,
PG-015,https://pianogrid.com/chords/a-sus2,2026-09-24T23:53:10.928461+00:00,200,https://pianogrid.com/chords/a-sus2,"[""Asus2 Chord: Piano Notes, Inversions, Sound & PDF | PianoGrid""]","[""Asus2 Chord""]","[""Learn the Asus2 chord on piano: A, B and E. See keyboard diagrams, explore inversions, hear the chord and practice finding its notes.""]","[""https://pianogrid.com/chords/a-sus2""]","[{""agent"": ""robots"", ""content"": ""index, follow""}]",,
PG-016,https://pianogrid.com/chords/d-maj7,2026-09-24T23:53:11.015521+00:00,200,https://pianogrid.com/chords/d-maj7,"[""Dmaj7 Chord: Piano Notes, Inversions, Sound & PDF | PianoGrid""]","[""Dmaj7 Chord""]","[""Learn the Dmaj7 chord on piano: D, F♯, A and C♯. See keyboard diagrams, explore inversions, hear the chord and practice finding its notes.""]","[""https://pianogrid.com/chords/d-maj7""]","[{""agent"": ""robots"", ""content"": ""index, follow""}]",,
PG-017,https://pianogrid.com/chords/g-diminished,2026-09-24T23:53:12.399190+00:00,200,https://pianogrid.com/chords/g-diminished,"[""G Diminished Piano Chord (Gdim): Notes & Inversions | PianoGrid""]","[""G Diminished Piano Chord""]","[""Find the G diminished chord on piano: G, B♭, D♭. See three keyboard positions, sound and a printable reference.""]","[""https://pianogrid.com/chords/g-diminished""]","[{""agent"": ""robots"", ""content"": ""index, follow""}]",,
PG-018,https://pianogrid.com/scales/b-minor,2026-09-24T23:53:12.528796+00:00,200,https://pianogrid.com/scales/b-minor,"[""B Minor Scale on Piano: Natural, Harmonic & Melodic | PianoGrid""]","[""B Minor Scale on Piano: Natural, Harmonic & Melodic""]","[""Find the notes of B minor, compare its three forms and descending patterns, and read source-checked piano fingerings.""]","[""https://pianogrid.com/scales/b-minor""]","[{""agent"": ""robots"", ""content"": ""index, follow""}]",,
PG-019,https://pianogrid.com/scales/f-minor,2026-09-24T23:53:13.985322+00:00,200,https://pianogrid.com/scales/f-minor,"[""F Minor Scale on Piano: Natural, Harmonic & Melodic | PianoGrid""]","[""F Minor Scale on Piano: Natural, Harmonic & Melodic""]","[""Find the notes of F minor, compare its three forms and descending patterns, and read source-checked piano fingerings.""]","[""https://pianogrid.com/scales/f-minor""]","[{""agent"": ""robots"", ""content"": ""index, follow""}]",,
PG-020,https://pianogrid.com/scales/harmonic-major,2026-09-24T23:53:14.044819+00:00,200,https://pianogrid.com/scales/harmonic-major,"[""Harmonic Major Scale on Piano | PianoGrid""]","[""Harmonic Major Scale on Piano""]","[""Compare C and G harmonic major with their major scales, including the lowered sixth and augmented second.""]","[""https://pianogrid.com/scales/harmonic-major""]","[{""agent"": ""robots"", ""content"": ""index, follow""}]",,
PG-021,https://pianogrid.com/chords/a-sus4,2026-09-24T23:53:15.726315+00:00,200,https://pianogrid.com/chords/a-sus4,"[""Asus4 Chord: Piano Notes, Inversions, Sound & PDF | PianoGrid""]","[""Asus4 Chord""]","[""Learn the Asus4 chord on piano: A, D and E. See keyboard diagrams, explore inversions, hear the chord and practice finding its notes.""]","[""https://pianogrid.com/chords/a-sus4""]","[{""agent"": ""robots"", ""content"": ""index, follow""}]",,
PG-022,https://pianogrid.com/chords/b-flat-7,2026-09-24T23:53:15.779370+00:00,200,https://pianogrid.com/chords/b-flat-7,"[""B♭7 Chord: Piano Notes, Inversions, Sound & PDF | PianoGrid""]","[""B♭7 Chord""]","[""Learn the B♭7 chord on piano: B♭, D, F and A♭. See keyboard diagrams, explore inversions, hear the chord and practice finding its notes.""]","[""https://pianogrid.com/chords/b-flat-7""]","[{""agent"": ""robots"", ""content"": ""index, follow""}]",,
PG-023,https://pianogrid.com/chords/c-augmented,2026-09-24T23:53:17.124559+00:00,200,https://pianogrid.com/chords/c-augmented,"[""C Augmented Piano Chord (Caug): Notes & Inversions | PianoGrid""]","[""C Augmented Piano Chord""]","[""Find the C augmented chord on piano: C, E, G♯. See three keyboard positions, sound and a printable reference.""]","[""https://pianogrid.com/chords/c-augmented""]","[{""agent"": ""robots"", ""content"": ""index, follow""}]",,
PG-024,https://pianogrid.com/chords/e-flat-minor,2026-09-24T23:53:17.286351+00:00,200,https://pianogrid.com/chords/e-flat-minor,"[""E-flat Minor Piano Chord (E♭m): Notes, Inversions & PDF""]","[""E-flat Minor Piano Chord""]","[""Find the e-flat minor chord on piano: E♭, G♭, B♭. See keyboard positions, compare three inversions, hear the notes and print a reference.""]","[""https://pianogrid.com/chords/e-flat-minor""]","[{""agent"": ""robots"", ""content"": ""index, follow""}]",,
PG-025,https://pianogrid.com/chords/e-major,2026-09-24T23:53:18.764187+00:00,200,https://pianogrid.com/chords/e-major,"[""E Major Piano Chord (E): Notes, Inversions & PDF | PianoGrid""]","[""E Major Piano Chord (E)""]","[""Find E major on piano: E, G-sharp and B. See the keyboard positions, compare E/G-sharp and E/B, and print a three-position reference.""]","[""https://pianogrid.com/chords/e-major""]","[{""agent"": ""robots"", ""content"": ""index, follow""}]",,
PG-026,https://pianogrid.com/chords/f-diminished,2026-09-24T23:53:18.815135+00:00,200,https://pianogrid.com/chords/f-diminished,"[""F Diminished Piano Chord (Fdim): Notes & Inversions | PianoGrid""]","[""F Diminished Piano Chord""]","[""Find the F diminished chord on piano: F, A♭, C♭. See three keyboard positions, sound and a printable reference.""]","[""https://pianogrid.com/chords/f-diminished""]","[{""agent"": ""robots"", ""content"": ""index, follow""}]",,
PG-027,https://pianogrid.com/chords/f-sharp-7,2026-09-24T23:53:20.187469+00:00,200,https://pianogrid.com/chords/f-sharp-7,"[""F♯7 Chord: Piano Notes, Inversions, Sound & PDF | PianoGrid""]","[""F♯7 Chord""]","[""Learn the F♯7 chord on piano: F♯, A♯, C♯ and E. See keyboard diagrams, explore inversions, hear the chord and practice finding its notes.""]","[""https://pianogrid.com/chords/f-sharp-7""]","[{""agent"": ""robots"", ""content"": ""index, follow""}]",,
PG-028,https://pianogrid.com/chords/f-sharp-diminished,2026-09-24T23:53:20.334391+00:00,200,https://pianogrid.com/chords/f-sharp-diminished,"[""F♯ Diminished Piano Chord (F♯dim): Notes & Inversions""]","[""F♯ Diminished Piano Chord""]","[""Find the f♯ diminished chord on piano: F♯, A, C. See three keyboard positions, sound and a printable reference.""]","[""https://pianogrid.com/chords/f-sharp-diminished""]","[{""agent"": ""robots"", ""content"": ""index, follow""}]",,
PG-029,https://pianogrid.com/chords/g-sharp-minor,2026-09-24T23:53:21.732563+00:00,200,https://pianogrid.com/chords/g-sharp-minor,"[""G-sharp Minor Piano Chord (G♯m): Notes, Inversions & PDF""]","[""G-sharp Minor Piano Chord""]","[""Find the g-sharp minor chord on piano: G♯, B, D♯. See keyboard positions, compare three inversions, hear the notes and print a reference.""]","[""https://pianogrid.com/chords/g-sharp-minor""]","[{""agent"": ""robots"", ""content"": ""index, follow""}]",,
PG-030,https://pianogrid.com/chords/g-sus4,2026-09-24T23:53:21.819189+00:00,200,https://pianogrid.com/chords/g-sus4,"[""Gsus4 Chord: Piano Notes, Inversions, Sound & PDF | PianoGrid""]","[""Gsus4 Chord""]","[""Learn the Gsus4 chord on piano: G, C and D. See keyboard diagrams, explore inversions, hear the chord and practice finding its notes.""]","[""https://pianogrid.com/chords/g-sus4""]","[{""agent"": ""robots"", ""content"": ""index, follow""}]",,
PG-031,https://pianogrid.com/scales/a-sharp-minor,2026-09-24T23:53:23.138497+00:00,200,https://pianogrid.com/scales/a-sharp-minor,"[""A-Sharp Minor Scale on Piano: Natural, Harmonic & Melodic | PianoGrid""]","[""A# Minor Scale on Piano: Natural, Harmonic & Melodic""]","[""Find the notes of A# minor, compare its three forms and descending patterns, and read source-checked piano fingerings.""]","[""https://pianogrid.com/scales/a-sharp-minor""]","[{""agent"": ""robots"", ""content"": ""index, follow""}]",,
PG-032,https://pianogrid.com/scales/b-major,2026-09-24T23:53:23.338861+00:00,200,https://pianogrid.com/scales/b-major,"[""B Major Piano Scale: Notes and Fingering | PianoGrid""]","[""B Major Piano Scale: Notes and Fingering""]","[""See B major notes, key signature, keyboard pitches and separately verified one-octave fingering for each hand and direction.""]","[""https://pianogrid.com/scales/b-major""]","[{""agent"": ""robots"", ""content"": ""index, follow""}]",,
PG-033,https://pianogrid.com/chords/a-maj7,2026-09-24T23:53:24.830749+00:00,200,https://pianogrid.com/chords/a-maj7,"[""Amaj7 Chord: Piano Notes, Inversions, Sound & PDF | PianoGrid""]","[""Amaj7 Chord""]","[""Learn the Amaj7 chord on piano: A, C♯, E and G♯. See keyboard diagrams, explore inversions, hear the chord and practice finding its notes.""]","[""https://pianogrid.com/chords/a-maj7""]","[{""agent"": ""robots"", ""content"": ""index, follow""}]",,
PG-034,https://pianogrid.com/chords/b-flat-diminished,2026-09-24T23:53:25.003047+00:00,200,https://pianogrid.com/chords/b-flat-diminished,"[""B♭ Diminished Piano Chord (B♭dim): Notes & Inversions""]","[""B♭ Diminished Piano Chord""]","[""Find the b♭ diminished chord on piano: B♭, D♭, F♭. See three keyboard positions, sound and a printable reference.""]","[""https://pianogrid.com/chords/b-flat-diminished""]","[{""agent"": ""robots"", ""content"": ""index, follow""}]",,
PG-035,https://pianogrid.com/chords/c-major,2026-09-24T23:53:26.414753+00:00,200,https://pianogrid.com/chords/c-major,"[""C Major Chord: Piano Notes, Inversions & Practice | PianoGrid""]","[""C Major Chord""]","[""Learn the C major chord on piano with C–E–G notes, keyboard diagrams, inversions and fingering examples. Hear the chord and practice finding its notes.""]","[""https://pianogrid.com/chords/c-major""]","[{""agent"": ""robots"", ""content"": ""index, follow""}]",,
PG-036,https://pianogrid.com/scales/b-flat-major,2026-09-24T23:53:26.564984+00:00,200,https://pianogrid.com/scales/b-flat-major,"[""B-Flat Major Piano Scale: Notes and Fingering | PianoGrid""]","[""B-Flat Major Piano Scale: Notes and Fingering""]","[""See B-flat major notes, key signature, keyboard pitches and separately verified one-octave fingering for each hand and direction.""]","[""https://pianogrid.com/scales/b-flat-major""]","[{""agent"": ""robots"", ""content"": ""index, follow""}]",,
PG-037,https://pianogrid.com/scales/g-minor,2026-09-24T23:53:27.859227+00:00,200,https://pianogrid.com/scales/g-minor,"[""G Minor Scale on Piano: Natural, Harmonic & Melodic | PianoGrid""]","[""G Minor Scale on Piano: Natural, Harmonic & Melodic""]","[""Find the notes of G minor, compare its three forms and descending patterns, and read source-checked piano fingerings.""]","[""https://pianogrid.com/scales/g-minor""]","[{""agent"": ""robots"", ""content"": ""index, follow""}]",,
PG-038,https://pianogrid.com/chords/d-augmented,2026-09-24T23:53:28.194487+00:00,200,https://pianogrid.com/chords/d-augmented,"[""D Augmented Piano Chord (Daug): Notes & Inversions | PianoGrid""]","[""D Augmented Piano Chord""]","[""Find the D augmented chord on piano: D, F♯, A♯. See three keyboard positions, sound and a printable reference.""]","[""https://pianogrid.com/chords/d-augmented""]","[{""agent"": ""robots"", ""content"": ""index, follow""}]",,
PG-039,https://pianogrid.com/chords/d-sus2,2026-09-24T23:53:29.323118+00:00,200,https://pianogrid.com/chords/d-sus2,"[""Dsus2 Chord: Piano Notes, Inversions, Sound & PDF | PianoGrid""]","[""Dsus2 Chord""]","[""Learn the Dsus2 chord on piano: D, E and A. See keyboard diagrams, explore inversions, hear the chord and practice finding its notes.""]","[""https://pianogrid.com/chords/d-sus2""]","[{""agent"": ""robots"", ""content"": ""index, follow""}]",,
PG-040,https://pianogrid.com/chords/d-sus4,2026-09-24T23:53:29.650242+00:00,200,https://pianogrid.com/chords/d-sus4,"[""Dsus4 Chord: Piano Notes, Inversions, Sound & PDF | PianoGrid""]","[""Dsus4 Chord""]","[""Learn the Dsus4 chord on piano: D, G and A. See keyboard diagrams, explore inversions, hear the chord and practice finding its notes.""]","[""https://pianogrid.com/chords/d-sus4""]","[{""agent"": ""robots"", ""content"": ""index, follow""}]",,
PG-041,https://pianogrid.com/chords/e-flat-7,2026-09-24T23:53:30.976896+00:00,200,https://pianogrid.com/chords/e-flat-7,"[""E♭7 Chord: Piano Notes, Inversions, Sound & PDF | PianoGrid""]","[""E♭7 Chord""]","[""Learn the E♭7 chord on piano: E♭, G, B♭ and D♭. See keyboard diagrams, explore inversions, hear the chord and practice finding its notes.""]","[""https://pianogrid.com/chords/e-flat-7""]","[{""agent"": ""robots"", ""content"": ""index, follow""}]",,
PG-042,https://pianogrid.com/chords/e-flat-diminished,2026-09-24T23:53:31.072421+00:00,200,https://pianogrid.com/chords/e-flat-diminished,"[""E♭ Diminished Piano Chord (E♭dim): Notes & Inversions""]","[""E♭ Diminished Piano Chord""]","[""Find the e♭ diminished chord on piano: E♭, G♭, B𝄫. See three keyboard positions, sound and a printable reference.""]","[""https://pianogrid.com/chords/e-flat-diminished""]","[{""agent"": ""robots"", ""content"": ""index, follow""}]",,
PG-043,https://pianogrid.com/chords/g-augmented,2026-09-24T23:53:32.445519+00:00,200,https://pianogrid.com/chords/g-augmented,"[""G Augmented Piano Chord (Gaug): Notes & Inversions | PianoGrid""]","[""G Augmented Piano Chord""]","[""Find the G augmented chord on piano: G, B, D♯. See three keyboard positions, sound and a printable reference.""]","[""https://pianogrid.com/chords/g-augmented""]","[{""agent"": ""robots"", ""content"": ""index, follow""}]",,
PG-044,https://pianogrid.com/scales/chromatic,2026-09-24T23:53:32.618332+00:00,200,https://pianogrid.com/scales/chromatic,"[""Chromatic Scale on Piano | PianoGrid""]","[""Chromatic Scale on Piano""]","[""Read one-octave chromatic scales from C and G, including white-key half steps and alternative note spellings.""]","[""https://pianogrid.com/scales/chromatic""]","[{""agent"": ""robots"", ""content"": ""index, follow""}]",,
PG-045,https://pianogrid.com/scales/e-flat-major,2026-09-24T23:53:33.914017+00:00,200,https://pianogrid.com/scales/e-flat-major,"[""E-Flat Major Piano Scale: Notes and Fingering | PianoGrid""]","[""E-Flat Major Piano Scale: Notes and Fingering""]","[""See E-flat major notes, key signature, keyboard pitches and separately verified one-octave fingering for each hand and direction.""]","[""https://pianogrid.com/scales/e-flat-major""]","[{""agent"": ""robots"", ""content"": ""index, follow""}]",,
PG-046,https://pianogrid.com/scales/f-sharp-minor,2026-09-24T23:53:34.281971+00:00,200,https://pianogrid.com/scales/f-sharp-minor,"[""F-Sharp Minor Scale on Piano: Natural, Harmonic & Melodic | PianoGrid""]","[""F# Minor Scale on Piano: Natural, Harmonic & Melodic""]","[""Find the notes of F# minor, compare its three forms and descending patterns, and read source-checked piano fingerings.""]","[""https://pianogrid.com/scales/f-sharp-minor""]","[{""agent"": ""robots"", ""content"": ""index, follow""}]",,
PG-047,https://pianogrid.com/tools/blank-sheet-music,2026-09-24T23:53:35.458446+00:00,200,https://pianogrid.com/tools/blank-sheet-music,"[""Blank Piano Sheet Music PDF — Letter & A4 | PianoGrid""]","[""Blank Piano Sheet Music""]","[""Download free blank piano sheet music with six grand-staff systems. Choose US Letter or A4, preview the page, and print without an account.""]","[""https://pianogrid.com/tools/blank-sheet-music""]","[{""agent"": ""robots"", ""content"": ""index, follow""}]",,
PG-048,https://pianogrid.com/chords/a-flat-7,2026-09-24T23:53:35.714622+00:00,200,https://pianogrid.com/chords/a-flat-7,"[""A♭7 Chord: Piano Notes, Inversions, Sound & PDF | PianoGrid""]","[""A♭7 Chord""]","[""Learn the A♭7 chord on piano: A♭, C, E♭ and G♭. See keyboard diagrams, explore inversions, hear the chord and practice finding its notes.""]","[""https://pianogrid.com/chords/a-flat-7""]","[{""agent"": ""robots"", ""content"": ""index, follow""}]",,
PG-049,https://pianogrid.com/chords/e-augmented,2026-09-24T23:53:36.681913+00:00,200,https://pianogrid.com/chords/e-augmented,"[""E Augmented Piano Chord (Eaug): Notes & Inversions | PianoGrid""]","[""E Augmented Piano Chord""]","[""Find the E augmented chord on piano: E, G♯, B♯. See three keyboard positions, sound and a printable reference.""]","[""https://pianogrid.com/chords/e-augmented""]","[{""agent"": ""robots"", ""content"": ""index, follow""}]",,
PG-050,https://pianogrid.com/chords/e-maj7,2026-09-24T23:53:37.308203+00:00,200,https://pianogrid.com/chords/e-maj7,"[""Emaj7 Chord: Piano Notes, Inversions, Sound & PDF | PianoGrid""]","[""Emaj7 Chord""]","[""Learn the Emaj7 chord on piano: E, G♯, B and D♯. See keyboard diagrams, explore inversions, hear the chord and practice finding its notes.""]","[""https://pianogrid.com/chords/e-maj7""]","[{""agent"": ""robots"", ""content"": ""index, follow""}]",,
PG-051,https://pianogrid.com/chords/f-add9,2026-09-24T23:53:38.276732+00:00,200,https://pianogrid.com/chords/f-add9,"[""Fadd9 Piano Chord: Notes, Voicings & Practice | PianoGrid""]","[""Fadd9 Piano Chord""]","[""Find Fadd9 notes (F, A, C, G), compare two keyboard layouts, hear each one and practise chord tones or an exact voicing.""]","[""https://pianogrid.com/chords/f-add9""]","[{""agent"": ""robots"", ""content"": ""index, follow""}]",,
PG-052,https://pianogrid.com/scales/c-flat-major,2026-09-24T23:53:38.892566+00:00,200,https://pianogrid.com/scales/c-flat-major,"[""C-Flat Major Piano Scale: Notes and Fingering | PianoGrid""]","[""C-Flat Major Piano Scale: Notes and Fingering""]","[""See C-flat major notes, key signature, keyboard pitches and separately verified one-octave fingering for each hand and direction.""]","[""https://pianogrid.com/scales/c-flat-major""]","[{""agent"": ""robots"", ""content"": ""index, follow""}]",,
PG-053,https://pianogrid.com/sheet-music/hot-cross-buns,2026-09-24T23:53:39.869379+00:00,200,https://pianogrid.com/sheet-music/hot-cross-buns,"[""Hot Cross Buns Piano Sheet Music: Edition & Access | PianoGrid""]","[""Hot Cross Buns Piano Sheet Music""]","[""Check Hoffman Academy’s Lesson 1 materials for Hot Cross Buns, including its parent-guide context, external access route and beginner practice links.""]","[""https://pianogrid.com/sheet-music/hot-cross-buns""]","[{""agent"": ""robots"", ""content"": ""index, follow""}]",,
PG-054,https://pianogrid.com/chords/a-augmented,2026-09-24T23:53:40.605384+00:00,200,https://pianogrid.com/chords/a-augmented,"[""A Augmented Piano Chord (Aaug): Notes & Inversions | PianoGrid""]","[""A Augmented Piano Chord""]","[""Find the A augmented chord on piano: A, C♯, E♯. See three keyboard positions, sound and a printable reference.""]","[""https://pianogrid.com/chords/a-augmented""]","[{""agent"": ""robots"", ""content"": ""index, follow""}]",,
PG-055,https://pianogrid.com/chords/c-flat-major,2026-09-24T23:53:41.151030+00:00,200,https://pianogrid.com/chords/c-flat-major,"[""C-flat Major Piano Chord (Cb): Notes, Inversions & PDF""]","[""C-flat Major Piano Chord (C♭)""]","[""Read C-flat major as C-flat, E-flat and G-flat. Match C-flat4 to the B3 key, compare inversions and print an enharmonic reference.""]","[""https://pianogrid.com/chords/c-flat-major""]","[{""agent"": ""robots"", ""content"": ""index, follow""}]",,
PG-056,https://pianogrid.com/chords/c-minor,2026-09-24T23:53:41.882045+00:00,200,https://pianogrid.com/chords/c-minor,"[""C Minor Piano Chord (Cm): Notes, Inversions & PDF | PianoGrid""]","[""C Minor Piano Chord (Cm)""]","[""Learn the C minor piano chord: C, E-flat and G. Compare Cm/E-flat and Cm/G, check the major-minor difference and print the keyboard diagrams.""]","[""https://pianogrid.com/chords/c-minor""]","[{""agent"": ""robots"", ""content"": ""index, follow""}]",,
PG-057,https://pianogrid.com/chords/c-sus2,2026-09-24T23:53:42.707009+00:00,200,https://pianogrid.com/chords/c-sus2,"[""Csus2 Chord: Piano Notes, Inversions, Sound & PDF | PianoGrid""]","[""Csus2 Chord""]","[""Learn the Csus2 chord on piano: C, D and G. See keyboard diagrams, explore inversions, hear the chord and practice finding its notes.""]","[""https://pianogrid.com/chords/c-sus2""]","[{""agent"": ""robots"", ""content"": ""index, follow""}]",,
PG-058,https://pianogrid.com/chords/d-flat-7,2026-09-24T23:53:43.355416+00:00,200,https://pianogrid.com/chords/d-flat-7,"[""D♭7 Chord: Piano Notes, Inversions, Sound & PDF | PianoGrid""]","[""D♭7 Chord""]","[""Learn the D♭7 chord on piano: D♭, F, A♭ and C♭. See keyboard diagrams, explore inversions, hear the chord and practice finding its notes.""]","[""https://pianogrid.com/chords/d-flat-7""]","[{""agent"": ""robots"", ""content"": ""index, follow""}]",,
PG-059,https://pianogrid.com/chords/f-augmented,2026-09-24T23:53:44.291849+00:00,200,https://pianogrid.com/chords/f-augmented,"[""F Augmented Piano Chord (Faug): Notes & Inversions | PianoGrid""]","[""F Augmented Piano Chord""]","[""Find the F augmented chord on piano: F, A, C♯. See three keyboard positions, sound and a printable reference.""]","[""https://pianogrid.com/chords/f-augmented""]","[{""agent"": ""robots"", ""content"": ""index, follow""}]",,
PG-060,https://pianogrid.com/chords/f-sharp-m7,2026-09-24T23:53:44.849538+00:00,200,https://pianogrid.com/chords/f-sharp-m7,"[""F♯m7 Chord: Piano Notes, Inversions, Sound & PDF | PianoGrid""]","[""F♯m7 Chord""]","[""Learn the F♯m7 chord on piano: F♯, A, C♯ and E. See keyboard diagrams, explore inversions, hear the chord and practice finding its notes.""]","[""https://pianogrid.com/chords/f-sharp-m7""]","[{""agent"": ""robots"", ""content"": ""index, follow""}]",,
PG-061,https://pianogrid.com/chords/b-augmented,2026-09-24T23:53:45.945580+00:00,200,https://pianogrid.com/chords/b-augmented,"[""B Augmented Piano Chord (Baug): Notes & Inversions | PianoGrid""]","[""B Augmented Piano Chord""]","[""Find the B augmented chord on piano: B, D♯, F𝄪. See three keyboard positions, sound and a printable reference.""]","[""https://pianogrid.com/chords/b-augmented""]","[{""agent"": ""robots"", ""content"": ""index, follow""}]",,
PG-062,https://pianogrid.com/chords/b-maj7,2026-09-24T23:53:46.332859+00:00,200,https://pianogrid.com/chords/b-maj7,"[""Bmaj7 Chord: Piano Notes, Inversions, Sound & PDF | PianoGrid""]","[""Bmaj7 Chord""]","[""Learn the Bmaj7 chord on piano: B, D♯, F♯ and A♯. See keyboard diagrams, explore inversions, hear the chord and practice finding its notes.""]","[""https://pianogrid.com/chords/b-maj7""]","[{""agent"": ""robots"", ""content"": ""index, follow""}]",,
PG-063,https://pianogrid.com/chords/c-sus4,2026-09-24T23:53:47.396016+00:00,200,https://pianogrid.com/chords/c-sus4,"[""Csus4 Chord: Piano Notes, Inversions, Sound & PDF | PianoGrid""]","[""Csus4 Chord""]","[""Learn the Csus4 chord on piano: C, F and G. See keyboard diagrams, explore inversions, hear the chord and practice finding its notes.""]","[""https://pianogrid.com/chords/c-sus4""]","[{""agent"": ""robots"", ""content"": ""index, follow""}]",,
PG-064,https://pianogrid.com/chords/e-sus4,2026-09-24T23:53:47.638668+00:00,200,https://pianogrid.com/chords/e-sus4,"[""Esus4 Chord: Piano Notes, Inversions, Sound & PDF | PianoGrid""]","[""Esus4 Chord""]","[""Learn the Esus4 chord on piano: E, A and B. See keyboard diagrams, explore inversions, hear the chord and practice finding its notes.""]","[""https://pianogrid.com/chords/e-sus4""]","[{""agent"": ""robots"", ""content"": ""index, follow""}]",,
PG-065,https://pianogrid.com/chords/a-flat-diminished,2026-09-24T23:53:48.866279+00:00,200,https://pianogrid.com/chords/a-flat-diminished,"[""A♭ Diminished Piano Chord (A♭dim): Notes & Inversions""]","[""A♭ Diminished Piano Chord""]","[""Find the a♭ diminished chord on piano: A♭, C♭, E𝄫. See three keyboard positions, sound and a printable reference.""]","[""https://pianogrid.com/chords/a-flat-diminished""]","[{""agent"": ""robots"", ""content"": ""index, follow""}]",,
PG-066,https://pianogrid.com/chords/b-flat-maj7,2026-09-24T23:53:49.091836+00:00,200,https://pianogrid.com/chords/b-flat-maj7,"[""B♭maj7 Chord: Piano Notes, Inversions, Sound & PDF | PianoGrid""]","[""B♭maj7 Chord""]","[""Learn the B♭maj7 chord on piano: B♭, D, F and A. See keyboard diagrams, explore inversions, hear the chord and practice finding its notes.""]","[""https://pianogrid.com/chords/b-flat-maj7""]","[{""agent"": ""robots"", ""content"": ""index, follow""}]",,
PG-067,https://pianogrid.com/chords/e-flat-maj7,2026-09-24T23:53:50.412019+00:00,200,https://pianogrid.com/chords/e-flat-maj7,"[""E♭maj7 Chord: Piano Notes, Inversions, Sound & PDF | PianoGrid""]","[""E♭maj7 Chord""]","[""Learn the E♭maj7 chord on piano: E♭, G, B♭ and D. See keyboard diagrams, explore inversions, hear the chord and practice finding its notes.""]","[""https://pianogrid.com/chords/e-flat-maj7""]","[{""agent"": ""robots"", ""content"": ""index, follow""}]",,
PG-068,https://pianogrid.com/chords/f-sus2,2026-09-24T23:53:50.520437+00:00,200,https://pianogrid.com/chords/f-sus2,"[""Fsus2 Chord: Piano Notes, Inversions, Sound & PDF | PianoGrid""]","[""Fsus2 Chord""]","[""Learn the Fsus2 chord on piano: F, G and C. See keyboard diagrams, explore inversions, hear the chord and practice finding its notes.""]","[""https://pianogrid.com/chords/f-sus2""]","[{""agent"": ""robots"", ""content"": ""index, follow""}]",,
PG-069,https://pianogrid.com/chords/g-add9,2026-09-24T23:53:51.959887+00:00,200,https://pianogrid.com/chords/g-add9,"[""Gadd9 Piano Chord: Notes, Voicings & Practice | PianoGrid""]","[""Gadd9 Piano Chord""]","[""Find Gadd9 notes (G, B, D, A), compare two keyboard layouts, hear each one and practise chord tones or an exact voicing.""]","[""https://pianogrid.com/chords/g-add9""]","[{""agent"": ""robots"", ""content"": ""index, follow""}]",,
PG-070,https://pianogrid.com/chords/g-sus2,2026-09-24T23:53:52.101384+00:00,200,https://pianogrid.com/chords/g-sus2,"[""Gsus2 Chord: Piano Notes, Inversions, Sound & PDF | PianoGrid""]","[""Gsus2 Chord""]","[""Learn the Gsus2 chord on piano: G, A and D. See keyboard diagrams, explore inversions, hear the chord and practice finding its notes.""]","[""https://pianogrid.com/chords/g-sus2""]","[{""agent"": ""robots"", ""content"": ""index, follow""}]",,
PG-071,https://pianogrid.com/chords/a-flat-maj7,2026-09-24T23:53:53.423958+00:00,200,https://pianogrid.com/chords/a-flat-maj7,"[""A♭maj7 Chord: Piano Notes, Inversions, Sound & PDF | PianoGrid""]","[""A♭maj7 Chord""]","[""Learn the A♭maj7 chord on piano: A♭, C, E♭ and G. See keyboard diagrams, explore inversions, hear the chord and practice finding its notes.""]","[""https://pianogrid.com/chords/a-flat-maj7""]","[{""agent"": ""robots"", ""content"": ""index, follow""}]",,
PG-072,https://pianogrid.com/chords/b-flat-m7,2026-09-24T23:53:53.540102+00:00,200,https://pianogrid.com/chords/b-flat-m7,"[""B♭m7 Chord: Piano Notes, Inversions, Sound & PDF | PianoGrid""]","[""B♭m7 Chord""]","[""Learn the B♭m7 chord on piano: B♭, D♭, F and A♭. See keyboard diagrams, explore inversions, hear the chord and practice finding its notes.""]","[""https://pianogrid.com/chords/b-flat-m7""]","[{""agent"": ""robots"", ""content"": ""index, follow""}]",,
PG-073,https://pianogrid.com/chords/b-sus4,2026-09-24T23:53:54.953849+00:00,200,https://pianogrid.com/chords/b-sus4,"[""Bsus4 Chord: Piano Notes, Inversions, Sound & PDF | PianoGrid""]","[""Bsus4 Chord""]","[""Learn the Bsus4 chord on piano: B, E and F♯. See keyboard diagrams, explore inversions, hear the chord and practice finding its notes.""]","[""https://pianogrid.com/chords/b-sus4""]","[{""agent"": ""robots"", ""content"": ""index, follow""}]",,
PG-074,https://pianogrid.com/chords/d-add9,2026-09-24T23:53:55.163871+00:00,200,https://pianogrid.com/chords/d-add9,"[""Dadd9 Piano Chord: Notes, Voicings & Practice | PianoGrid""]","[""Dadd9 Piano Chord""]","[""Find Dadd9 notes (D, F♯, A, E), compare two keyboard layouts, hear each one and practise chord tones or an exact voicing.""]","[""https://pianogrid.com/chords/d-add9""]","[{""agent"": ""robots"", ""content"": ""index, follow""}]",,
PG-075,https://pianogrid.com/chords/e-flat-m7,2026-09-24T23:53:56.423139+00:00,200,https://pianogrid.com/chords/e-flat-m7,"[""E♭m7 Chord: Piano Notes, Inversions, Sound & PDF | PianoGrid""]","[""E♭m7 Chord""]","[""Learn the E♭m7 chord on piano: E♭, G♭, B♭ and D♭. See keyboard diagrams, explore inversions, hear the chord and practice finding its notes.""]","[""https://pianogrid.com/chords/e-flat-m7""]","[{""agent"": ""robots"", ""content"": ""index, follow""}]",,
PG-076,https://pianogrid.com/chords/b-m7-flat5,2026-09-24T23:53:56.786957+00:00,200,https://pianogrid.com/chords/b-m7-flat5,"[""B Half-Diminished Chord (Bm7♭5): Piano Notes, Inversions, Sound & PDF""]","[""B Half-Diminished Chord (Bm7♭5)""]","[""Learn the B Half-Diminished Chord (Bm7♭5) on piano: B, D, F and A. See keyboard diagrams, explore inversions and hear the chord.""]","[""https://pianogrid.com/chords/b-m7-flat5""]","[{""agent"": ""robots"", ""content"": ""index, follow""}]",,
PG-077,https://pianogrid.com/chords/b-sus2,2026-09-24T23:53:57.749716+00:00,200,https://pianogrid.com/chords/b-sus2,"[""Bsus2 Chord: Piano Notes, Inversions, Sound & PDF | PianoGrid""]","[""Bsus2 Chord""]","[""Learn the Bsus2 chord on piano: B, C♯ and F♯. See keyboard diagrams, explore inversions, hear the chord and practice finding its notes.""]","[""https://pianogrid.com/chords/b-sus2""]","[{""agent"": ""robots"", ""content"": ""index, follow""}]",,
PG-078,https://pianogrid.com/chords/d-m7-flat5,2026-09-24T23:53:58.105851+00:00,200,https://pianogrid.com/chords/d-m7-flat5,"[""D Half-Diminished Chord (Dm7♭5): Piano Notes, Inversions, Sound & PDF""]","[""D Half-Diminished Chord (Dm7♭5)""]","[""Learn the D Half-Diminished Chord (Dm7♭5) on piano: D, F, A♭ and C. See keyboard diagrams, explore inversions and hear the chord.""]","[""https://pianogrid.com/chords/d-m7-flat5""]","[{""agent"": ""robots"", ""content"": ""index, follow""}]",,
PG-079,https://pianogrid.com/chords/a-add9,2026-09-24T23:53:59.117831+00:00,200,https://pianogrid.com/chords/a-add9,"[""Aadd9 Piano Chord: Notes, Voicings & Practice | PianoGrid""]","[""Aadd9 Piano Chord""]","[""Find Aadd9 notes (A, C♯, E, B), compare two keyboard layouts, hear each one and practise chord tones or an exact voicing.""]","[""https://pianogrid.com/chords/a-add9""]","[{""agent"": ""robots"", ""content"": ""index, follow""}]",,
PG-080,https://pianogrid.com/chords/b-flat-augmented,2026-09-24T23:53:59.709505+00:00,200,https://pianogrid.com/chords/b-flat-augmented,"[""B♭ Augmented Piano Chord (B♭aug): Notes & Inversions | PianoGrid""]","[""B♭ Augmented Piano Chord""]","[""Find the b♭ augmented chord on piano: B♭, D, F♯. See three keyboard positions, sound and a printable reference.""]","[""https://pianogrid.com/chords/b-flat-augmented""]","[{""agent"": ""robots"", ""content"": ""index, follow""}]",,
PG-081,https://pianogrid.com/chords/d-flat-diminished,2026-09-24T23:54:00.444587+00:00,200,https://pianogrid.com/chords/d-flat-diminished,"[""D♭ Diminished Piano Chord (D♭dim): Notes & Inversions""]","[""D♭ Diminished Piano Chord""]","[""Find the d♭ diminished chord on piano: D♭, F♭, A𝄫. See three keyboard positions, sound and a printable reference.""]","[""https://pianogrid.com/chords/d-flat-diminished""]","[{""agent"": ""robots"", ""content"": ""index, follow""}]",,
PG-082,https://pianogrid.com/chords/e-sus2,2026-09-24T23:54:01.252436+00:00,200,https://pianogrid.com/chords/e-sus2,"[""Esus2 Chord: Piano Notes, Inversions, Sound & PDF | PianoGrid""]","[""Esus2 Chord""]","[""Learn the Esus2 chord on piano: E, F♯ and B. See keyboard diagrams, explore inversions, hear the chord and practice finding its notes.""]","[""https://pianogrid.com/chords/e-sus2""]","[{""agent"": ""robots"", ""content"": ""index, follow""}]",,
PG-083,https://pianogrid.com/chords/f-sharp-maj7,2026-09-24T23:54:01.971601+00:00,200,https://pianogrid.com/chords/f-sharp-maj7,"[""F♯maj7 Chord: Piano Notes, Inversions, Sound & PDF | PianoGrid""]","[""F♯maj7 Chord""]","[""Learn the F♯maj7 chord on piano: F♯, A♯, C♯ and E♯. See keyboard diagrams, explore inversions, hear the chord and practice finding its notes.""]","[""https://pianogrid.com/chords/f-sharp-maj7""]","[{""agent"": ""robots"", ""content"": ""index, follow""}]",,
PG-084,https://pianogrid.com/chords/e-flat-augmented,2026-09-24T23:54:02.706958+00:00,200,https://pianogrid.com/chords/e-flat-augmented,"[""E♭ Augmented Piano Chord (E♭aug): Notes & Inversions | PianoGrid""]","[""E♭ Augmented Piano Chord""]","[""Find the e♭ augmented chord on piano: E♭, G, B. See three keyboard positions, sound and a printable reference.""]","[""https://pianogrid.com/chords/e-flat-augmented""]","[{""agent"": ""robots"", ""content"": ""index, follow""}]",,
PG-085,https://pianogrid.com/chords/a-flat-m7,2026-09-24T23:54:03.539884+00:00,200,https://pianogrid.com/chords/a-flat-m7,"[""A♭m7 Chord: Piano Notes, Inversions, Sound & PDF | PianoGrid""]","[""A♭m7 Chord""]","[""Learn the A♭m7 chord on piano: A♭, C♭, E♭ and G♭. See keyboard diagrams, explore inversions, hear the chord and practice finding its notes.""]","[""https://pianogrid.com/chords/a-flat-m7""]","[{""agent"": ""robots"", ""content"": ""index, follow""}]",,
PG-086,https://pianogrid.com/chords/a-m7-flat5,2026-09-24T23:54:04.145242+00:00,200,https://pianogrid.com/chords/a-m7-flat5,"[""A Half-Diminished Chord (Am7♭5): Piano Notes, Inversions, Sound & PDF""]","[""A Half-Diminished Chord (Am7♭5)""]","[""Learn the A Half-Diminished Chord (Am7♭5) on piano: A, C, E♭ and G. See keyboard diagrams, explore inversions and hear the chord.""]","[""https://pianogrid.com/chords/a-m7-flat5""]","[{""agent"": ""robots"", ""content"": ""index, follow""}]",,
PG-087,https://pianogrid.com/chords/a-flat-augmented,2026-09-24T23:54:05.117072+00:00,200,https://pianogrid.com/chords/a-flat-augmented,"[""A♭ Augmented Piano Chord (A♭aug): Notes & Inversions | PianoGrid""]","[""A♭ Augmented Piano Chord""]","[""Find the a♭ augmented chord on piano: A♭, C, E. See three keyboard positions, sound and a printable reference.""]","[""https://pianogrid.com/chords/a-flat-augmented""]","[{""agent"": ""robots"", ""content"": ""index, follow""}]",,
PG-088,https://pianogrid.com/chords/d-flat-maj7,2026-09-24T23:54:05.606458+00:00,200,https://pianogrid.com/chords/d-flat-maj7,"[""D♭maj7 Chord: Piano Notes, Inversions, Sound & PDF | PianoGrid""]","[""D♭maj7 Chord""]","[""Learn the D♭maj7 chord on piano: D♭, F, A♭ and C. See keyboard diagrams, explore inversions, hear the chord and practice finding its notes.""]","[""https://pianogrid.com/chords/d-flat-maj7""]","[{""agent"": ""robots"", ""content"": ""index, follow""}]",,
PG-089,https://pianogrid.com/chords/e-add9,2026-09-24T23:54:06.632966+00:00,200,https://pianogrid.com/chords/e-add9,"[""Eadd9 Piano Chord: Notes, Voicings & Practice | PianoGrid""]","[""Eadd9 Piano Chord""]","[""Find Eadd9 notes (E, G♯, B, F♯), compare two keyboard layouts, hear each one and practise chord tones or an exact voicing.""]","[""https://pianogrid.com/chords/e-add9""]","[{""agent"": ""robots"", ""content"": ""index, follow""}]",,
PG-090,https://pianogrid.com/chords/a-flat-m7-flat5,2026-09-24T23:54:07.107163+00:00,200,https://pianogrid.com/chords/a-flat-m7-flat5,"[""A♭ Half-Diminished Chord (A♭m7♭5): Piano Notes, Inversions, Sound & PDF""]","[""A♭ Half-Diminished Chord (A♭m7♭5)""]","[""Learn the A♭ Half-Diminished Chord (A♭m7♭5) on piano: A♭, C♭, E𝄫 and G♭. See keyboard diagrams, explore inversions and hear the chord.""]","[""https://pianogrid.com/chords/a-flat-m7-flat5""]","[{""agent"": ""robots"", ""content"": ""index, follow""}]",,
PG-091,https://pianogrid.com/chords/a-flat-sus2,2026-09-24T23:54:08.130923+00:00,200,https://pianogrid.com/chords/a-flat-sus2,"[""A♭sus2 Chord: Piano Notes, Inversions, Sound & PDF | PianoGrid""]","[""A♭sus2 Chord""]","[""Learn the A♭sus2 chord on piano: A♭, B♭ and E♭. See keyboard diagrams, explore inversions, hear the chord and practice finding its notes.""]","[""https://pianogrid.com/chords/a-flat-sus2""]","[{""agent"": ""robots"", ""content"": ""index, follow""}]",,
PG-092,https://pianogrid.com/chords/a-flat-sus4,2026-09-24T23:54:08.695315+00:00,200,https://pianogrid.com/chords/a-flat-sus4,"[""A♭sus4 Chord: Piano Notes, Inversions, Sound & PDF | PianoGrid""]","[""A♭sus4 Chord""]","[""Learn the A♭sus4 chord on piano: A♭, D♭ and E♭. See keyboard diagrams, explore inversions, hear the chord and practice finding its notes.""]","[""https://pianogrid.com/chords/a-flat-sus4""]","[{""agent"": ""robots"", ""content"": ""index, follow""}]",,
PG-093,https://pianogrid.com/chords/b-add9,2026-09-24T23:54:09.505365+00:00,200,https://pianogrid.com/chords/b-add9,"[""Badd9 Piano Chord: Notes, Voicings & Practice | PianoGrid""]","[""Badd9 Piano Chord""]","[""Find Badd9 notes (B, D♯, F♯, C♯), compare two keyboard layouts, hear each one and practise chord tones or an exact voicing.""]","[""https://pianogrid.com/chords/b-add9""]","[{""agent"": ""robots"", ""content"": ""index, follow""}]",,
PG-094,https://pianogrid.com/chords/b-flat-add9,2026-09-24T23:54:10.247774+00:00,200,https://pianogrid.com/chords/b-flat-add9,"[""B♭add9 Piano Chord: Notes, Voicings & Practice | PianoGrid""]","[""B♭add9 Piano Chord""]","[""Find B♭add9 notes (B♭, D, F, C), compare two keyboard layouts, hear each one and practise chord tones or an exact voicing.""]","[""https://pianogrid.com/chords/b-flat-add9""]","[{""agent"": ""robots"", ""content"": ""index, follow""}]",,
PG-095,https://pianogrid.com/chords/b-flat-m7-flat5,2026-09-24T23:54:11.138543+00:00,200,https://pianogrid.com/chords/b-flat-m7-flat5,"[""B♭ Half-Diminished Chord (B♭m7♭5): Piano Notes, Inversions, Sound & PDF""]","[""B♭ Half-Diminished Chord (B♭m7♭5)""]","[""Learn the B♭ Half-Diminished Chord (B♭m7♭5) on piano: B♭, D♭, F♭ and A♭. See keyboard diagrams, explore inversions and hear the chord.""]","[""https://pianogrid.com/chords/b-flat-m7-flat5""]","[{""agent"": ""robots"", ""content"": ""index, follow""}]",,
PG-096,https://pianogrid.com/chords/b-flat-sus2,2026-09-24T23:54:11.655161+00:00,200,https://pianogrid.com/chords/b-flat-sus2,"[""B♭sus2 Chord: Piano Notes, Inversions, Sound & PDF | PianoGrid""]","[""B♭sus2 Chord""]","[""Learn the B♭sus2 chord on piano: B♭, C and F. See keyboard diagrams, explore inversions, hear the chord and practice finding its notes.""]","[""https://pianogrid.com/chords/b-flat-sus2""]","[{""agent"": ""robots"", ""content"": ""index, follow""}]",,
PG-097,https://pianogrid.com/chords/b-flat-sus4,2026-09-24T23:54:12.387508+00:00,200,https://pianogrid.com/chords/b-flat-sus4,"[""B♭sus4 Chord: Piano Notes, Inversions, Sound & PDF | PianoGrid""]","[""B♭sus4 Chord""]","[""Learn the B♭sus4 chord on piano: B♭, E♭ and F. See keyboard diagrams, explore inversions, hear the chord and practice finding its notes.""]","[""https://pianogrid.com/chords/b-flat-sus4""]","[{""agent"": ""robots"", ""content"": ""index, follow""}]",,
PG-098,https://pianogrid.com/chords/c-m7-flat5,2026-09-24T23:54:13.236361+00:00,200,https://pianogrid.com/chords/c-m7-flat5,"[""C Half-Diminished Chord (Cm7♭5): Piano Notes, Inversions, Sound & PDF""]","[""C Half-Diminished Chord (Cm7♭5)""]","[""Learn the C Half-Diminished Chord (Cm7♭5) on piano: C, E♭, G♭ and B♭. See keyboard diagrams, explore inversions and hear the chord.""]","[""https://pianogrid.com/chords/c-m7-flat5""]","[{""agent"": ""robots"", ""content"": ""index, follow""}]",,
PG-099,https://pianogrid.com/chords/d-flat-augmented,2026-09-24T23:54:13.951960+00:00,200,https://pianogrid.com/chords/d-flat-augmented,"[""D♭ Augmented Piano Chord (D♭aug): Notes & Inversions | PianoGrid""]","[""D♭ Augmented Piano Chord""]","[""Find the d♭ augmented chord on piano: D♭, F, A. See three keyboard positions, sound and a printable reference.""]","[""https://pianogrid.com/chords/d-flat-augmented""]","[{""agent"": ""robots"", ""content"": ""index, follow""}]",,
PG-100,https://pianogrid.com/chords/d-flat-m7,2026-09-24T23:54:14.764580+00:00,200,https://pianogrid.com/chords/d-flat-m7,"[""D♭m7 Chord: Piano Notes, Inversions, Sound & PDF | PianoGrid""]","[""D♭m7 Chord""]","[""Learn the D♭m7 chord on piano: D♭, F♭, A♭ and C♭. See keyboard diagrams, explore inversions, hear the chord and practice finding its notes.""]","[""https://pianogrid.com/chords/d-flat-m7""]","[{""agent"": ""robots"", ""content"": ""index, follow""}]",,
PG-101,https://pianogrid.com/chords/d-madd9,2026-09-24T23:54:15.317356+00:00,200,https://pianogrid.com/chords/d-madd9,"[""Dm(add9) Piano Chord: Notes, Voicings & Practice | PianoGrid""]","[""Dm(add9) Piano Chord""]","[""Find Dm(add9) notes (D, F, A, E), compare two keyboard layouts, hear each one and practise chord tones or an exact voicing.""]","[""https://pianogrid.com/chords/d-madd9""]","[{""agent"": ""robots"", ""content"": ""index, follow""}]",,
PG-102,https://pianogrid.com/chords/e-flat-add9,2026-09-24T23:54:16.316581+00:00,200,https://pianogrid.com/chords/e-flat-add9,"[""E♭add9 Piano Chord: Notes, Voicings & Practice | PianoGrid""]","[""E♭add9 Piano Chord""]","[""Find E♭add9 notes (E♭, G, B♭, F), compare two keyboard layouts, hear each one and practise chord tones or an exact voicing.""]","[""https://pianogrid.com/chords/e-flat-add9""]","[{""agent"": ""robots"", ""content"": ""index, follow""}]",,
PG-103,https://pianogrid.com/chords/e-flat-m7-flat5,2026-09-24T23:54:16.595337+00:00,200,https://pianogrid.com/chords/e-flat-m7-flat5,"[""E♭ Half-Diminished Chord (E♭m7♭5): Piano Notes, Inversions, Sound & PDF""]","[""E♭ Half-Diminished Chord (E♭m7♭5)""]","[""Learn the E♭ Half-Diminished Chord (E♭m7♭5) on piano: E♭, G♭, B𝄫 and D♭. See keyboard diagrams, explore inversions and hear the chord.""]","[""https://pianogrid.com/chords/e-flat-m7-flat5""]","[{""agent"": ""robots"", ""content"": ""index, follow""}]",,
PG-104,https://pianogrid.com/chords/e-flat-sus2,2026-09-24T23:54:17.790456+00:00,200,https://pianogrid.com/chords/e-flat-sus2,"[""E♭sus2 Chord: Piano Notes, Inversions, Sound & PDF | PianoGrid""]","[""E♭sus2 Chord""]","[""Learn the E♭sus2 chord on piano: E♭, F and B♭. See keyboard diagrams, explore inversions, hear the chord and practice finding its notes.""]","[""https://pianogrid.com/chords/e-flat-sus2""]","[{""agent"": ""robots"", ""content"": ""index, follow""}]",,
PG-105,https://pianogrid.com/chords/e-flat-sus4,2026-09-24T23:54:18.063386+00:00,200,https://pianogrid.com/chords/e-flat-sus4,"[""E♭sus4 Chord: Piano Notes, Inversions, Sound & PDF | PianoGrid""]","[""E♭sus4 Chord""]","[""Learn the E♭sus4 chord on piano: E♭, A♭ and B♭. See keyboard diagrams, explore inversions, hear the chord and practice finding its notes.""]","[""https://pianogrid.com/chords/e-flat-sus4""]","[{""agent"": ""robots"", ""content"": ""index, follow""}]",,
PG-106,https://pianogrid.com/chords/e-m7-flat5,2026-09-24T23:54:19.319561+00:00,200,https://pianogrid.com/chords/e-m7-flat5,"[""E Half-Diminished Chord (Em7♭5): Piano Notes, Inversions, Sound & PDF""]","[""E Half-Diminished Chord (Em7♭5)""]","[""Learn the E Half-Diminished Chord (Em7♭5) on piano: E, G, B♭ and D. See keyboard diagrams, explore inversions and hear the chord.""]","[""https://pianogrid.com/chords/e-m7-flat5""]","[{""agent"": ""robots"", ""content"": ""index, follow""}]",,
PG-107,https://pianogrid.com/chords/e-madd9,2026-09-24T23:54:19.569256+00:00,200,https://pianogrid.com/chords/e-madd9,"[""Em(add9) Piano Chord: Notes, Voicings & Practice | PianoGrid""]","[""Em(add9) Piano Chord""]","[""Find Em(add9) notes (E, G, B, F♯), compare two keyboard layouts, hear each one and practise chord tones or an exact voicing.""]","[""https://pianogrid.com/chords/e-madd9""]","[{""agent"": ""robots"", ""content"": ""index, follow""}]",,
PG-108,https://pianogrid.com/chords/f-m7-flat5,2026-09-24T23:54:21.018325+00:00,200,https://pianogrid.com/chords/f-m7-flat5,"[""F Half-Diminished Chord (Fm7♭5): Piano Notes, Inversions, Sound & PDF""]","[""F Half-Diminished Chord (Fm7♭5)""]","[""Learn the F Half-Diminished Chord (Fm7♭5) on piano: F, A♭, C♭ and E♭. See keyboard diagrams, explore inversions and hear the chord.""]","[""https://pianogrid.com/chords/f-m7-flat5""]","[{""agent"": ""robots"", ""content"": ""index, follow""}]",,
PG-109,https://pianogrid.com/chords/f-sharp-augmented,2026-09-24T23:54:21.098210+00:00,200,https://pianogrid.com/chords/f-sharp-augmented,"[""F♯ Augmented Piano Chord (F♯aug): Notes & Inversions | PianoGrid""]","[""F♯ Augmented Piano Chord""]","[""Find the f♯ augmented chord on piano: F♯, A♯, C𝄪. See three keyboard positions, sound and a printable reference.""]","[""https://pianogrid.com/chords/f-sharp-augmented""]","[{""agent"": ""robots"", ""content"": ""index, follow""}]",,
PG-110,https://pianogrid.com/chords/f-sharp-m7-flat5,2026-09-24T23:54:22.177190+00:00,200,https://pianogrid.com/chords/f-sharp-m7-flat5,"[""F♯ Half-Diminished Chord (F♯m7♭5): Piano Notes, Inversions, Sound & PDF""]","[""F♯ Half-Diminished Chord (F♯m7♭5)""]","[""Learn the F♯ Half-Diminished Chord (F♯m7♭5) on piano: F♯, A, C and E. See keyboard diagrams, explore inversions and hear the chord.""]","[""https://pianogrid.com/chords/f-sharp-m7-flat5""]","[{""agent"": ""robots"", ""content"": ""index, follow""}]",,
PG-111,https://pianogrid.com/chords/f-sus4,2026-09-24T23:54:22.480296+00:00,200,https://pianogrid.com/chords/f-sus4,"[""Fsus4 Chord: Piano Notes, Inversions, Sound & PDF | PianoGrid""]","[""Fsus4 Chord""]","[""Learn the Fsus4 chord on piano: F, B♭ and C. See keyboard diagrams, explore inversions, hear the chord and practice finding its notes.""]","[""https://pianogrid.com/chords/f-sus4""]","[{""agent"": ""robots"", ""content"": ""index, follow""}]",,
PG-112,https://pianogrid.com/chords/g-m7-flat5,2026-09-24T23:54:23.727531+00:00,200,https://pianogrid.com/chords/g-m7-flat5,"[""G Half-Diminished Chord (Gm7♭5): Piano Notes, Inversions, Sound & PDF""]","[""G Half-Diminished Chord (Gm7♭5)""]","[""Learn the G Half-Diminished Chord (Gm7♭5) on piano: G, B♭, D♭ and F. See keyboard diagrams, explore inversions and hear the chord.""]","[""https://pianogrid.com/chords/g-m7-flat5""]","[{""agent"": ""robots"", ""content"": ""index, follow""}]",,
PG-113,https://pianogrid.com/chords/a-madd9,2026-09-24T23:54:23.771524+00:00,200,https://pianogrid.com/chords/a-madd9,"[""Am(add9) Piano Chord: Notes, Voicings & Practice | PianoGrid""]","[""Am(add9) Piano Chord""]","[""Find Am(add9) notes (A, C, E, B), compare two keyboard layouts, hear each one and practise chord tones or an exact voicing.""]","[""https://pianogrid.com/chords/a-madd9""]","[{""agent"": ""robots"", ""content"": ""index, follow""}]",,
PG-114,https://pianogrid.com/chords/f-madd9,2026-09-24T23:54:25.275232+00:00,200,https://pianogrid.com/chords/f-madd9,"[""Fm(add9) Piano Chord: Notes, Voicings & Practice | PianoGrid""]","[""Fm(add9) Piano Chord""]","[""Find Fm(add9) notes (F, A♭, C, G), compare two keyboard layouts, hear each one and practise chord tones or an exact voicing.""]","[""https://pianogrid.com/chords/f-madd9""]","[{""agent"": ""robots"", ""content"": ""index, follow""}]",,
PG-115,https://pianogrid.com/chords/f-sharp-sus4,2026-09-24T23:54:25.374371+00:00,200,https://pianogrid.com/chords/f-sharp-sus4,"[""F♯sus4 Chord: Piano Notes, Inversions, Sound & PDF | PianoGrid""]","[""F♯sus4 Chord""]","[""Learn the F♯sus4 chord on piano: F♯, B and C♯. See keyboard diagrams, explore inversions, hear the chord and practice finding its notes.""]","[""https://pianogrid.com/chords/f-sharp-sus4""]","[{""agent"": ""robots"", ""content"": ""index, follow""}]",,
PG-116,https://pianogrid.com/chords/g-madd9,2026-09-24T23:54:26.730884+00:00,200,https://pianogrid.com/chords/g-madd9,"[""Gm(add9) Piano Chord: Notes, Voicings & Practice | PianoGrid""]","[""Gm(add9) Piano Chord""]","[""Find Gm(add9) notes (G, B♭, D, A), compare two keyboard layouts, hear each one and practise chord tones or an exact voicing.""]","[""https://pianogrid.com/chords/g-madd9""]","[{""agent"": ""robots"", ""content"": ""index, follow""}]",,
PG-117,https://pianogrid.com/chords/a-flat-add9,2026-09-24T23:54:28.911263+00:00,200,https://pianogrid.com/chords/a-flat-add9,"[""A♭add9 Piano Chord: Notes, Voicings & Practice | PianoGrid""]","[""A♭add9 Piano Chord""]","[""Find A♭add9 notes (A♭, C, E♭, B♭), compare two keyboard layouts, hear each one and practise chord tones or an exact voicing.""]","[""https://pianogrid.com/chords/a-flat-add9""]","[{""agent"": ""robots"", ""content"": ""index, follow""}]",,
PG-118,https://pianogrid.com/chords/b-madd9,2026-09-24T23:54:28.946526+00:00,200,https://pianogrid.com/chords/b-madd9,"[""Bm(add9) Piano Chord: Notes, Voicings & Practice | PianoGrid""]","[""Bm(add9) Piano Chord""]","[""Find Bm(add9) notes (B, D, F♯, C♯), compare two keyboard layouts, hear each one and practise chord tones or an exact voicing.""]","[""https://pianogrid.com/chords/b-madd9""]","[{""agent"": ""robots"", ""content"": ""index, follow""}]",,
PG-119,https://pianogrid.com/chords/c-madd9,2026-09-24T23:54:30.220082+00:00,200,https://pianogrid.com/chords/c-madd9,"[""Cm(add9) Piano Chord: Notes, Voicings & Practice | PianoGrid""]","[""Cm(add9) Piano Chord""]","[""Find Cm(add9) notes (C, E♭, G, D), compare two keyboard layouts, hear each one and practise chord tones or an exact voicing.""]","[""https://pianogrid.com/chords/c-madd9""]","[{""agent"": ""robots"", ""content"": ""index, follow""}]",,
PG-120,https://pianogrid.com/chords/d-flat-sus4,2026-09-24T23:54:30.464657+00:00,200,https://pianogrid.com/chords/d-flat-sus4,"[""D♭sus4 Chord: Piano Notes, Inversions, Sound & PDF | PianoGrid""]","[""D♭sus4 Chord""]","[""Learn the D♭sus4 chord on piano: D♭, G♭ and A♭. See keyboard diagrams, explore inversions, hear the chord and practice finding its notes.""]","[""https://pianogrid.com/chords/d-flat-sus4""]","[{""agent"": ""robots"", ""content"": ""index, follow""}]",,
PG-121,https://pianogrid.com/chords/f-sharp-add9,2026-09-24T23:54:31.383638+00:00,200,https://pianogrid.com/chords/f-sharp-add9,"[""F♯add9 Piano Chord: Notes, Voicings & Practice | PianoGrid""]","[""F♯add9 Piano Chord""]","[""Find F♯add9 notes (F♯, A♯, C♯, G♯), compare two keyboard layouts, hear each one and practise chord tones or an exact voicing.""]","[""https://pianogrid.com/chords/f-sharp-add9""]","[{""agent"": ""robots"", ""content"": ""index, follow""}]",,
PG-122,https://pianogrid.com/chords/f-sharp-madd9,2026-09-24T23:54:32.122425+00:00,200,https://pianogrid.com/chords/f-sharp-madd9,"[""F♯m(add9) Piano Chord: Notes, Voicings & Practice | PianoGrid""]","[""F♯m(add9) Piano Chord""]","[""Find F♯m(add9) notes (F♯, A, C♯, G♯), compare two keyboard layouts, hear each one and practise chord tones or an exact voicing.""]","[""https://pianogrid.com/chords/f-sharp-madd9""]","[{""agent"": ""robots"", ""content"": ""index, follow""}]",,
PG-123,https://pianogrid.com/chords/f-sharp-sus2,2026-09-24T23:54:32.664650+00:00,200,https://pianogrid.com/chords/f-sharp-sus2,"[""F♯sus2 Chord: Piano Notes, Inversions, Sound & PDF | PianoGrid""]","[""F♯sus2 Chord""]","[""Learn the F♯sus2 chord on piano: F♯, G♯ and C♯. See keyboard diagrams, explore inversions, hear the chord and practice finding its notes.""]","[""https://pianogrid.com/chords/f-sharp-sus2""]","[{""agent"": ""robots"", ""content"": ""index, follow""}]",,
PG-124,https://pianogrid.com/chords/a-flat-madd9,2026-09-24T23:54:33.606613+00:00,200,https://pianogrid.com/chords/a-flat-madd9,"[""A♭m(add9) Piano Chord: Notes, Voicings & Practice | PianoGrid""]","[""A♭m(add9) Piano Chord""]","[""Find A♭m(add9) notes (A♭, C♭, E♭, B♭), compare two keyboard layouts, hear each one and practise chord tones or an exact voicing.""]","[""https://pianogrid.com/chords/a-flat-madd9""]","[{""agent"": ""robots"", ""content"": ""index, follow""}]",,
PG-125,https://pianogrid.com/chords/add,2026-09-24T23:54:34.199194+00:00,200,https://pianogrid.com/chords/add,"[""Add9 Chords: Major & Minor Piano Notes & Voicings | PianoGrid""]","[""Add9 Chords""]","[""Browse 24 major and minor add9 piano chords. Compare notes and two keyboard layouts, practise chord tones, and open printable reference pages.""]","[""https://pianogrid.com/chords/add""]","[{""agent"": ""robots"", ""content"": ""index, follow""}]",,
PG-126,https://pianogrid.com/chords/altered,2026-09-24T23:54:35.189961+00:00,200,https://pianogrid.com/chords/altered,"[""Altered Dominant Chords: Piano Notes, Formulas & Voicings | PianoGrid""]","[""Altered Dominant Chords""]","[""Compare explicit altered dominant chords on piano. Read changed degrees, hear written-note voicings, check omissions and practise a selected example.""]","[""https://pianogrid.com/chords/altered""]","[{""agent"": ""robots"", ""content"": ""index, follow""}]",,
PG-127,https://pianogrid.com/chords/augmented,2026-09-24T23:54:36.113650+00:00,200,https://pianogrid.com/chords/augmented,"[""Augmented Chords: Piano Notes, Formula & Inversions | PianoGrid""]","[""Augmented Chords""]","[""Browse augmented piano triads by root. See notes, the 1–3–♯5 formula, keyboard diagrams and detailed inversion pages.""]","[""https://pianogrid.com/chords/augmented""]","[{""agent"": ""robots"", ""content"": ""index, follow""}]",,
PG-128,https://pianogrid.com/chords/b-diminished,2026-09-24T23:54:36.907649+00:00,200,https://pianogrid.com/chords/b-diminished,"[""B Diminished Piano Chord (Bdim): Notes & Inversions | PianoGrid""]","[""B Diminished Piano Chord""]","[""Find the B diminished chord on piano: B, D, F. See three keyboard positions, sound and a printable reference.""]","[""https://pianogrid.com/chords/b-diminished""]","[{""agent"": ""robots"", ""content"": ""index, follow""}]",,
PG-129,https://pianogrid.com/chords/b-flat-madd9,2026-09-24T23:54:37.567360+00:00,200,https://pianogrid.com/chords/b-flat-madd9,"[""B♭m(add9) Piano Chord: Notes, Voicings & Practice | PianoGrid""]","[""B♭m(add9) Piano Chord""]","[""Find B♭m(add9) notes (B♭, D♭, F, C), compare two keyboard layouts, hear each one and practise chord tones or an exact voicing.""]","[""https://pianogrid.com/chords/b-flat-madd9""]","[{""agent"": ""robots"", ""content"": ""index, follow""}]",,
PG-130,https://pianogrid.com/chords/c-add9,2026-09-24T23:54:38.516066+00:00,200,https://pianogrid.com/chords/c-add9,"[""Cadd9 Piano Chord: Notes, Voicings & Practice | PianoGrid""]","[""Cadd9 Piano Chord""]","[""Find Cadd9 notes (C, E, G, D), compare two keyboard layouts, hear each one and practise chord tones or an exact voicing.""]","[""https://pianogrid.com/chords/c-add9""]","[{""agent"": ""robots"", ""content"": ""index, follow""}]",,
PG-131,https://pianogrid.com/chords/d-flat-add9,2026-09-24T23:54:39.124324+00:00,200,https://pianogrid.com/chords/d-flat-add9,"[""D♭add9 Piano Chord: Notes, Voicings & Practice | PianoGrid""]","[""D♭add9 Piano Chord""]","[""Find D♭add9 notes (D♭, F, A♭, E♭), compare two keyboard layouts, hear each one and practise chord tones or an exact voicing.""]","[""https://pianogrid.com/chords/d-flat-add9""]","[{""agent"": ""robots"", ""content"": ""index, follow""}]",,
PG-132,https://pianogrid.com/chords/d-flat-m7-flat5,2026-09-24T23:54:39.879669+00:00,200,https://pianogrid.com/chords/d-flat-m7-flat5,"[""D♭ Half-Diminished Seventh Piano Chord (D♭m7♭5): Notes & Inversions""]","[""D♭ Half-Diminished Seventh Piano Chord""]","[""Find the d♭ half-diminished seventh chord on piano: D♭, F♭, A𝄫, C♭. See four positions, keyboard notes, sound and a printable reference.""]","[""https://pianogrid.com/chords/d-flat-m7-flat5""]","[{""agent"": ""robots"", ""content"": ""index, follow""}]",,
PG-133,https://pianogrid.com/chords/d-flat-madd9,2026-09-24T23:54:40.369583+00:00,200,https://pianogrid.com/chords/d-flat-madd9,"[""D♭m(add9) Piano Chord: Notes, Voicings & Practice | PianoGrid""]","[""D♭m(add9) Piano Chord""]","[""Find D♭m(add9) notes (D♭, F♭, A♭, E♭), compare two keyboard layouts, hear each one and practise chord tones or an exact voicing.""]","[""https://pianogrid.com/chords/d-flat-madd9""]","[{""agent"": ""robots"", ""content"": ""index, follow""}]",,
PG-134,https://pianogrid.com/chords/d-flat-sus2,2026-09-24T23:54:41.405207+00:00,200,https://pianogrid.com/chords/d-flat-sus2,"[""D♭sus2 Chord: Piano Notes, Inversions, Sound & PDF | PianoGrid""]","[""D♭sus2 Chord""]","[""Learn the D♭sus2 chord on piano: D♭, E♭ and A♭. See keyboard diagrams, explore inversions, hear the chord and practice finding its notes.""]","[""https://pianogrid.com/chords/d-flat-sus2""]","[{""agent"": ""robots"", ""content"": ""index, follow""}]",,
PG-135,https://pianogrid.com/chords/e-flat-madd9,2026-09-24T23:54:41.977280+00:00,200,https://pianogrid.com/chords/e-flat-madd9,"[""E♭m(add9) Piano Chord: Notes, Voicings & Practice | PianoGrid""]","[""E♭m(add9) Piano Chord""]","[""Find E♭m(add9) notes (E♭, G♭, B♭, F), compare two keyboard layouts, hear each one and practise chord tones or an exact voicing.""]","[""https://pianogrid.com/chords/e-flat-madd9""]","[{""agent"": ""robots"", ""content"": ""index, follow""}]",,
PG-136,https://pianogrid.com/chords/extended,2026-09-24T23:54:42.678555+00:00,200,https://pianogrid.com/chords/extended,"[""Extended Chords: 9th, 11th & 13th Piano Chords | PianoGrid""]","[""Extended Chords""]","[""Explore ninth, eleventh and thirteenth piano chords. Compare full formulas with explicit voicing examples, hear the notes and practise a selected layout.""]","[""https://pianogrid.com/chords/extended""]","[{""agent"": ""robots"", ""content"": ""index, follow""}]",,
PG-137,https://pianogrid.com/chords/suspended,2026-09-24T23:54:43.508177+00:00,200,https://pianogrid.com/chords/suspended,"[""Suspended Chords: Sus2 & Sus4 Piano Notes & Inversions | PianoGrid""]","[""Suspended Chords""]","[""Browse sus2 and sus4 piano chords by root. Compare 1–2–5 with 1–4–5, see keyboard diagrams and detailed inversion pages.""]","[""https://pianogrid.com/chords/suspended""]","[{""agent"": ""robots"", ""content"": ""index, follow""}]",,
PG-138,https://pianogrid.com/sheet-music/ode-to-joy,2026-09-24T23:54:44.276757+00:00,200,https://pianogrid.com/sheet-music/ode-to-joy,"[""Ode to Joy Piano Sheet Music: Edition & Access | PianoGrid""]","[""Ode to Joy Piano Sheet Music""]","[""Check the Early Elementary Ode to Joy edition from Hoffman Academy. See access conditions and version details before choosing materials for practice.""]","[""https://pianogrid.com/sheet-music/ode-to-joy""]","[{""agent"": ""robots"", ""content"": ""index, follow""}]",,
PG-139,https://pianogrid.com/sheet-music/twinkle-twinkle-little-star,2026-09-24T23:54:45.159651+00:00,200,https://pianogrid.com/sheet-music/twinkle-twinkle-little-star,"[""Twinkle, Twinkle Piano Sheet Music: Edition & Plan | PianoGrid""]","[""Twinkle, Twinkle, Little Star Piano Sheet Music""]","[""Check the Early Elementary Twinkle, Twinkle, Little Star edition from Hoffman Academy, its external access requirements and a focused 10-minute practice plan.""]","[""https://pianogrid.com/sheet-music/twinkle-twinkle-little-star""]","[{""agent"": ""robots"", ""content"": ""index, follow""}]",,
PG-140,https://pianogrid.com/tools,2026-09-24T23:54:45.495077+00:00,200,https://pianogrid.com/tools,"[""Piano Tools & Printables for Practice | PianoGrid""]","[""Piano Tools and Printables""]","[""Find piano notes, chords and scales, try a listening comparison, or choose a printable reference for your next practice session.""]","[""https://pianogrid.com/tools""]","[{""agent"": ""robots"", ""content"": ""index, follow""}]",,
PG-141,https://pianogrid.com/tools/hear-the-difference,2026-09-24T23:54:46.436927+00:00,200,https://pianogrid.com/tools/hear-the-difference,"[""Major vs Minor Piano Chords: Hear the Difference | PianoGrid""]","[""Hear the Difference Between Major and Minor Chords""]","[""Listen to minor and major piano chords, find the one note that changes, and see how raising the third by one semitone changes the chord.""]","[""https://pianogrid.com/tools/hear-the-difference""]","[{""agent"": ""robots"", ""content"": ""index, follow""}]",,
